product_id,product_category,product_name,review_description,number_stars,review_date,customer_id,customer_name,zip_code,customer_age
P6925-691,Home & Kitchen,Air Purifier,"Not very satisfied, has several problems.",2,2023-12-13,C16006,Taylor Lee,4814-58,36
P9751-846,Electronics,4K Ultra HD Smart TV,"Not very satisfied, has several problems.",2,30-11-2020,C93886,M. Taylor,1916,35
P7482-758,Home & Kitchen,Electric Kettle,Good product overall with minor issues.,4,10/19/2020,C93886,M. Taylor,1916,35
P2489-873,Electronics,USB-C Fast Charger,"Very disappointed, would not recommend.",1,2024-10-29,C30969,PAT HERNANDEZ,07252,33
P6573-214,Books,Cookbook: Easy Weeknight Meals,"Average experience, nothing special.",3,09/06/2022,C44522,Morgan  Brown,2743-48,22
P6310-600,Books,Productivity Guidebook,"Very disappointed, would not recommend.",1,08/17/2020,C50306,taylor smith,2290,27
P7932-316,Electronics,Fitness Smartwatch,"Great quality, very happy with this purchase.",5,26 Mar 2024,C50857,Pat  Garcia,9479 HH,25
P6413-172,Home & Kitchen,Non-Stick Frying Pan Set,"Great quality, very happy with this purchase.",5,05/02/2021,C38080,M. Brown,8744,38
P1993-512,Sports,Yoga Mat,"Average experience, nothing special.",3,2024-06-27,C34931,MORGAN DUBOIS,4006 HC,42
P3724-516,Sports,Adjustable Dumbbell Set,Good product overall with minor issues.,4,12/09/2022,C17685,SAM MARTINS,7396 ZZ,38
P1958-693,Electronics,4K Ultra HD Smart TV,"Great quality, very happy with this purchase.",5,04 May 2020,C16572,Casey  Dubois,9701,63
P5033-692,Pet Supplies,Pet Grooming Brush,"Great quality, very happy with this purchase.",5,"Mar 22, 2020",C16572,Casey  Dubois,9701,63
P5915-568,Home & Kitchen,Memory Foam Pillow,"Average experience, nothing special.",3,2024-03-19,C16572,Casey  Dubois,9701,63
P5002-478,Pet Supplies,Grain-Free Dog Food,"Average experience, nothing special.",3,19-11-2020,C49651,CASEY DE VRIES,5905-23,65
P4335-803,Home & Kitchen,Stainless Steel Knife Block,"Average experience, nothing special.",3,01-11-2022,C16658,Jamie Martins,1722,53
P9938-136,Pet Supplies,Cat Scratching Post,"Average experience, nothing special.",3,"Apr 07, 2023",C30969,PAT HERNANDEZ,07252,33
P2684-462,Home & Kitchen,Memory Foam Pillow,"Great quality, very happy with this purchase.",5,15-12-2024,C30257,Taylor Brown,3900-13,35
P7267-993,Electronics,Wireless Noise-Cancelling Headphones,"Very disappointed, would not recommend.",1,24-10-2024,C70332,Chris Lee,4728,57
P6425-128,Clothing,Wool Winter Scarf,"Very disappointed, would not recommend.",1,12/01/2024,C44795,Alex  Johnson,06663,44
P9821-803,Clothing,Wool Winter Scarf,"Not very satisfied, has several problems.",2,15-01-2022,C49651,CASEY DE VRIES,5905-23,65
P6344-512,Clothing,Running Sneakers,"Average experience, nothing special.",3,09/02/2023,C97153,P. Brown,5930 AJ,38
P2389-390,Clothing,Slim Fit Jeans,"Great quality, very happy with this purchase.",5,21 Sep 2023,C22240,taylor lee,4262,40
P9099-509,Sports,Running Shorts,"Not very satisfied, has several problems.",2,29 Oct 2020,C23970,PAT TAYLOR,9486 RH,64
P9270-536,Pet Supplies,Cat Litter Odor Control,"Great quality, very happy with this purchase.",5,02/07/2022,C72216,R. Lee,5543-76,32
P3471-336,Books,Thriller Novel,Good product overall with minor issues.,4,22/11/2023,C18418,pat martins,8633 GN,43
P7389-973,Pet Supplies,Dog Chew Toy,Good product overall with minor issues.,4,07 Jan 2023,C89069,taylor dubois,8140 MK,57
P1444-185,Groceries,Dark Chocolate Bar,Good product overall with minor issues.,4,04-10-2020,C44099,pat garcia,6355 MI,58
P1659-872,Home & Kitchen,Non-Stick Frying Pan Set,"Very disappointed, would not recommend.",1,21/05/2021,C91439,SAM TAYLOR,02874,33
P2771-692,Toys,Remote Control Car,"Very disappointed, would not recommend.",1,"Sep 30, 2021",C59192,PAT TAYLOR,4978,48
P1207-969,Electronics,Bluetooth Portable Speaker,Good product overall with minor issues.,4,11-08-2024,C16658,Jamie Martins,1722,53
P9817-893,Office,Mechanical Keyboard,Good product overall with minor issues.,4,10-08-2022,C87656,Jordan Garcia,2419 OH,57
P5526-669,Home & Kitchen,Stainless Steel Knife Block,"Very disappointed, would not recommend.",1,24/11/2022,C59192,PAT TAYLOR,4978,48
P2524-401,Clothing,Organic Cotton T-Shirt,"Not very satisfied, has several problems.",2,08 Apr 2022,C97026,Casey  Garcia,9698 XR,39
P4138-321,Books,Thriller Novel,Good product overall with minor issues.,4,20 Jul 2021,C78765,Casey Lee,4180 LF,42
P2680-993,Beauty,Nourishing Hair Mask,"Very disappointed, would not recommend.",1,03/21/2023,C67733,Chris Brown,5136-71,27
P2395-354,Books,Cookbook: Easy Weeknight Meals,"Very disappointed, would not recommend.",1,16-02-2023,C91057,taylor de vries,8253 SN,44
P3573-345,Home & Kitchen,Non-Stick Frying Pan Set,"Not very satisfied, has several problems.",2,2023-02-04,C63545,Robin  Hernandez,1534,59
P7965-217,Toys,Educational Puzzle Game,"Great quality, very happy with this purchase.",5,05 Apr 2021,C17685,SAM MARTINS,7396 ZZ,38
P8195-227,Books,Cookbook: Easy Weeknight Meals,Good product overall with minor issues.,4,11/11/2023,C45683,Morgan  De  Vries,02317,23
P5415-690,Books,Productivity Guidebook,"Very disappointed, would not recommend.",1,11/04/2024,C95394,ROBIN LEE,08141,27
P5722-778,Clothing,Running Sneakers,Good product overall with minor issues.,4,"Jul 24, 2024",C50857,Pat  Garcia,9479 HH,25
P8569-523,Office,Desk Organizer,"Very disappointed, would not recommend.",1,"Jan 19, 2021",C75338,robin smith,9998,40
P7684-195,Books,Sci-Fi Adventure,"Not very satisfied, has several problems.",2,2024-09-19,C25396,Sam Dubois,05781,40
P2143-382,Clothing,Slim Fit Jeans,Good product overall with minor issues.,4,"Nov 27, 2021",C10336,Jordan Lee,9022-67,36
P7274-339,Office,Wireless Mouse,Good product overall with minor issues.,4,03/30/2020,C59968,Pat  Brown,1606,71
P3529-176,Sports,Running Shorts,Good product overall with minor issues.,4,05/19/2024,C62098,Jamie Garcia,9742 KU,60
P8110-200,Office,Ergonomic Office Chair,"Very disappointed, would not recommend.",1,27/06/2022,C13794,A. Garcia,5806 NE,38
P9153-697,Books,Thriller Novel,"Not very satisfied, has several problems.",2,20-04-2021,C70236,Jordan Smith,8622-96,27
P4263-493,Home & Kitchen,Stainless Steel Knife Block,Good product overall with minor issues.,4,06/08/2020,C57049,Casey Lee,5837,21
P5689-894,Books,Personal Finance Basics,"Not very satisfied, has several problems.",2,05/28/2023,C34920,C. Lee,03240,62
P3877-305,Home & Kitchen,Electric Kettle,"Not very satisfied, has several problems.",2,"May 29, 2024",C57953,Morgan De Vries,3695 PZ,35
P6992-192,Beauty,Nourishing Hair Mask,Good product overall with minor issues.,4,01/29/2020,C69609,Chris  Lee,7086,25
P5951-764,Beauty,Nourishing Hair Mask,Good product overall with minor issues.,4,26/08/2020,C30969,PAT HERNANDEZ,07252,33
P7866-701,Clothing,Wool Winter Scarf,Performance is inconsistent and that’s annoying.,2,28/01/2024,C95841,J. Dubois,5583,39
P1992-507,Groceries,Gluten-Free Pasta,"Average experience, nothing special.",3,2021-01-23,C69600,J. Taylor,1349,29
P6383-892,Toys,Educational Puzzle Game,"Not very satisfied, has several problems.",2,"Jun 03, 2024",C16572,Casey  Dubois,9701,63
P4898-702,Electronics,Bluetooth Portable Speaker,"Average experience, nothing special.",3,02/02/2020,C26614,PAT DE VRIES,2041 YL,28
P8504-758,Beauty,Daily SPF 50 Sunscreen,"Very disappointed, would not recommend.",1,04-05-2020,C65872,J. Dubois,8267,44
P9692-401,Clothing,Wool Winter Scarf,Good product overall with minor issues.,4,"Nov 01, 2022",C24996,Morgan  Taylor,4743 OM,28
P2398-195,Clothing,Organic Cotton T-Shirt,Good product overall with minor issues.,4,16 Jul 2020,C27054,Morgan  Smith,06400,38
P3535-772,Books,Thriller Novel,Good product overall with minor issues.,4,2021-04-04,C82910,C. Johnson,4705-81,80
P5477-819,Home & Kitchen,Memory Foam Pillow,"Average experience, nothing special.",3,11/26/2021,C16572,Casey  Dubois,9701,63
P7163-529,Sports,Adjustable Dumbbell Set,Good product overall with minor issues.,4,29/11/2021,C52517,CASEY HERNANDEZ,1861,46
P2864-453,Home & Kitchen,Air Purifier,,4,08/15/2020,C87743,R. De Vries,1744,62
P9149-864,Home & Kitchen,Non-Stick Frying Pan Set,Good product overall with minor issues.,4,25/12/2020,C40161,Morgan De Vries,6802,18
P5743-217,Clothing,Running Sneakers,Good product overall with minor issues.,4,02/12/2020,C91018,ROBIN GARCIA,2734,41
P9693-622,Electronics,Wireless Noise-Cancelling Headphones,"Not very satisfied, has several problems.",2,05/08/2024,C94599,SAM TAYLOR,5193,47
P6295-984,Clothing,Wool Winter Scarf,"Average experience, nothing special.",3,05-11-2020,C91057,taylor de vries,8253 SN,44
P1932-477,Clothing,Organic Cotton T-Shirt,"Average experience, nothing special.",3,06 Jun 2020,C21835,Casey  Hernandez,08581,62
P8381-205,Electronics,Wireless Noise-Cancelling Headphones,"Average experience, nothing special.",3,2024-01-02,C32617,A. Taylor,08199,56
P2079-437,Toys,Remote Control Car,"Very disappointed, would not recommend.",1,16 Feb 2023,C43029,casey brown,3317-49,73
P9624-195,Home & Kitchen,Memory Foam Pillow,Good product overall with minor issues.,4,11/07/2022,C18418,pat martins,8633 GN,43
P5846-964,Electronics,Wireless Noise-Cancelling Headphones,"Very disappointed, would not recommend.",1,"Nov 05, 2022",C79013,Alex Garcia,03147,30
P8277-725,Clothing,Slim Fit Jeans,"Average experience, nothing special.",3,20 Mar 2024,C40671,morgan taylor,8684-34,43
P3267-993,Office,Wireless Mouse,"Average experience, nothing special.",3,16 Apr 2020,C58655,M. Johnson,9452-46,30
P6727-127,Home & Kitchen,Electric Kettle,Good product overall with minor issues.,4,19-04-2020,C40903,pat johnson,1461 DW,49
P1086-181,Beauty,Nourishing Hair Mask,"Very disappointed, would not recommend.",1,08/06/2021,C81932,Casey  De  Vries,5720,32
P9443-688,Books,Productivity Guidebook,"Not very satisfied, has several problems.",2,11/01/2024,C10205,casey garcia,7825,56
P1713-750,Clothing,Running Sneakers,Good product overall with minor issues.,4,02/03/2022,C56805,jamie garcia,2698-52,36
P3209-164,Beauty,Matte Liquid Lipstick,Good product overall with minor issues.,4,03/16/2020,C36144,Alex Garcia,9444 RP,31
P7553-861,Toys,Plush Teddy Bear,Good product overall with minor issues.,4,03/02/2022,C75038,Robin Garcia,9507 CX,38
P8305-717,Beauty,Daily SPF 50 Sunscreen,Good product overall with minor issues.,4,07 Dec 2020,C68606,A. Garcia,8126 ZB,37
P1570-229,Books,Personal Finance Basics,"Very disappointed, would not recommend.",1,28 Apr 2021,C60181,C. Smith,8371-57,27
P9176-630,Electronics,4K Ultra HD Smart TV,Good product overall with minor issues.,4,2023-02-24,C44116,Robin Taylor,05678,67
P6692-826,Electronics,Bluetooth Portable Speaker,"Very disappointed, would not recommend.",1,"Jan 31, 2023",C49315,S. Brown,9335,65
P2412-167,Office,Wireless Mouse,"Average experience, nothing special.",3,26 Mar 2022,C78903,Pat Martins,2208,27
P3114-543,Beauty,Matte Liquid Lipstick,"Great quality, very happy with this purchase.",5,2024-11-13,C77908,SAM LEE,6286-38,41
P9740-195,Electronics,Bluetooth Portable Speaker,"Great quality, very happy with this purchase.",5,05/08/2023,C86106,S. Brown,6531-82,25
P1496-609,Books,Sci-Fi Adventure,"Great quality, very happy with this purchase.",5,16 Aug 2021,C73300,taylor martins,02195,38
P7532-233,Sports,Cycling Helmet,"Average experience, nothing special.",3,"Nov 20, 2022",C45683,Morgan  De  Vries,02317,23
P7850-354,Clothing,Wool Winter Scarf,"Not very satisfied, has several problems.",2,07/24/2024,C50988,Taylor  Brown,9433 JP,37
P5681-649,Clothing,Running Sneakers,"Very disappointed, would not recommend.",1,2024-10-01,C44664,chris martins,7563,36
P2946-231,Office,Desk Organizer,"Very disappointed, would not recommend.",1,03/17/2022,C54444,M. Garcia,04261,26
P3290-435,Books,Sci-Fi Adventure,"Great quality, very happy with this purchase.",5,14/10/2021,C90805,jordan hernandez,09351,54
P8775-371,Home & Kitchen,Non-Stick Frying Pan Set,"Great quality, very happy with this purchase.",5,28/03/2023,C86483,Robin  Brown,7229,46
P7723-613,Clothing,Slim Fit Jeans,"Great quality, very happy with this purchase.",5,23 Aug 2022,C28098,Morgan  Taylor,08837,30
P8932-296,Beauty,Daily SPF 50 Sunscreen,"Not very satisfied, has several problems.",2,"Jul 25, 2021",C49008,J. Taylor,9011 LR,69
P5758-143,Home & Kitchen,Memory Foam Pillow,"Average experience, nothing special.",3,2024-01-02,C67983,jordan dubois,9824 RW,28
P2641-523,Beauty,Hydrating Face Serum,,3,09-01-2024,C23970,PAT TAYLOR,9486 RH,64
P4267-874,Groceries,Extra Virgin Olive Oil,"Average experience, nothing special.",3,10/19/2021,C21725,Casey  Taylor,1611-32,30
P1613-109,Sports,Cycling Helmet,"Average experience, nothing special.",3,"Mar 09, 2023",C69609,Chris  Lee,7086,25
P5470-297,Groceries,Extra Virgin Olive Oil,"Very disappointed, would not recommend.",1,08/11/2021,C94972,JORDAN BROWN,6523-82,51
P4027-243,Electronics,Wireless Noise-Cancelling Headphones,Good product overall with minor issues.,4,24/10/2021,C82910,C. Johnson,4705-81,80
P4871-163,Electronics,Bluetooth Portable Speaker,"Very disappointed, would not recommend.",1,08/11/2022,C99925,M. Lee,5833 HH,76
P4578-880,Clothing,Wool Winter Scarf,"Not very satisfied, has several problems.",2,"Oct 25, 2023",C20730,Morgan  Dubois,6927,26
P2904-796,Groceries,Extra Virgin Olive Oil,"Not very satisfied, has several problems.",2,"Jan 08, 2024",C76895,Robin  Smith,9409 SB,34
P2044-654,Electronics,Bluetooth Portable Speaker,"Very disappointed, would not recommend.",1,21-05-2020,C40161,Morgan De Vries,6802,18
P8348-990,Home & Kitchen,Electric Kettle,Good product overall with minor issues.,4,2022-02-08,C96742,M. Brown,6697,
P7948-644,Home & Kitchen,Air Purifier,Good product overall with minor issues.,4,13/08/2024,C55371,SAM LEE,2848,45
P1724-511,Groceries,Whole Bean Coffee,Good product overall with minor issues.,4,"Apr 24, 2021",C17398,Sam De Vries,4836-83,44
P5923-381,Clothing,Running Sneakers,"Very disappointed, would not recommend.",1,"Feb 14, 2023",C32955,Pat  De  Vries,6642-95,41
P5927-978,Clothing,Slim Fit Jeans,"Not very satisfied, has several problems.",2,08-07-2024,C83713,Pat  Martins,3196 IG,27
P1647-994,Home & Kitchen,Air Purifier,"Very disappointed, would not recommend.",1,"Jan 20, 2021",C83249,taylor dubois,6455 AG,64
P6269-894,Clothing,Slim Fit Jeans,"Average experience, nothing special.",3,18-02-2022,C57088,jordan lee,9147 ZX,35
P7841-402,Electronics,Bluetooth Portable Speaker,"Not very satisfied, has several problems.",2,02/05/2021,C84683,Taylor  Dubois,6530 PX,60
P1962-636,Electronics,Fitness Smartwatch,"Very disappointed, would not recommend.",1,2024-09-14,C97584,Alex  Smith,4791,31
P1257-106,Clothing,Running Sneakers,"Great quality, very happy with this purchase.",5,03-02-2023,C68606,A. Garcia,8126 ZB,37
P2753-198,Clothing,Slim Fit Jeans,"Great quality, very happy with this purchase.",5,31/10/2020,C79003,jordan garcia,7502,75
P2531-515,Beauty,Hydrating Face Serum,Good product overall with minor issues.,4,"Feb 11, 2022",C93459,ALEX BROWN,08109,28
P1762-176,Books,Cookbook: Easy Weeknight Meals,"Average experience, nothing special.",3,"Jan 17, 2023",C33508,Chris Smith,3362-60,70
P2284-612,Home & Kitchen,Memory Foam Pillow,"Average experience, nothing special.",3,2020-04-19,C19963,C. Hernandez,7499-51,33
P7227-187,Electronics,Fitness Smartwatch,"Great quality, very happy with this purchase.",5,27/08/2021,C20752,jordan brown,03527,28
P8353-670,Electronics,USB-C Fast Charger,"Great quality, very happy with this purchase.",5,15-11-2022,C16658,Jamie Martins,1722,53
P2387-842,Home & Kitchen,Electric Kettle,"Great quality, very happy with this purchase.",5,"May 12, 2021",C99825,PAT BROWN,5933 EC,33
P4203-568,Books,Sci-Fi Adventure,"Very disappointed, would not recommend.",1,10/04/2020,C52517,CASEY HERNANDEZ,1861,46
P3230-407,Toys,Family Board Game,"Average experience, nothing special.",3,20 May 2023,C51180,Sam Martins,05775,52
P3947-798,Electronics,Fitness Smartwatch,"Great quality, very happy with this purchase.",5,25 Feb 2020,C37479,Robin Lee,2133-62,49
P8851-696,Electronics,Fitness Smartwatch,Good product overall with minor issues.,4,"Dec 30, 2022",C64827,M. Smith,06890,22
P7547-870,Beauty,Hydrating Face Serum,"Average experience, nothing special.",3,18-06-2024,C30257,Taylor Brown,3900-13,35
P8586-890,Clothing,Running Sneakers,"Great quality, very happy with this purchase.",5,"Nov 15, 2023",C13219,robin johnson,2406,65
P6225-168,Electronics,USB-C Fast Charger,"Average experience, nothing special.",3,01 Apr 2020,C95841,J. Dubois,5583,39
P6422-673,Electronics,4K Ultra HD Smart TV,Good product overall with minor issues.,4,04/08/2022,C92543,S. Brown,8080 XT,21
P2667-918,Toys,Building Block Set,"Great quality, very happy with this purchase.",5,01/17/2021,C69972,J. Lee,09019,57
P2388-788,Toys,Remote Control Car,"Not very satisfied, has several problems.",2,2021-10-03,C25328,S. Garcia,9369 TE,38
P5732-243,Books,Personal Finance Basics,"Not very satisfied, has several problems.",2,06-10-2021,C57059,ALEX DUBOIS,7290-74,58
P5785-133,Electronics,4K Ultra HD Smart TV,"Average experience, nothing special.",3,"Apr 05, 2021",C69942,Casey  Dubois,02854,42
P2677-853,Books,Personal Finance Basics,"Not very satisfied, has several problems.",2,2021-09-01,C55688,Jamie Dubois,2923-40,43
P1972-683,Toys,Educational Puzzle Game,"Average experience, nothing special.",3,12/26/2022,C32069,chris lee,5380-75,64
P5090-249,Beauty,Matte Liquid Lipstick,"Average experience, nothing special.",3,23/08/2024,C98635,PAT DUBOIS,05402,27
P8449-599,Pet Supplies,Dog Chew Toy,"Average experience, nothing special.",3,2023-04-06,C22208,Robin Garcia,9756 NG,35
P1752-201,Home & Kitchen,Non-Stick Frying Pan Set,Good product overall with minor issues.,4,2020-02-03,C30707,ROBIN DUBOIS,8009,49
P7092-780,Home & Kitchen,Non-Stick Frying Pan Set,"Not very satisfied, has several problems.",2,16-04-2020,C40689,P. Johnson,,43
P3165-589,Office,A4 Printer Paper,"Very disappointed, would not recommend.",1,13-04-2021,C51180,Sam Martins,05775,52
P3340-170,Sports,Adjustable Dumbbell Set,"Great quality, very happy with this purchase.",5,2023-02-27,C31511,R. Garcia,3480-88,51
P3290-353,Office,Mechanical Keyboard,"Average experience, nothing special.",3,2023-08-13,C88774,casey hernandez,1439-94,19
P9108-495,Groceries,Whole Bean Coffee,"Very disappointed, would not recommend.",1,08-05-2021,C19307,Morgan Smith,6185,22
P2106-114,Electronics,Fitness Smartwatch,"Average experience, nothing special.",3,2021-03-17,C62163,M. Lee,9209-64,47
P9788-434,Pet Supplies,Cat Scratching Post,Good product overall with minor issues.,4,16 Apr 2023,C95175,J. Lee,4909,38
P3248-818,Electronics,Wireless Noise-Cancelling Headphones,"Very disappointed, would not recommend.",1,01-12-2020,C78551,MORGAN LEE,03079,23
P2262-608,Electronics,Fitness Smartwatch,Good product overall with minor issues.,4,11/12/2022,C25328,S. Garcia,9369 TE,38
P9336-102,Sports,Adjustable Dumbbell Set,"Very disappointed, would not recommend.",1,2024-10-24,C71835,Chris Martins,3932-14,38
P9225-789,Books,Productivity Guidebook,"Very disappointed, would not recommend.",1,02/01/2021,C16019,Pat Johnson,5625-49,42
P9083-891,Home & Kitchen,Stainless Steel Knife Block,"Not very satisfied, has several problems.",2,"Feb 09, 2024",C42129,,1391,25
P4902-529,Electronics,Fitness Smartwatch,Good product overall with minor issues.,4,02/05/2020,C22193,Alex Taylor,9515 LO,63
P4879-398,Electronics,4K Ultra HD Smart TV,"Average experience, nothing special.",3,10/08/2024,C61505,Chris  Garcia,4827,43
P8404-415,Home & Kitchen,Memory Foam Pillow,Good product overall with minor issues.,4,2021-06-26,C54444,M. Garcia,04261,26
P6828-505,Electronics,4K Ultra HD Smart TV,"Great quality, very happy with this purchase.",5,10 Apr 2020,C32789,Alex Martins,5093,29
P5240-932,Clothing,Organic Cotton T-Shirt,"Very disappointed, would not recommend.",1,2020-02-14,C94670,ROBIN BROWN,6432,62
P6799-319,Beauty,Matte Liquid Lipstick,"Not very satisfied, has several problems.",2,07/17/2021,C29481,A. Hernandez,05026,42
P9907-913,Toys,Educational Puzzle Game,"Very disappointed, would not recommend.",1,22 Feb 2022,C81371,Robin Garcia,9231 IF,44
P4813-263,Clothing,Wool Winter Scarf,"Very disappointed, would not recommend.",1,22 May 2021,C79951,Alex  Taylor,7363 FF,35
P3328-676,Pet Supplies,Pet Grooming Brush,,2,09-09-2024,C33010,ROBIN SMITH,04811,40
P1975-122,Pet Supplies,Dog Chew Toy,"Not very satisfied, has several problems.",2,16 Apr 2023,C24538,Morgan Garcia,07120,48
P6198-278,Beauty,Nourishing Hair Mask,"Great quality, very happy with this purchase.",5,"Nov 21, 2023",C39260,casey brown,5825,57
P4619-754,Toys,Family Board Game,"Great quality, very happy with this purchase.",5,01-08-2020,C18418,pat martins,8633 GN,43
P8317-111,Beauty,Daily SPF 50 Sunscreen,"Average experience, nothing special.",3,05/03/2021,C55938,J. Johnson,1788 XN,74
P3664-562,Groceries,Whole Bean Coffee,"Very disappointed, would not recommend.",1,2024-06-24,C51774,JORDAN JOHNSON,3787-30,47
P8113-260,Beauty,Gentle Face Cleanser,"Very disappointed, would not recommend.",1,,C34901,P. De Vries,9849 JJ,26
P8869-304,Electronics,Fitness Smartwatch,"Very disappointed, would not recommend.",1,22/02/2020,C48248,Jamie Dubois,6052-70,33
P8204-576,Clothing,Waterproof Hiking Jacket,"Average experience, nothing special.",3,04/08/2021,C29808,J. Johnson,9871 YS,26
P8803-406,Clothing,Slim Fit Jeans,"Very disappointed, would not recommend.",1,19 Mar 2022,C81371,Robin Garcia,9231 IF,44
P4471-927,Electronics,4K Ultra HD Smart TV,"Not very satisfied, has several problems.",2,2020-09-15,C99538,Pat Taylor,3422-43,27
P9561-900,Pet Supplies,Grain-Free Dog Food,Good product overall with minor issues.,4,18-08-2020,C97026,Casey  Garcia,9698 XR,39
P5327-492,Home & Kitchen,Electric Kettle,Good product overall with minor issues.,4,"Mar 17, 2023",C32570,JORDAN MARTINS,7581,20
P6094-387,Home & Kitchen,Stainless Steel Knife Block,Good product overall with minor issues.,4,23 Oct 2024,C39878,Sam Lee,8259-51,38
P7126-940,Clothing,Wool Winter Scarf,"Very disappointed, would not recommend.",1,21/11/2022,C32789,Alex Martins,5093,29
P1944-355,Groceries,Whole Bean Coffee,"Very disappointed, would not recommend.",1,2022-07-23,C36097,Jordan Garcia,9275 DV,36
P2480-391,Home & Kitchen,Stainless Steel Knife Block,"Very disappointed, would not recommend.",1,2022-03-02,C85007,T. Taylor,4387 NQ,25
P5511-533,Books,Cookbook: Easy Weeknight Meals,Good product overall with minor issues.,4,10/10/2024,C38601,R. Lee,07506,36
P6327-982,Home & Kitchen,Stainless Steel Knife Block,"Average experience, nothing special.",3,18 Jun 2021,C95389,JORDAN TAYLOR,4937-86,35
P1578-697,Clothing,Running Sneakers,"Great quality, very happy with this purchase.",5,29/07/2024,C39145,Morgan Dubois,06873,24
P3999-796,Sports,Foam Roller,"Average experience, nothing special.",3,2023-09-02,C39272,J. Martins,6428 SJ,28
P2963-988,Groceries,Dark Chocolate Bar,Good product overall with minor issues.,4,12/21/2022,C29762,sam taylor,8496,19
P4430-879,Electronics,Bluetooth Portable Speaker,"Not very satisfied, has several problems.",2,26/03/2023,C21539,Sam  Hernandez,8035 PM,42
P5076-331,Electronics,Wireless Noise-Cancelling Headphones,"Average experience, nothing special.",3,01/10/2021,C61505,Chris  Garcia,4827,43
P9587-445,Sports,Foam Roller,Good product overall with minor issues.,4,23 Dec 2024,C54922,R. Garcia,3701-61,32
P7147-997,Home & Kitchen,Non-Stick Frying Pan Set,"Average experience, nothing special.",3,"Apr 28, 2024",C87846,A. Johnson,1323,39
P7895-777,Beauty,Daily SPF 50 Sunscreen,"Very disappointed, would not recommend.",1,"Sep 18, 2023",C89381,Sam Martins,02718,54
P6864-820,Clothing,Slim Fit Jeans,Good product overall with minor issues.,4,27/08/2021,C22193,Alex Taylor,9515 LO,63
P9095-252,Electronics,Wireless Noise-Cancelling Headphones,"Very disappointed, would not recommend.",1,"May 15, 2024",C97026,Casey  Garcia,9698 XR,39
P1646-972,Electronics,4K Ultra HD Smart TV,"Average experience, nothing special.",3,07 Jan 2022,C25191,JAMIE SMITH,03267,36
P7566-509,Home & Kitchen,Non-Stick Frying Pan Set,Good product overall with minor issues.,4,10-07-2021,C72684,PAT BROWN,1960-30,43
P8914-599,Books,Thriller Novel,"Very disappointed, would not recommend.",1,22-12-2024,C18301,JORDAN GARCIA,9598-83,52
P8895-454,Electronics,4K Ultra HD Smart TV,Good product overall with minor issues.,4,"Oct 31, 2020",C90335,A. Smith,03571,40
P7203-512,Electronics,4K Ultra HD Smart TV,"Not very satisfied, has several problems.",2,10-06-2020,C85108,Robin Johnson,8324 PX,48
P9328-675,Office,Mechanical Keyboard,"Not very satisfied, has several problems.",2,02 Sep 2023,C54676,Chris Smith,8445 YT,36
P9973-634,Toys,Remote Control Car,"Average experience, nothing special.",3,2023-12-08,C69609,Chris  Lee,7086,25
P7437-320,Electronics,Wireless Noise-Cancelling Headphones,Good product overall with minor issues.,4,15/08/2024,C24125,Pat Smith,3018-67,43
P8912-620,Pet Supplies,Pet Grooming Brush,"Not very satisfied, has several problems.",2,"Nov 17, 2023",C26827,J. Martins,06273,44
P3263-522,Clothing,Slim Fit Jeans,"Great quality, very happy with this purchase.",5,04 Dec 2023,C81802,C. De Vries,4291,56
P2890-879,Books,Cookbook: Easy Weeknight Meals,"Average experience, nothing special.",3,25-02-2023,C97445,pat de vries,7920-76,37
P3399-959,Home & Kitchen,Stainless Steel Knife Block,"Very disappointed, would not recommend.",1,11/15/2023,C80932,Alex Garcia,02679,52
P7251-496,Home & Kitchen,Non-Stick Frying Pan Set,Good product overall with minor issues.,4,02 Jun 2024,C82368,A. Smith,04327,59
P4218-894,Books,Sci-Fi Adventure,"Not very satisfied, has several problems.",2,25-08-2021,C99477,Jamie Brown,9418,33
P1654-257,Beauty,Matte Liquid Lipstick,Very poor experience. The product stopped working after just a few uses.,1,2023-05-07,C91968,Casey  Lee,6866,52
P4624-318,Clothing,Waterproof Hiking Jacket,"Average experience, nothing special.",3,11/09/2021,C91039,Morgan Dubois,1144,32
P7322-362,Home & Kitchen,Non-Stick Frying Pan Set,"Great quality, very happy with this purchase.",5,01/22/2024,C81371,Robin Garcia,9231 IF,44
P6248-626,Groceries,Whole Bean Coffee,"Very disappointed, would not recommend.",1,15/07/2020,C80513,M. Smith,04453,58
P3519-124,Clothing,Organic Cotton T-Shirt,Good product overall with minor issues.,4,01/08/2024,C72216,R. Lee,5543-76,32
P8391-745,Home & Kitchen,Electric Kettle,Good product overall with minor issues.,4,06/05/2022,C45683,Morgan  De  Vries,02317,23
P6860-614,Beauty,Hydrating Face Serum,"Very disappointed, would not recommend.",1,16 Aug 2021,C21338,jordan dubois,1504 RH,37
P1182-666,Groceries,Gluten-Free Pasta,"Great quality, very happy with this purchase.",5,2020-10-16,C85007,T. Taylor,4387 NQ,25
P4469-522,Groceries,Gluten-Free Pasta,"Great quality, very happy with this purchase.",5,18/10/2020,C90856,JORDAN TAYLOR,1891-80,42
P3100-787,Pet Supplies,Dog Chew Toy,"Not very satisfied, has several problems.",2,07/23/2020,C35362,Chris  Dubois,06008,
P5533-960,Home & Kitchen,Electric Kettle,"Average experience, nothing special.",3,02 Oct 2020,C72908,robin dubois,6004 DF,47
P2235-119,Groceries,Organic Almond Butter,"Great quality, very happy with this purchase.",5,2023-07-17,C85877,pat hernandez,01600,42
P3193-575,Sports,Cycling Helmet,"Great quality, very happy with this purchase.",5,2022-11-11,C75820,Alex Taylor,3717-27,30
P4585-879,Pet Supplies,Grain-Free Dog Food,Does the basics but lacks the extra features I expected.,3,2021-04-19,C40673,Alex  Taylor,6918 OB,35
P3848-485,Books,Sci-Fi Adventure,Good product overall with minor issues.,4,"Jan 18, 2022",C20202,morgan lee,04651,36
P9430-758,Electronics,Wireless Noise-Cancelling Headphones,"Average experience, nothing special.",3,09/03/2021,C57477,C. Johnson,7793-24,40
P3639-237,Electronics,Fitness Smartwatch,"Great quality, very happy with this purchase.",5,"Mar 21, 2020",C69609,Chris  Lee,7086,25
P2404-321,Electronics,Bluetooth Portable Speaker,Good product overall with minor issues.,4,27-05-2023,C32356,T. Martins,03979,30
P1271-307,Clothing,Organic Cotton T-Shirt,"Great quality, very happy with this purchase.",5,,C29603,CASEY JOHNSON,1639-78,28
P9553-530,Pet Supplies,Cat Litter Odor Control,"Average experience, nothing special.",3,2024-11-26,C66224,T. Dubois,7246 ZX,79
P7695-363,Home & Kitchen,Air Purifier,"Not very satisfied, has several problems.",2,12 Jan 2020,C10932,CASEY DE VRIES,1117 GW,21
P5514-796,Clothing,Waterproof Hiking Jacket,Good product overall with minor issues.,4,26/03/2024,C83080,robin brown,8925 JS,37
P2642-319,Beauty,Matte Liquid Lipstick,"Great quality, very happy with this purchase.",5,03/31/2022,C90481,alex brown,1086-28,44
P9536-393,Clothing,Running Sneakers,"Great quality, very happy with this purchase.",5,27/04/2020,C67536,Alex Taylor,9489 BZ,41
P5520-898,Office,Ergonomic Office Chair,Good product overall with minor issues.,4,24 Dec 2021,C86818,TAYLOR DE VRIES,2124-80,42
P1076-367,Electronics,USB-C Fast Charger,"Not very satisfied, has several problems.",2,"Apr 13, 2022",C72216,R. Lee,5543-76,32
P5098-810,Books,Sci-Fi Adventure,Good product overall with minor issues.,4,"Feb 11, 2022",C41886,C. Dubois,1448 IC,32
P5067-394,Electronics,Bluetooth Portable Speaker,"Very disappointed, would not recommend.",1,28 Mar 2022,C54825,Jamie De Vries,8807 GS,31
P6833-259,Home & Kitchen,Memory Foam Pillow,"Very disappointed, would not recommend.",1,2020-09-02,C96956,ROBIN HERNANDEZ,9871-71,35
P5591-507,Office,Desk Organizer,"Not very satisfied, has several problems.",2,"Mar 16, 2024",C33010,ROBIN SMITH,04811,40
P8490-223,Beauty,Matte Liquid Lipstick,"Great quality, very happy with this purchase.",5,07/31/2022,C11549,Taylor  Martins,6331 IF,32
P6981-974,Clothing,Waterproof Hiking Jacket,Good product overall with minor issues.,4,26-07-2021,C27188,Casey Taylor,5422-81,37
P9470-646,Clothing,Slim Fit Jeans,"Average experience, nothing special.",3,27-05-2024,C83680,casey smith,3676,21
P6638-120,Books,Cookbook: Easy Weeknight Meals,Good product overall with minor issues.,4,09/05/2020,C89374,Taylor  Hernandez,9821,56
P3373-989,Books,Personal Finance Basics,"Not very satisfied, has several problems.",2,08/04/2023,C90256,Casey Martins,2168,35
P9535-561,Clothing,Waterproof Hiking Jacket,Good product overall with minor issues.,4,08/12/2020,C26389,Taylor Lee,2311,28
P2702-368,Sports,Yoga Mat,"Great quality, very happy with this purchase.",5,2020-11-14,C61097,jordan taylor,5655 EE,30
P5463-661,Office,Desk Organizer,Good product overall with minor issues.,4,03 Oct 2020,C87441,C. Dubois,08126,54
P5973-110,Clothing,Slim Fit Jeans,"Very disappointed, would not recommend.",1,07/12/2022,C71498,M. Smith,9059-71,38
P7467-355,Groceries,Extra Virgin Olive Oil,"Not very satisfied, has several problems.",2,04 Jan 2024,C59592,TAYLOR LEE,04924,53
P2808-752,Electronics,Bluetooth Portable Speaker,Solid performance and clear instructions. Just a bit noisy.,4,19-06-2023,C91625,robin taylor,3492,30
P9086-322,Electronics,Wireless Noise-Cancelling Headphones,"Average experience, nothing special.",3,05/10/2022,C75325,C. Dubois,1519 YE,37
P5078-494,Toys,Building Block Set,Good product overall with minor issues.,4,21 May 2021,C36106,Robin  Johnson,4415 VJ,66
P6905-153,Beauty,Matte Liquid Lipstick,"Not very satisfied, has several problems.",2,19/08/2020,C52534,A. Brown,2960 HA,79
P6544-877,Electronics,Wireless Noise-Cancelling Headphones,"Very disappointed, would not recommend.",1,05/02/2020,C80300,Jamie  Brown,6189-92,59
P5828-655,Electronics,USB-C Fast Charger,Good product overall with minor issues.,4,"Jan 23, 2021",C55569,chris dubois,3627,34
P6965-894,Sports,Yoga Mat,"Great quality, very happy with this purchase.",5,05/04/2021,C96283,MORGAN MARTINS,9151-29,55
P1512-306,Pet Supplies,Cat Scratching Post,"Very disappointed, would not recommend.",1,21/09/2022,C85007,T. Taylor,4387 NQ,25
P2161-113,Electronics,4K Ultra HD Smart TV,"Not very satisfied, has several problems.",2,04-09-2023,C20480,robin smith,7814-17,20
P4784-644,Clothing,Organic Cotton T-Shirt,Good product overall with minor issues.,4,23/01/2021,C42605,Casey  Brown,07802,56
P6529-773,Books,Sci-Fi Adventure,"Not very satisfied, has several problems.",2,"Dec 29, 2022",C56179,Chris De Vries,6319-62,58
P6898-563,Books,Cookbook: Easy Weeknight Meals,Good product overall with minor issues.,4,2022-03-24,C47287,Casey  Smith,5945,67
P3534-196,Books,Sci-Fi Adventure,"Very disappointed, would not recommend.",1,07/31/2022,C44732,chris hernandez,5198-21,43
P2562-709,Toys,Family Board Game,"Average experience, nothing special.",3,17 Mar 2020,C60010,Jamie Smith,6478 NN,64
P1886-412,Sports,Running Shorts,"Great quality, very happy with this purchase.",5,03/25/2020,C29605,C. De Vries,3509,57
P3165-444,Toys,Educational Puzzle Game,"Very disappointed, would not recommend.",1,"Sep 01, 2022",C81847,PAT LEE,9221 WE,60
P4970-173,Sports,Adjustable Dumbbell Set,Not very user-friendly and the instructions were unclear. Wouldn’t buy again.,2,09-05-2024,C85499,J. Johnson,7939 GK,25
P1735-937,Books,Personal Finance Basics,"Not very satisfied, has several problems.",2,12 Feb 2021,C21247,jamie smith,3419-46,28
P9991-594,Books,Cookbook: Easy Weeknight Meals,"Great quality, very happy with this purchase.",5,03/02/2024,C97590,Alex  Martins,9631,34
P6901-985,Electronics,Bluetooth Portable Speaker,"Very disappointed, would not recommend.",1,02/09/2020,C95119,Pat Taylor,9331-22,76
P1651-353,Pet Supplies,Grain-Free Dog Food,"Great quality, very happy with this purchase.",5,09/16/2021,C30578,A. Garcia,06822,41
P5590-330,Office,Desk Organizer,"Not very satisfied, has several problems.",2,30-11-2021,C21507,Pat De Vries,4726 SE,34
P3262-416,Books,Thriller Novel,"Great quality, very happy with this purchase.",5,03-10-2020,C29025,casey brown,9732-25,29
P3489-897,Clothing,Waterproof Hiking Jacket,"Not very satisfied, has several problems.",2,06/08/2020,C90213,C. Lee,04783,25
P4014-972,Sports,Cycling Helmet,Good product overall with minor issues.,4,03-10-2022,C82910,C. Johnson,4705-81,80
P4351-167,Home & Kitchen,Memory Foam Pillow,"Not very satisfied, has several problems.",2,"Jun 18, 2022",C52584,Robin  Taylor,01685,23
P9530-211,Groceries,Organic Almond Butter,Good product overall with minor issues.,4,2022-07-24,C42207,morgan de vries,01643,26
P1893-806,Electronics,Bluetooth Portable Speaker,"Great quality, very happy with this purchase.",5,18-10-2020,C69204,JAMIE DE VRIES,9952,39
P3686-835,Electronics,Bluetooth Portable Speaker,"Very disappointed, would not recommend.",1,2020-07-05,C93109,Chris  Johnson,07292,80
P3656-989,Books,Thriller Novel,"Not very satisfied, has several problems.",2,01 Jan 2021,C90805,jordan hernandez,09351,54
P1057-737,Electronics,4K Ultra HD Smart TV,"Average experience, nothing special.",3,26-01-2020,C75358,M. Smith,9084,
P4401-150,Home & Kitchen,Air Purifier,"Not very satisfied, has several problems.",2,2020-10-30,C14813,S. Smith,5889 CB,30
P6901-136,Books,Personal Finance Basics,"Very disappointed, would not recommend.",1,04/22/2024,C59668,Jamie Martins,2063 ED,53
P2436-595,Books,Sci-Fi Adventure,"Great quality, very happy with this purchase.",5,02 Jun 2024,C89802,Chris  Lee,6797-88,41
P1025-221,Home & Kitchen,Memory Foam Pillow,"Very disappointed, would not recommend.",1,10 Aug 2022,C37175,Casey  Martins,6468 ZU,31
P6460-449,Sports,Yoga Mat,Good product overall with minor issues.,4,"Jan 23, 2024",C13816,sam taylor,6536-71,62
P1917-955,Home & Kitchen,Electric Kettle,"Great quality, very happy with this purchase.",5,"Sep 05, 2021",C51353,MORGAN DE VRIES,6434-55,29
P4070-709,Books,Personal Finance Basics,"Very disappointed, would not recommend.",1,11/05/2024,C51222,Alex  Lee,9143-57,34
P9290-125,Pet Supplies,Cat Litter Odor Control,Good product overall with minor issues.,4,21/10/2022,C73369,M. Lee,3347-22,22
P6095-145,Clothing,Organic Cotton T-Shirt,"Great quality, very happy with this purchase.",5,2024-11-20,C16047,J. De Vries,6119,51
P3580-380,Electronics,4K Ultra HD Smart TV,"Very disappointed, would not recommend.",1,"Feb 01, 2020",C23418,taylor de vries,6218 WZ,32
P2735-492,Electronics,Wireless Noise-Cancelling Headphones,"Very disappointed, would not recommend.",1,25-06-2020,C88134,C. Dubois,6119 GW,47
P2593-566,Pet Supplies,Cat Litter Odor Control,"Average experience, nothing special.",3,02 Nov 2023,C71000,Robin Taylor,3354-88,36
P2070-586,Clothing,Organic Cotton T-Shirt,"Very disappointed, would not recommend.",1,20-12-2021,C32387,J. Garcia,03087,28
P4992-661,Clothing,Wool Winter Scarf,"Not very satisfied, has several problems.",2,14-09-2022,C91018,ROBIN GARCIA,2734,41
P3835-778,Books,Thriller Novel,"Very disappointed, would not recommend.",1,23 Feb 2024,C73783,Jamie  Hernandez,06330,19
P9098-760,Toys,Remote Control Car,"Very disappointed, would not recommend.",1,04/07/2020,C86122,A. Brown,08421,43
P6640-191,Beauty,Nourishing Hair Mask,"Great quality, very happy with this purchase.",5,"Jan 17, 2020",C62978,SAM LEE,9992-10,56
P7652-490,Books,Personal Finance Basics,Good product overall with minor issues.,4,21/01/2023,C72242,Sam  Taylor,6902-29,29
P2387-240,Clothing,Slim Fit Jeans,Good product overall with minor issues.,4,27-10-2024,C89223,,9346 OM,30
P7012-134,Home & Kitchen,Air Purifier,"Very disappointed, would not recommend.",1,09-03-2023,C24832,Casey Dubois,2311,53
P9834-917,Sports,Yoga Mat,"Great quality, very happy with this purchase.",5,"Oct 01, 2021",C76895,Robin  Smith,9409 SB,34
P5827-396,Home & Kitchen,Stainless Steel Knife Block,"Not very satisfied, has several problems.",2,13 Mar 2020,C49855,CASEY LEE,08752,34
P5129-235,Groceries,Gluten-Free Pasta,"Great quality, very happy with this purchase.",5,07/29/2021,C11861,JAMIE HERNANDEZ,03476,30
P3376-709,Home & Kitchen,Non-Stick Frying Pan Set,"Not very satisfied, has several problems.",2,11-09-2024,C64125,P. Taylor,3740,56
P9724-339,Clothing,Running Sneakers,Good product overall with minor issues.,4,31 Oct 2023,C44422,Sam De Vries,1194 ZO,35
P5466-443,Pet Supplies,Cat Litter Odor Control,"Average experience, nothing special.",3,2021-06-30,C86569,P. Dubois,04961,31
P1195-521,Electronics,Wireless Noise-Cancelling Headphones,"Very disappointed, would not recommend.",1,2022-12-11,C56073,taylor lee,1557,44
P3128-484,Electronics,Fitness Smartwatch,"Great quality, very happy with this purchase.",5,02/07/2024,C34151,Jordan  Lee,02240,69
P2022-491,Toys,Remote Control Car,Good product overall with minor issues.,4,2021-11-12,C44690,SAM DUBOIS,04287,40
P2692-135,Clothing,Waterproof Hiking Jacket,"Very disappointed, would not recommend.",1,"May 24, 2020",C68442,ALEX DUBOIS,1014-95,29
P7617-964,Clothing,Running Sneakers,"Very disappointed, would not recommend.",1,11/01/2023,C72242,Sam  Taylor,6902-29,29
P6985-647,Electronics,Wireless Noise-Cancelling Headphones,"Average experience, nothing special.",3,13-06-2020,C48005,Taylor  Brown,07294,37
P1584-297,Sports,Adjustable Dumbbell Set,"Very disappointed, would not recommend.",1,"Jan 14, 2024",C60956,J. De Vries,09186,21
P9570-569,Clothing,Slim Fit Jeans,,5,01 Nov 2020,C19441,Alex  Brown,1312 TB,29
P2047-937,Books,Sci-Fi Adventure,"Very disappointed, would not recommend.",1,21-08-2020,C90691,Taylor Johnson,7983 XV,28
P3841-443,Sports,Foam Roller,"Very disappointed, would not recommend.",1,09/04/2020,C47287,Casey  Smith,5945,67
P7162-896,Electronics,Fitness Smartwatch,"Not very satisfied, has several problems.",2,02-02-2020,C44522,Morgan  Brown,2743-48,22
P3079-311,Toys,Plush Teddy Bear,"Not very satisfied, has several problems.",2,08/03/2023,C64005,T. Brown,01616,
P2567-733,Electronics,Fitness Smartwatch,"Average experience, nothing special.",3,"Nov 01, 2024",C70845,TAYLOR LEE,2846-97,21
P6477-731,Home & Kitchen,Stainless Steel Knife Block,Good product overall with minor issues.,4,2020-03-29,C80432,S. Brown,08947,32
P6343-333,Home & Kitchen,Non-Stick Frying Pan Set,"Very disappointed, would not recommend.",1,30 Apr 2021,C36208,PAT TAYLOR,8936,31
P4313-443,Beauty,Daily SPF 50 Sunscreen,"Not very satisfied, has several problems.",2,06 Mar 2020,C46779,Sam Johnson,8513 YK,34
P2416-521,Office,Wireless Mouse,"Great quality, very happy with this purchase.",5,28/09/2022,C70655,J. Smith,5041,32
P8711-851,Office,Ergonomic Office Chair,"Great quality, very happy with this purchase.",5,09-03-2020,C72818,Jamie  Dubois,02361,38
P3650-820,Clothing,Waterproof Hiking Jacket,Good product overall with minor issues.,4,"Oct 23, 2024",C13199,R. Dubois,7641,23
P5859-536,Home & Kitchen,Non-Stick Frying Pan Set,"Average experience, nothing special.",3,"Nov 30, 2023",C37151,Jamie Hernandez,01898,72
P2097-674,Electronics,Fitness Smartwatch,"Not very satisfied, has several problems.",2,10/10/2020,C24884,Robin Hernandez,4437-38,33
P8703-826,Clothing,Organic Cotton T-Shirt,"Great quality, very happy with this purchase.",5,"Oct 21, 2023",C69241,C. Garcia,2075,18
P9131-254,Home & Kitchen,Memory Foam Pillow,"Not very satisfied, has several problems.",2,02 Dec 2022,C44732,chris hernandez,5198-21,43
P4097-164,Beauty,Daily SPF 50 Sunscreen,"Very disappointed, would not recommend.",1,20/11/2024,C78107,Chris  Martins,6346 VW,42
P7093-395,Home & Kitchen,Electric Kettle,"Very disappointed, would not recommend.",1,10/30/2020,C31805,C. Brown,5673,29
P1568-781,Home & Kitchen,Memory Foam Pillow,"Average experience, nothing special.",3,05/12/2021,C80761,sam de vries,1408 PY,39
P8764-396,Beauty,Daily SPF 50 Sunscreen,"Great quality, very happy with this purchase.",5,27/09/2023,C67947,C. Johnson,1656,34
P9625-327,Books,Thriller Novel,"Average experience, nothing special.",3,2021-02-04,C93109,Chris  Johnson,07292,80
P1918-782,Books,Sci-Fi Adventure,"Average experience, nothing special.",3,25/03/2022,C66051,chris martins,5663 JO,18
P7786-242,Electronics,USB-C Fast Charger,"Great quality, very happy with this purchase.",5,2023-05-09,C89381,Sam Martins,02718,54
P1108-519,Sports,Yoga Mat,"Average experience, nothing special.",3,28/04/2022,C84437,SAM TAYLOR,7254 PB,20
P5917-755,Electronics,Bluetooth Portable Speaker,Good product overall with minor issues.,4,11 Sep 2020,C47707,Pat  Brown,5009,60
P2959-482,Groceries,Extra Virgin Olive Oil,"Great quality, very happy with this purchase.",5,"Feb 10, 2024",C81371,Robin Garcia,9231 IF,44
P6917-529,Electronics,Bluetooth Portable Speaker,"Average experience, nothing special.",3,04/09/2020,C93747,JAMIE DE VRIES,4002-86,55
P9755-693,Beauty,Hydrating Face Serum,"Average experience, nothing special.",3,13/08/2024,C36208,PAT TAYLOR,8936,31
P4622-951,Home & Kitchen,Air Purifier,"Not very satisfied, has several problems.",2,"Jun 16, 2024",C78898,M. De Vries,2867 CD,18
P3821-826,Books,Cookbook: Easy Weeknight Meals,"Average experience, nothing special.",3,28 Feb 2020,C39144,S. Brown,6036,27
P2766-133,Clothing,Slim Fit Jeans,"Great quality, very happy with this purchase.",5,2023-04-29,C43162,alex johnson,1168-25,67
P6698-460,Sports,Cycling Helmet,"Not very satisfied, has several problems.",2,"Oct 17, 2024",C90341,Taylor  De  Vries,2623-11,
P8777-475,Pet Supplies,Pet Grooming Brush,"Great quality, very happy with this purchase.",5,14-01-2021,C24067,Sam Garcia,7948,28
P1665-184,Home & Kitchen,Stainless Steel Knife Block,"Average experience, nothing special.",3,2022-10-08,C69892,C. Lee,8273,38
P2723-505,Electronics,USB-C Fast Charger,Good product overall with minor issues.,4,06 Dec 2022,C25626,Sam  Martins,02666,19
P9177-385,Electronics,USB-C Fast Charger,"Great quality, very happy with this purchase.",5,04/30/2023,C94388,Pat  Garcia,7626-75,39
P2117-610,Electronics,Wireless Noise-Cancelling Headphones,"Very disappointed, would not recommend.",1,01-01-2021,C52854,S. Lee,2578-94,60
P9955-118,Home & Kitchen,Air Purifier,"Very disappointed, would not recommend.",1,2022-05-31,C51229,Pat  Dubois,1538,54
P9037-775,Sports,Foam Roller,"Great quality, very happy with this purchase.",5,"Nov 04, 2023",C72378,Morgan  Brown,7412 SM,56
P1440-883,Home & Kitchen,Air Purifier,"Average experience, nothing special.",3,2022-02-18,C56840,PAT GARCIA,5001,47
P7921-681,Home & Kitchen,Electric Kettle,"Great quality, very happy with this purchase.",5,05/12/2022,C88134,C. Dubois,6119 GW,47
P4373-444,Toys,Building Block Set,Good product overall with minor issues.,4,26 Oct 2022,C90586,Jordan Garcia,4305 ZC,22
P2552-706,Books,Productivity Guidebook,"Average experience, nothing special.",3,2021-07-13,C79607,robin martins,02256,34
P3958-119,Clothing,Wool Winter Scarf,"Great quality, very happy with this purchase.",5,01/11/2024,C37912,Robin Lee,9728-65,62
P7721-426,Home & Kitchen,Electric Kettle,"Very disappointed, would not recommend.",1,22/07/2023,C44987,jordan brown,4868 DE,32
P3610-379,Groceries,Whole Bean Coffee,"Not very satisfied, has several problems.",2,02/29/2020,C46408,M. Brown,1691-72,46
P2479-506,Clothing,Waterproof Hiking Jacket,"Not very satisfied, has several problems.",2,2021-04-28,C75568,J. De Vries,9605 CH,35
P2750-279,Clothing,Slim Fit Jeans,Mediocre overall. It does the job but lacks the quality I had hoped for.,3,16-07-2021,C87264,Alex  Dubois,2850 NP,53
P1570-961,Electronics,Fitness Smartwatch,"Very disappointed, would not recommend.",1,15 Nov 2023,C82447,P. Lee,6945-97,32
P4857-404,Home & Kitchen,Non-Stick Frying Pan Set,"Not very satisfied, has several problems.",2,26/10/2024,C92752,C. Martins,5489-72,38
P9295-167,Electronics,Bluetooth Portable Speaker,"Average experience, nothing special.",3,"May 11, 2022",C81791,C. Dubois,01853,39
P5089-628,Electronics,4K Ultra HD Smart TV,"Not very satisfied, has several problems.",2,"Sep 30, 2024",C51864,Robin Dubois,3187 VS,24
P4677-121,Toys,Family Board Game,"Very disappointed, would not recommend.",1,17 Feb 2023,C39977,JAMIE DUBOIS,3764,53
P9096-221,Clothing,Running Sneakers,"Not very satisfied, has several problems.",2,01/01/2024,C44891,jordan dubois,8066-86,34
P8388-354,Office,Wireless Mouse,"Average experience, nothing special.",3,08 Apr 2023,C21237,ALEX DUBOIS,6296-60,57
P8715-462,Home & Kitchen,Memory Foam Pillow,"Great quality, very happy with this purchase.",5,"Oct 05, 2023",C15965,Alex  Lee,7241 MV,42
P6198-827,Clothing,Organic Cotton T-Shirt,"Great quality, very happy with this purchase.",5,05/06/2022,C51060,Alex  Brown,05603,70
P6169-854,Clothing,Slim Fit Jeans,Good product overall with minor issues.,4,13/04/2024,C96169,ROBIN SMITH,1894,33
P8949-568,Clothing,Wool Winter Scarf,Good product overall with minor issues.,4,18 Aug 2020,C26207,chris johnson,5654,41
P3958-526,Electronics,Fitness Smartwatch,"Very disappointed, would not recommend.",1,19-05-2021,C53077,A. Lee,2998 SD,19
P6397-144,Home & Kitchen,Non-Stick Frying Pan Set,"Great quality, very happy with this purchase.",5,07/16/2022,C84600,Sam Taylor,5635 BX,44
P3669-497,Electronics,4K Ultra HD Smart TV,Good product overall with minor issues.,4,06 Aug 2021,C95729,sam johnson,08083,80
P5398-676,Groceries,Extra Virgin Olive Oil,"Great quality, very happy with this purchase.",5,2022-05-16,C58265,Casey  Brown,7979,39
P5762-579,Beauty,Hydrating Face Serum,Good product overall with minor issues.,4,11-06-2020,C26749,Jordan  Taylor,05841,26
P5175-699,Toys,Remote Control Car,"Very disappointed, would not recommend.",1,"Apr 23, 2024",C51222,Alex  Lee,9143-57,34
P8454-875,Home & Kitchen,Air Purifier,,4,07/01/2023,C34535,TAYLOR BROWN,5248-23,25
P8974-410,Groceries,Dark Chocolate Bar,"Great quality, very happy with this purchase.",5,"Jul 23, 2024",C98316,PAT LEE,3213,25
P4127-188,Home & Kitchen,Air Purifier,"Average experience, nothing special.",3,25-04-2024,C81847,PAT LEE,9221 WE,60
P4975-306,Clothing,Running Sneakers,"Average experience, nothing special.",3,12-03-2023,C50306,taylor smith,2290,27
P5764-137,Books,Sci-Fi Adventure,Good product overall with minor issues.,4,29-03-2022,C90149,R. Taylor,9655,42
P8345-814,Pet Supplies,Dog Chew Toy,Good product overall with minor issues.,4,12/02/2020,C35192,Robin  Garcia,9317,71
P7829-953,Sports,Running Shorts,"Average experience, nothing special.",3,18-06-2024,C31237,casey taylor,02412,31
P1770-118,Home & Kitchen,Air Purifier,"Average experience, nothing special.",3,12/09/2024,C30788,SAM DE VRIES,2043 DT,42
P3476-973,Groceries,Gluten-Free Pasta,"Great quality, very happy with this purchase.",5,22 May 2023,C97026,Casey  Garcia,9698 XR,39
P2669-943,Electronics,Fitness Smartwatch,"Great quality, very happy with this purchase.",5,"Mar 26, 2020",C58655,M. Johnson,9452-46,30
P3527-762,Clothing,Organic Cotton T-Shirt,"Average experience, nothing special.",3,16/11/2021,C51180,Sam Martins,05775,52
P3805-187,Home & Kitchen,Air Purifier,"Average experience, nothing special.",3,01 Feb 2022,C57270,T. Brown,9677 HE,21
P3385-888,Pet Supplies,Cat Litter Odor Control,"Very disappointed, would not recommend.",1,"Jan 09, 2024",C21112,Chris  Garcia,3692 MY,29
P7869-511,Clothing,Waterproof Hiking Jacket,"Great quality, very happy with this purchase.",5,11/24/2024,C51116,Chris Smith,09647,37
P4232-408,Beauty,Nourishing Hair Mask,"Very disappointed, would not recommend.",1,"Mar 16, 2020",C26515,morgan de vries,02520,35
P7926-617,Home & Kitchen,Stainless Steel Knife Block,"Very disappointed, would not recommend.",1,2024-02-08,C44046,MORGAN GARCIA,3043 SX,35
P4831-458,Books,Sci-Fi Adventure,"Average experience, nothing special.",3,05 Aug 2021,C85073,Sam  Martins,5057,31
P7961-233,Electronics,Wireless Noise-Cancelling Headphones,Good product overall with minor issues.,4,15-03-2021,C13199,R. Dubois,7641,23
P9020-849,Beauty,Nourishing Hair Mask,Good product overall with minor issues.,4,14/08/2024,C36144,Alex Garcia,9444 RP,31
P8755-133,Beauty,Nourishing Hair Mask,"Not very satisfied, has several problems.",2,02/18/2023,C25566,CASEY MARTINS,07055,29
P7910-149,Electronics,Fitness Smartwatch,"Average experience, nothing special.",3,12/25/2024,C74067,Alex  Johnson,2106-63,34
P9270-751,Books,Thriller Novel,Good product overall with minor issues.,4,08-04-2024,C29527,C. Johnson,7711 MK,39
P3028-759,Toys,Remote Control Car,"Great quality, very happy with this purchase.",5,23/06/2020,C81019,Casey Smith,9548,25
P8278-186,Home & Kitchen,Air Purifier,"Great quality, very happy with this purchase.",5,05/27/2023,C15896,robin smith,3957 QK,27
P7672-794,Electronics,Bluetooth Portable Speaker,"Not very satisfied, has several problems.",2,"Apr 30, 2020",C33784,alex smith,2617 NK,28
P5412-162,Clothing,Organic Cotton T-Shirt,"Average experience, nothing special.",3,"Aug 09, 2022",C73461,A. Martins,1305 SV,42
P7116-653,Clothing,Slim Fit Jeans,,2,20/05/2024,C65542,MORGAN DUBOIS,8612-89,30
P4485-699,Clothing,Waterproof Hiking Jacket,"Great quality, very happy with this purchase.",5,2021-07-30,C80004,casey johnson,07476,23
P5282-870,Home & Kitchen,Stainless Steel Knife Block,Good product overall with minor issues.,4,13/07/2021,C52157,,,45
P7435-651,Beauty,Nourishing Hair Mask,"Very disappointed, would not recommend.",1,31 May 2024,C80601,A. Dubois,6783-58,20
P8283-109,Home & Kitchen,Memory Foam Pillow,"Not very satisfied, has several problems.",2,2024-03-01,C99201,CHRIS TAYLOR,5967-38,40
P2817-990,Electronics,USB-C Fast Charger,"Average experience, nothing special.",3,"Mar 11, 2023",C82323,T. Hernandez,3875,27
P9731-729,Home & Kitchen,Non-Stick Frying Pan Set,"Average experience, nothing special.",3,"Oct 26, 2023",C10256,Pat Smith,6292 NI,41
P9723-559,Home & Kitchen,Electric Kettle,"Average experience, nothing special.",3,11-01-2020,C20722,Casey Smith,4696-64,68
P6477-960,Clothing,Organic Cotton T-Shirt,"Average experience, nothing special.",3,2021-05-21,C54669,Alex  Garcia,4878-86,48
P3089-163,Home & Kitchen,Non-Stick Frying Pan Set,Good product overall with minor issues.,4,04/22/2020,C66602,J. Johnson,1855 MM,38
P2659-447,Toys,Family Board Game,"Very disappointed, would not recommend.",1,"Jul 18, 2022",C35228,JAMIE JOHNSON,02106,22
P1722-161,Electronics,4K Ultra HD Smart TV,"Not very satisfied, has several problems.",2,"Sep 30, 2021",C95420,Chris  Lee,,44
P1894-532,Electronics,Fitness Smartwatch,"Average experience, nothing special.",3,04/02/2021,C36379,JAMIE GARCIA,08794,80
P8443-997,Home & Kitchen,Non-Stick Frying Pan Set,"Very disappointed, would not recommend.",1,12/10/2022,C93724,Taylor  Taylor,4492,55
P1491-668,Electronics,Bluetooth Portable Speaker,"Very disappointed, would not recommend.",1,10/18/2020,C92750,CASEY GARCIA,1486,32
P2657-121,Electronics,Bluetooth Portable Speaker,"Not very satisfied, has several problems.",2,15 Feb 2022,C24544,chris taylor,4934 LV,41
P4107-296,Electronics,4K Ultra HD Smart TV,"Great quality, very happy with this purchase.",5,13 Feb 2022,C88584,Pat Taylor,4098-47,55
P4428-844,Books,Personal Finance Basics,"Very disappointed, would not recommend.",1,25-05-2024,C90594,Jamie  Brown,9342 QO,36
P1599-312,Beauty,Gentle Face Cleanser,"Not very satisfied, has several problems.",2,19-02-2021,C61891,Taylor  Lee,07178,72
P8622-624,Home & Kitchen,Non-Stick Frying Pan Set,"Great quality, very happy with this purchase.",5,19-11-2021,C66689,Pat Garcia,6194 AF,33
P4731-200,Beauty,Daily SPF 50 Sunscreen,"Very disappointed, would not recommend.",1,05/26/2020,C99825,PAT BROWN,5933 EC,33
P3258-975,Toys,Educational Puzzle Game,"Great quality, very happy with this purchase.",5,2021-06-18,C46942,Chris Martins,1194 QY,73
P8559-448,Books,Personal Finance Basics,"Very disappointed, would not recommend.",1,03/10/2021,C64747,Taylor  Dubois,1493 SE,25
P5909-433,Sports,Foam Roller,"Great quality, very happy with this purchase.",5,"Feb 17, 2020",C28236,Sam  Garcia,7404-36,63
P3808-206,Groceries,Organic Almond Butter,"Great quality, very happy with this purchase.",5,2020-12-29,C89084,ROBIN SMITH,2138-59,32
P7407-260,Home & Kitchen,Electric Kettle,"Very disappointed, would not recommend.",1,"Sep 21, 2020",C19012,PAT TAYLOR,4369 WV,44
P8302-165,Home & Kitchen,Memory Foam Pillow,Good product overall with minor issues.,4,23/05/2023,C84609,Robin  Dubois,01640,39
P5081-283,Toys,Plush Teddy Bear,"Great quality, very happy with this purchase.",5,10-02-2024,C96386,SAM HERNANDEZ,1715,20
P7738-880,Groceries,Extra Virgin Olive Oil,"Great quality, very happy with this purchase.",5,09/05/2020,C91018,ROBIN GARCIA,2734,41
P2199-754,Electronics,Wireless Noise-Cancelling Headphones,Good product overall with minor issues.,4,02/19/2022,C35480,PAT SMITH,02878,39
P3643-274,Electronics,Bluetooth Portable Speaker,"Very disappointed, would not recommend.",1,2023-05-28,C26272,MORGAN MARTINS,01183,36
P2684-499,Electronics,Fitness Smartwatch,"Average experience, nothing special.",3,2022-06-28,C16378,Pat Taylor,7138-35,38
P3750-841,Pet Supplies,Grain-Free Dog Food,"Not very satisfied, has several problems.",2,31-03-2020,C52879,C. De Vries,4393-60,64
P8516-325,Electronics,4K Ultra HD Smart TV,"Very disappointed, would not recommend.",1,09/09/2023,C58362,Alex Johnson,7735 TP,64
P7366-794,Electronics,Bluetooth Portable Speaker,"Not very satisfied, has several problems.",2,11/11/2021,C51676,robin johnson,8354 UX,43
P4990-734,Home & Kitchen,Electric Kettle,"Very disappointed, would not recommend.",1,02/05/2020,C48877,taylor brown,1621,59
P5726-868,Clothing,Running Sneakers,"Very disappointed, would not recommend.",1,14 Apr 2021,C41752,TAYLOR DE VRIES,5068-99,57
P3318-309,Pet Supplies,Grain-Free Dog Food,"Not very satisfied, has several problems.",2,06/07/2020,C36787,TAYLOR DE VRIES,8652 XG,30
P2310-468,Groceries,Extra Virgin Olive Oil,Good product overall with minor issues.,4,12/02/2022,C65403,M. Hernandez,3553-71,37
P5215-489,Books,Thriller Novel,,4,18-09-2021,C83681,CASEY DUBOIS,03238,31
P7113-493,Clothing,Running Sneakers,Good product overall with minor issues.,4,22 Sep 2021,C19336,Pat Smith,3039 SF,38
P1945-766,Beauty,Daily SPF 50 Sunscreen,Good product overall with minor issues.,4,18 May 2022,C72616,A. Garcia,01462,53
P1202-219,Beauty,Matte Liquid Lipstick,"Very disappointed, would not recommend.",1,12 Aug 2023,C62122,Casey  Johnson,4093-31,20
P2790-751,Sports,Yoga Mat,"Great quality, very happy with this purchase.",5,05/09/2024,C45261,T. Martins,1105-72,27
P3200-302,Electronics,4K Ultra HD Smart TV,Good product overall with minor issues.,4,"Jan 07, 2021",C69069,CASEY TAYLOR,01966,19
P2307-400,Groceries,Whole Bean Coffee,"Very disappointed, would not recommend.",1,2022-02-12,C54846,alex hernandez,08949,26
P7154-717,Home & Kitchen,Non-Stick Frying Pan Set,"Great quality, very happy with this purchase.",5,04/08/2024,C72027,Chris  Hernandez,07074,35
P2641-103,Home & Kitchen,Stainless Steel Knife Block,Good product overall with minor issues.,4,17 Nov 2024,C28201,ALEX HERNANDEZ,9693 WY,20
P1272-748,Electronics,Bluetooth Portable Speaker,"Average experience, nothing special.",3,2024-11-23,C52667,R. Taylor,07556,56
P5814-721,Groceries,Extra Virgin Olive Oil,"Not very satisfied, has several problems.",2,29/12/2023,C84959,MORGAN SMITH,2426 VR,75
P2728-545,Home & Kitchen,Non-Stick Frying Pan Set,"Very disappointed, would not recommend.",1,11/24/2020,C46747,T. Lee,03016,76
P7176-834,Books,Cookbook: Easy Weeknight Meals,Good product overall with minor issues.,4,01 Sep 2023,C67273,taylor taylor,5767,43
P1027-418,Pet Supplies,Pet Grooming Brush,"Very disappointed, would not recommend.",1,"Apr 23, 2023",C60875,,03069,52
P9189-796,Home & Kitchen,Memory Foam Pillow,Good product overall with minor issues.,4,"Oct 28, 2020",C97208,alex hernandez,9230-25,43
P3501-947,Office,Mechanical Keyboard,"Not very satisfied, has several problems.",2,02 Oct 2024,C39500,Alex Brown,7419 VF,78
P5626-813,Electronics,Bluetooth Portable Speaker,"Not very satisfied, has several problems.",2,"Dec 06, 2023",C27157,Chris Hernandez,1886-48,30
P1149-470,Toys,Educational Puzzle Game,"Great quality, very happy with this purchase.",5,27 Jul 2020,C29346,P. Martins,3756-22,40
P5014-134,Office,A4 Printer Paper,"Very disappointed, would not recommend.",1,08-05-2021,C88139,S. Martins,2468-93,39
P8856-380,Clothing,Organic Cotton T-Shirt,"Very disappointed, would not recommend.",1,"Jun 14, 2024",C73463,Pat  Lee,2629 WZ,37
P9830-830,Clothing,Wool Winter Scarf,"Very disappointed, would not recommend.",1,23/03/2024,C25378,S. Hernandez,01087,18
P3043-618,Sports,Yoga Mat,"Average experience, nothing special.",3,"Jan 14, 2022",C96266,alex taylor,9510-47,59
P4438-804,Books,Sci-Fi Adventure,"Very disappointed, would not recommend.",1,2023-09-19,C34651,Sam Lee,4526-87,43
P7554-567,Clothing,Slim Fit Jeans,"Very disappointed, would not recommend.",1,04 Jun 2021,C28775,MORGAN TAYLOR,5413-99,56
P7208-126,Home & Kitchen,Electric Kettle,"Great quality, very happy with this purchase.",5,2021-05-21,C79660,Jamie  De  Vries,06396,35
P7203-207,Office,Wireless Mouse,"Very disappointed, would not recommend.",1,"Dec 25, 2020",C50180,CASEY DUBOIS,06716,22
P7597-588,Electronics,Fitness Smartwatch,"Great quality, very happy with this purchase.",5,09/18/2020,C64005,T. Brown,01616,47
P5081-794,Pet Supplies,Dog Chew Toy,"Great quality, very happy with this purchase.",5,06 May 2022,C67535,Chris  Dubois,5519-76,68
P2256-847,Electronics,Wireless Noise-Cancelling Headphones,"Not very satisfied, has several problems.",2,10/07/2020,C21086,Jordan De Vries,1175-64,49
P4115-951,Clothing,Wool Winter Scarf,"Very disappointed, would not recommend.",1,02-01-2024,C55227,T. De Vries,01693,77
P7211-274,Electronics,USB-C Fast Charger,"Average experience, nothing special.",3,08/19/2020,C42737,morgan johnson,8915 GA,57
P8999-158,Electronics,USB-C Fast Charger,"Average experience, nothing special.",3,"Jan 13, 2020",C49105,CHRIS JOHNSON,4050 AD,31
P4704-581,Electronics,Bluetooth Portable Speaker,Good product overall with minor issues.,4,02/05/2022,C33878,MORGAN LEE,08185,29
P3190-504,Electronics,Wireless Noise-Cancelling Headphones,Good product overall with minor issues.,4,03/03/2024,C31012,Taylor Dubois,5354,40
P3153-212,Clothing,Running Sneakers,"Very disappointed, would not recommend.",1,2024-06-11,C85877,pat hernandez,01600,42
P8116-591,Office,Ergonomic Office Chair,"Average experience, nothing special.",3,31-07-2021,C97590,Alex  Martins,9631,34
P8031-303,Groceries,Whole Bean Coffee,Good product overall with minor issues.,4,2023-12-17,C75841,CASEY BROWN,3436,26
P7673-637,Groceries,Extra Virgin Olive Oil,"Average experience, nothing special.",3,04 Dec 2023,C39068,Chris  Martins,9353 BJ,36
P6269-317,Electronics,Wireless Noise-Cancelling Headphones,"Average experience, nothing special.",3,08/24/2022,C23207,pat brown,9049 JD,25
P9664-719,Sports,Foam Roller,"Average experience, nothing special.",3,02 May 2021,C86588,Pat Johnson,03137,46
P9955-733,Pet Supplies,Grain-Free Dog Food,"Average experience, nothing special.",3,09 Sep 2021,C36476,MORGAN BROWN,4140 WI,24
P2109-594,Sports,Running Shorts,Good product overall with minor issues.,4,"Dec 08, 2022",C31880,C. Lee,3112 SB,51
P7293-675,Electronics,Fitness Smartwatch,Good product overall with minor issues.,4,"Mar 31, 2022",C34125,Alex  Brown,1145-75,41
P4902-398,Home & Kitchen,Air Purifier,"Very disappointed, would not recommend.",1,02/08/2023,C46406,,01844,31
P5326-839,Electronics,Fitness Smartwatch,"Not very satisfied, has several problems.",2,"Apr 16, 2022",C17505,alex garcia,5582,78
P4377-936,Beauty,Daily SPF 50 Sunscreen,Good product overall with minor issues.,4,03/27/2021,C86239,Pat  Brown,8109 PC,39
P6081-266,Beauty,Hydrating Face Serum,"Not very satisfied, has several problems.",2,01-08-2024,C34621,JAMIE BROWN,5018 UM,41
P1716-235,Electronics,Wireless Noise-Cancelling Headphones,"Not very satisfied, has several problems.",2,2024-04-26,C92232,C. Smith,1153-23,35
P6435-590,Toys,Remote Control Car,"Not very satisfied, has several problems.",2,2021-05-14,C45056,MORGAN JOHNSON,,41
P5699-331,Clothing,Waterproof Hiking Jacket,Good product overall with minor issues.,4,07 Nov 2023,C24733,Robin Brown,4678,72
P3917-538,Electronics,4K Ultra HD Smart TV,"Great quality, very happy with this purchase.",5,,C65737,S. Lee,5702 DI,72
P3401-427,Pet Supplies,Cat Scratching Post,"Not very satisfied, has several problems.",2,10-03-2022,C72709,Jamie  Johnson,5562,29
P3264-921,Clothing,Waterproof Hiking Jacket,"Not very satisfied, has several problems.",2,23-02-2022,C80614,Morgan  Dubois,4770 SW,43
P6937-671,Home & Kitchen,Non-Stick Frying Pan Set,Good product overall with minor issues.,4,2020-09-30,C40673,Alex  Taylor,6918 OB,35
P7898-348,Toys,Family Board Game,"Not very satisfied, has several problems.",2,22/08/2024,C49315,S. Brown,9335,65
P2736-778,Clothing,Organic Cotton T-Shirt,"Great quality, very happy with this purchase.",5,31-05-2020,C30732,alex brown,2294,38
P6526-554,Home & Kitchen,Electric Kettle,"Very disappointed, would not recommend.",1,2021-08-10,C94207,A. Hernandez,9245,38
P7941-260,Clothing,Slim Fit Jeans,"Average experience, nothing special.",3,"Jul 07, 2020",C26401,T. Martins,4586 XR,47
P7950-299,Electronics,Bluetooth Portable Speaker,"Average experience, nothing special.",3,2020-08-10,C51060,Alex  Brown,05603,70
P6064-292,Home & Kitchen,Non-Stick Frying Pan Set,"Great quality, very happy with this purchase.",5,17 Feb 2021,C41501,Jordan Johnson,01735,46
P4192-422,Pet Supplies,Pet Grooming Brush,Good product overall with minor issues.,4,01/26/2024,C98432,Jamie  Garcia,9250,19
P2290-740,Electronics,USB-C Fast Charger,"Very disappointed, would not recommend.",1,11/01/2024,C99320,Sam Brown,09218,55
P4917-313,Electronics,USB-C Fast Charger,"Great quality, very happy with this purchase.",5,2023-05-27,C84304,Robin Johnson,3336-49,27
P2461-172,Books,Cookbook: Easy Weeknight Meals,"Not very satisfied, has several problems.",2,26-12-2023,C72031,J. Dubois,3301-82,36
P6138-482,Home & Kitchen,Air Purifier,,1,29-10-2023,C44449,Alex Hernandez,01934,42
P8573-785,Electronics,USB-C Fast Charger,"Very disappointed, would not recommend.",1,15-12-2021,C80138,ROBIN JOHNSON,2775-60,51
P5560-565,Sports,Yoga Mat,"Very disappointed, would not recommend.",1,21/01/2023,C29072,Taylor  Garcia,7230,24
P5129-750,Beauty,Daily SPF 50 Sunscreen,"Not very satisfied, has several problems.",2,20/06/2020,C55569,chris dubois,3627,34
P1880-194,Groceries,Whole Bean Coffee,Good product overall with minor issues.,4,12/01/2021,C55780,,3632-65,43
P3369-431,Beauty,Gentle Face Cleanser,"Average experience, nothing special.",3,30/01/2020,C29331,ROBIN GARCIA,7658 XA,65
P3721-715,Electronics,Fitness Smartwatch,Good product overall with minor issues.,4,03/18/2021,C35055,casey smith,6960,22
P7977-635,Home & Kitchen,Air Purifier,"Average experience, nothing special.",3,20/08/2020,C58905,Sam  De  Vries,9892 JV,58
P2468-765,Electronics,Wireless Noise-Cancelling Headphones,"Very disappointed, would not recommend.",1,16-06-2023,C46747,T. Lee,03016,76
P7891-316,Electronics,Bluetooth Portable Speaker,,2,10-05-2024,C25007,Taylor Dubois,6744-69,37
P4957-104,Home & Kitchen,Electric Kettle,Good product overall with minor issues.,4,2020-03-07,C31012,Taylor Dubois,5354,40
P4962-669,Pet Supplies,Cat Litter Odor Control,Good product overall with minor issues.,4,"Jan 29, 2021",C16760,CASEY MARTINS,7396-32,35
P5263-957,Beauty,Nourishing Hair Mask,"Great quality, very happy with this purchase.",5,11/21/2020,C22224,ALEX MARTINS,3507,47
P4927-768,Sports,Adjustable Dumbbell Set,"Not very satisfied, has several problems.",2,31/08/2021,C42145,P. Lee,5505,25
P5292-284,Electronics,Bluetooth Portable Speaker,"Very disappointed, would not recommend.",1,07-06-2020,C37259,Pat  Johnson,1359 PU,38
P1515-220,Electronics,4K Ultra HD Smart TV,"Average experience, nothing special.",3,11-12-2021,C88642,MORGAN SMITH,5169-34,45
P4600-185,Electronics,4K Ultra HD Smart TV,"Not very satisfied, has several problems.",2,07/02/2021,C22054,C. De Vries,08652,41
P2685-697,Sports,Running Shorts,"Great quality, very happy with this purchase.",5,30/09/2021,C73941,Pat  Dubois,5451-89,37
P9378-359,Electronics,Wireless Noise-Cancelling Headphones,"Great quality, very happy with this purchase.",5,04/19/2022,C94554,morgan garcia,2878,30
P1178-834,Electronics,Bluetooth Portable Speaker,"Average experience, nothing special.",3,13-03-2021,C52147,TAYLOR DE VRIES,05646,28
P8130-425,Books,Personal Finance Basics,"Average experience, nothing special.",3,09/02/2021,C44422,Sam De Vries,1194 ZO,35
P4873-690,Home & Kitchen,Electric Kettle,"Very disappointed, would not recommend.",1,2021-08-06,C85465,alex dubois,7599,41
P6196-871,Sports,Cycling Helmet,"Average experience, nothing special.",3,2022-03-30,C51048,ROBIN HERNANDEZ,05889,28
P8138-331,Electronics,Bluetooth Portable Speaker,"Not very satisfied, has several problems.",2,29/06/2020,C58349,Morgan Smith,1860 ZB,34
P8548-222,Electronics,4K Ultra HD Smart TV,"Not very satisfied, has several problems.",2,15/10/2021,C64171,Robin  Johnson,04940,53
P4971-775,Electronics,Fitness Smartwatch,"Not very satisfied, has several problems.",2,2023-11-24,C86569,P. Dubois,04961,31
P9644-626,Electronics,4K Ultra HD Smart TV,"Average experience, nothing special.",3,04/06/2024,C95890,SAM DE VRIES,3130,39
P2672-250,Electronics,Bluetooth Portable Speaker,Good product overall with minor issues.,4,2024-11-29,C41531,ALEX DUBOIS,1468 QO,28
P8230-379,Clothing,Organic Cotton T-Shirt,"Average experience, nothing special.",3,2020-07-19,C65389,TAYLOR LEE,03894,40
P5361-344,Electronics,Wireless Noise-Cancelling Headphones,"Very disappointed, would not recommend.",1,2022-12-25,C91293,pat martins,04602,20
P2544-289,Home & Kitchen,Non-Stick Frying Pan Set,"Great quality, very happy with this purchase.",5,"Dec 05, 2023",C50019,taylor brown,2137,39
P3797-795,Home & Kitchen,Non-Stick Frying Pan Set,"Very disappointed, would not recommend.",1,05/01/2023,C86435,Alex Dubois,8742,22
P5990-923,Sports,Yoga Mat,"Average experience, nothing special.",3,15-07-2022,C81527,jordan dubois,8516,35
P1339-251,Electronics,Fitness Smartwatch,Good product overall with minor issues.,4,19/10/2024,C28564,CHRIS DUBOIS,8056 XC,37
P3866-371,Clothing,Wool Winter Scarf,"Average experience, nothing special.",3,12/23/2024,C64695,JORDAN LEE,09520,18
P3410-577,Office,A4 Printer Paper,"Not very satisfied, has several problems.",2,12/07/2022,C97073,Sam  Lee,2058-11,31
P1817-357,Beauty,Hydrating Face Serum,"Not very satisfied, has several problems.",2,12/18/2021,C75797,Morgan Brown,5434,58
P7923-508,Toys,Plush Teddy Bear,"Very disappointed, would not recommend.",1,06/19/2021,C32715,C. Martins,6283-27,51
P9942-287,Pet Supplies,Cat Litter Odor Control,Good product overall with minor issues.,4,21-05-2024,C13199,R. Dubois,7641,23
P7721-572,Clothing,Running Sneakers,"Very disappointed, would not recommend.",1,2023-02-18,C65170,J. Brown,5954-84,29
P8582-926,Electronics,Wireless Noise-Cancelling Headphones,"Great quality, very happy with this purchase.",5,2022-07-31,C51774,JORDAN JOHNSON,3787-30,47
P1997-224,Clothing,Waterproof Hiking Jacket,"Great quality, very happy with this purchase.",5,"Oct 13, 2023",C16949,TAYLOR DE VRIES,9115,23
P2879-168,Clothing,Slim Fit Jeans,"Very disappointed, would not recommend.",1,"Nov 09, 2020",C78134,jamie taylor,8761,37
P5264-941,Toys,Family Board Game,"Great quality, very happy with this purchase.",5,27-10-2023,C90892,JAMIE MARTINS,1354,23
P9076-476,Home & Kitchen,Non-Stick Frying Pan Set,"Average experience, nothing special.",3,12-03-2022,C24068,Robin Martins,3427,43
P3282-579,Clothing,Waterproof Hiking Jacket,Good product overall with minor issues.,4,2021-07-21,C56890,morgan de vries,9602 CF,56
P7454-169,Toys,Remote Control Car,Good product overall with minor issues.,4,10-02-2022,C33642,C. De Vries,9608 WK,43
P2740-611,Electronics,Wireless Noise-Cancelling Headphones,Good product overall with minor issues.,4,24/10/2021,C41013,J. Brown,7292-63,62
P3851-428,Books,Productivity Guidebook,"Very disappointed, would not recommend.",1,01-12-2023,C93544,CASEY DE VRIES,5136 VJ,30
P4334-134,Pet Supplies,Grain-Free Dog Food,"Not very satisfied, has several problems.",2,01/11/2020,C84487,morgan johnson,9653 GS,22
P2161-682,Clothing,Running Sneakers,"Very disappointed, would not recommend.",1,"Sep 17, 2020",C25456,ROBIN TAYLOR,9856 HJ,69
P9482-725,Books,Thriller Novel,"Great quality, very happy with this purchase.",5,01-10-2021,C81557,Jamie  Hernandez,05309,38
P4860-605,Sports,Yoga Mat,"Very disappointed, would not recommend.",1,"Jul 07, 2024",C14634,Chris Johnson,2320-71,69
P1351-156,Clothing,Slim Fit Jeans,"Very disappointed, would not recommend.",1,03/05/2024,C59727,Alex  De  Vries,7342-99,38
P8152-159,Home & Kitchen,Stainless Steel Knife Block,"Not very satisfied, has several problems.",2,2021-04-20,C39769,Pat  De  Vries,1244-41,18
P3125-720,Groceries,Gluten-Free Pasta,Good product overall with minor issues.,4,07 Sep 2022,C57049,Casey Lee,5837,21
P8266-830,Groceries,Whole Bean Coffee,"Average experience, nothing special.",3,"Jan 21, 2022",C95674,Taylor De Vries,06224,26
P4777-412,Pet Supplies,Pet Grooming Brush,"Great quality, very happy with this purchase.",5,2021-03-07,C28607,A. Taylor,8434-12,26
P9115-119,Groceries,Extra Virgin Olive Oil,Good product overall with minor issues.,4,26-02-2022,C64827,M. Smith,06890,22
P6508-948,Sports,Yoga Mat,"Average experience, nothing special.",3,"Jul 17, 2024",C13584,Chris  Hernandez,8004-17,22
P9501-366,Clothing,Wool Winter Scarf,"Not very satisfied, has several problems.",2,19-02-2022,C41224,sam smith,5495,42
P1202-227,Home & Kitchen,Air Purifier,"Average experience, nothing special.",3,10 Mar 2023,C44670,Sam  Dubois,8207,36
P6145-165,Home & Kitchen,Air Purifier,Good product overall with minor issues.,4,01/03/2021,C46194,JORDAN DUBOIS,3858,46
P4734-162,Home & Kitchen,Air Purifier,"Average experience, nothing special.",3,2021-06-11,C56312,M. Smith,6729,28
P5638-246,Clothing,Running Sneakers,"Very disappointed, would not recommend.",1,"Oct 30, 2021",C53907,Pat  Garcia,05817,26
P6636-320,Home & Kitchen,Air Purifier,Good product overall with minor issues.,4,"Aug 28, 2024",C65403,M. Hernandez,3553-71,37
P9249-688,Office,Desk Organizer,"Great quality, very happy with this purchase.",5,12-02-2024,C25891,M. Smith,09592,31
P6157-866,Home & Kitchen,Electric Kettle,"Very disappointed, would not recommend.",1,20/11/2023,C63729,chris johnson,9284,40
P5013-895,Electronics,Fitness Smartwatch,Good product overall with minor issues.,4,"Oct 12, 2023",C89370,jordan lee,2932,29
P7858-369,Electronics,Wireless Noise-Cancelling Headphones,"Great quality, very happy with this purchase.",5,27-12-2023,C26567,ALEX MARTINS,3735-26,41
P6518-944,Sports,Yoga Mat,"Average experience, nothing special.",3,"Apr 26, 2023",C15929,Jamie Garcia,07699,58
P2372-255,Pet Supplies,Pet Grooming Brush,"Very disappointed, would not recommend.",1,"Apr 30, 2023",C95118,robin martins,03895,28
P5673-430,Clothing,Running Sneakers,Good product overall with minor issues.,4,14/10/2021,C15496,Taylor  Martins,6150,28
P2738-337,Home & Kitchen,Air Purifier,,3,2020-10-15,C76676,Sam  Smith,1651-79,31
P9534-229,Books,Personal Finance Basics,Good product overall with minor issues.,4,2021-08-27,C25720,Robin  Martins,2423-45,48
P5523-564,Electronics,Bluetooth Portable Speaker,"Great quality, very happy with this purchase.",5,2023-10-08,C51262,ALEX MARTINS,,23
P5346-581,Pet Supplies,Cat Scratching Post,"Not very satisfied, has several problems.",2,19/09/2022,C47040,S. Taylor,2453-37,27
P4845-753,Books,Sci-Fi Adventure,"Average experience, nothing special.",3,"Sep 18, 2022",C33601,Jordan Taylor,8947 UM,42
P6331-353,Home & Kitchen,Electric Kettle,Good product overall with minor issues.,4,25/08/2020,C51799,J. Garcia,3098-71,24
P1996-675,Groceries,Extra Virgin Olive Oil,"Average experience, nothing special.",3,19 Jun 2021,C61298,robin martins,1895 XH,26
P6401-232,Books,Sci-Fi Adventure,"Great quality, very happy with this purchase.",5,2023-01-10,C12767,P. Johnson,6460-80,26
P5754-920,Groceries,Whole Bean Coffee,"Not very satisfied, has several problems.",2,02/04/2022,C82476,TAYLOR SMITH,1328-77,37
P5463-867,Beauty,Hydrating Face Serum,"Very disappointed, would not recommend.",1,23-07-2024,C27195,JORDAN JOHNSON,09265,58
P4183-951,Books,Personal Finance Basics,"Great quality, very happy with this purchase.",5,10/25/2024,C65725,morgan smith,8518,43
P9300-350,Clothing,Wool Winter Scarf,Good product overall with minor issues.,4,05-02-2020,C58855,Morgan  Johnson,1407 HO,43
P9025-707,Books,Thriller Novel,"Not very satisfied, has several problems.",2,20/06/2020,C72064,M. Hernandez,1965-42,35
P9007-658,Home & Kitchen,Memory Foam Pillow,Good product overall with minor issues.,4,03 Oct 2021,C70472,Robin  De  Vries,2334-64,57
P1639-534,Groceries,Organic Almond Butter,Good product overall with minor issues.,4,15 Dec 2020,C73857,Sam  De  Vries,1151 NJ,53
P7082-631,Clothing,Slim Fit Jeans,"Great quality, very happy with this purchase.",5,29-05-2021,C53276,Sam  Brown,,29
P6423-196,Electronics,USB-C Fast Charger,"Very disappointed, would not recommend.",1,03-07-2023,C18751,Chris De Vries,06651,69
P9864-756,Sports,Cycling Helmet,"Not very satisfied, has several problems.",2,"Jun 07, 2020",C38369,jordan brown,2676,37
P4429-272,Groceries,Extra Virgin Olive Oil,"Very disappointed, would not recommend.",1,23/05/2024,C21971,CASEY BROWN,8790-51,26
P7442-486,Sports,Adjustable Dumbbell Set,Good product overall with minor issues.,4,17-12-2023,C78417,CHRIS DE VRIES,4504-91,23
P6704-282,Electronics,USB-C Fast Charger,"Very disappointed, would not recommend.",1,11/08/2024,C97823,chris martins,,67
P9237-113,Home & Kitchen,Stainless Steel Knife Block,"Great quality, very happy with this purchase.",5,2021-07-13,C94105,ROBIN MARTINS,5145 BS,24
P2702-139,Sports,Foam Roller,"Average experience, nothing special.",3,"Feb 29, 2020",C30079,SAM BROWN,2956,46
P6185-826,Sports,Cycling Helmet,"Not very satisfied, has several problems.",2,16 Apr 2023,C77677,Alex  Martins,2007,22
P3833-750,Beauty,Nourishing Hair Mask,"Very disappointed, would not recommend.",1,09/29/2021,C25429,Chris  Dubois,02410,28
P1171-322,Electronics,4K Ultra HD Smart TV,"Average experience, nothing special.",3,2022-07-31,C42339,J. Taylor,3174 MW,33
P5249-814,Electronics,Bluetooth Portable Speaker,Good product overall with minor issues.,4,2021-06-25,C85850,C. Garcia,9569 UV,18
P4398-450,Clothing,Waterproof Hiking Jacket,"Great quality, very happy with this purchase.",5,03 Feb 2023,C21895,morgan taylor,8662 DQ,50
P2713-744,Groceries,Gluten-Free Pasta,"Average experience, nothing special.",3,2024-11-15,C72324,C. Garcia,2641,30
P7542-584,Books,Personal Finance Basics,"Not very satisfied, has several problems.",2,01 Jun 2021,C54286,robin martins,4838-74,38
P9586-303,Pet Supplies,Pet Grooming Brush,"Great quality, very happy with this purchase.",5,19/03/2024,C10256,Pat Smith,6292 NI,41
P3708-571,Home & Kitchen,Electric Kettle,"Very disappointed, would not recommend.",1,10/09/2023,C32553,JORDAN LEE,4869-65,
P7456-815,Electronics,Fitness Smartwatch,"Not very satisfied, has several problems.",2,25 Aug 2022,C70749,taylor johnson,6215-27,35
P1440-327,Electronics,USB-C Fast Charger,"Great quality, very happy with this purchase.",5,30/12/2020,C54544,M. Smith,7523-92,40
P6096-496,Clothing,Waterproof Hiking Jacket,Good product overall with minor issues.,4,03/12/2020,C65277,sam brown,9476-69,20
P9306-493,Home & Kitchen,Air Purifier,Good product overall with minor issues.,4,24-01-2020,C97843,P. Martins,5963 XU,39
P7947-644,Electronics,4K Ultra HD Smart TV,Good product overall with minor issues.,4,17 Nov 2024,C34931,MORGAN DUBOIS,4006 HC,42
P8125-149,Sports,Running Shorts,Good product overall with minor issues.,4,2021-07-30,C82476,TAYLOR SMITH,1328-77,37
P9892-373,Beauty,Hydrating Face Serum,"Not very satisfied, has several problems.",2,08/23/2021,C68559,C. Lee,2829 BR,52
P8504-805,Groceries,Gluten-Free Pasta,"Great quality, very happy with this purchase.",5,14 May 2021,C84588,ROBIN SMITH,7107,48
P4013-864,Clothing,Organic Cotton T-Shirt,"Average experience, nothing special.",3,17 Jan 2024,C20391,P. Johnson,5275-88,32
P5535-613,Home & Kitchen,Memory Foam Pillow,"Very disappointed, would not recommend.",1,23-05-2023,C98894,JORDAN LEE,4393,29
P4621-165,Home & Kitchen,Stainless Steel Knife Block,,5,12 Aug 2021,C70377,C. Martins,06386,42
P9720-814,Sports,Adjustable Dumbbell Set,"Not very satisfied, has several problems.",2,10-10-2023,C14229,C. Johnson,6657,56
P6761-678,Books,Sci-Fi Adventure,Good product overall with minor issues.,4,2022-04-30,C47209,Morgan Dubois,7148-26,28
P7693-460,Electronics,USB-C Fast Charger,"Not very satisfied, has several problems.",2,"May 06, 2022",C57602,Jamie  Garcia,9724 MP,54
P8602-771,Books,Cookbook: Easy Weeknight Meals,"Not very satisfied, has several problems.",2,2023-10-31,C95603,Pat  Martins,01475,44
P8731-800,Books,Thriller Novel,"Very disappointed, would not recommend.",1,2022-01-28,C95736,Pat  De  Vries,4162-30,32
P8555-570,Groceries,Whole Bean Coffee,"Not very satisfied, has several problems.",2,"Nov 01, 2023",C41704,Sam  Dubois,2821-52,19
P8703-982,Clothing,Wool Winter Scarf,Good product overall with minor issues.,4,24-05-2020,C80430,J. Hernandez,09751,26
P8209-538,Sports,Foam Roller,"Very disappointed, would not recommend.",1,31/07/2020,C85997,jamie brown,6567,40
P5259-450,Clothing,Slim Fit Jeans,"Average experience, nothing special.",3,12-11-2023,C69031,jordan hernandez,1585-28,25
P8787-830,Electronics,Bluetooth Portable Speaker,Good product overall with minor issues.,4,10/10/2023,C26849,sam hernandez,7295 HA,22
P8814-733,Office,A4 Printer Paper,"Not very satisfied, has several problems.",2,05 Dec 2021,C75679,chris de vries,08950,21
P3459-384,Home & Kitchen,Memory Foam Pillow,"Great quality, very happy with this purchase.",5,12 May 2024,C95196,Taylor  Garcia,1199-77,23
P9761-966,Electronics,Fitness Smartwatch,"Great quality, very happy with this purchase.",5,2024-11-22,C17336,Robin  Hernandez,5009 XF,52
P2043-235,Home & Kitchen,Memory Foam Pillow,"Great quality, very happy with this purchase.",5,2021-09-12,C41973,Casey  Hernandez,02610,55
P4522-712,Electronics,Fitness Smartwatch,Good product overall with minor issues.,4,"Sep 06, 2021",C42145,P. Lee,5505,25
P8475-100,Toys,Family Board Game,"Average experience, nothing special.",3,25-03-2024,C74566,Sam  Garcia,9424 UJ,42
P8988-106,Office,Wireless Mouse,"Average experience, nothing special.",3,09-11-2022,C33435,J. Martins,2549-66,42
P8731-205,Home & Kitchen,Air Purifier,"Average experience, nothing special.",3,02/06/2023,C30263,CHRIS BROWN,7491-30,50
P5306-583,Sports,Adjustable Dumbbell Set,"Average experience, nothing special.",3,29/01/2022,C56390,chris dubois,7447-10,57
P4417-777,Home & Kitchen,Memory Foam Pillow,"Average experience, nothing special.",3,08/26/2021,C25007,Taylor Dubois,6744-69,37
P2750-176,Clothing,Waterproof Hiking Jacket,"Not very satisfied, has several problems.",2,11/24/2020,C87717,R. Smith,07390,76
P7053-548,Home & Kitchen,Air Purifier,"Average experience, nothing special.",3,15-08-2020,C50988,Taylor  Brown,9433 JP,37
P2441-548,Home & Kitchen,Memory Foam Pillow,"Not very satisfied, has several problems.",2,"Nov 02, 2021",C96598,Jordan  De  Vries,05774,27
P4016-428,Sports,Adjustable Dumbbell Set,Good product overall with minor issues.,4,11-04-2021,C36081,J. Lee,1379,58
P8163-132,Clothing,Organic Cotton T-Shirt,"Great quality, very happy with this purchase.",5,11/23/2024,C74488,jordan hernandez,02099,42
P4127-869,Pet Supplies,Pet Grooming Brush,"Very disappointed, would not recommend.",1,20 Apr 2024,C46289,Robin Dubois,03493,43
P5813-106,Electronics,Fitness Smartwatch,"Great quality, very happy with this purchase.",5,23-08-2024,C14813,S. Smith,5889 CB,30
P6810-832,Books,Thriller Novel,"Already considering a replacement, which says enough.",2,08/11/2020,C37019,JORDAN BROWN,09739,24
P5963-267,Beauty,Matte Liquid Lipstick,Good product overall with minor issues.,4,09/07/2021,C38473,CHRIS SMITH,8203,61
P7234-704,Clothing,Slim Fit Jeans,"Very disappointed, would not recommend.",1,09/07/2020,C85799,MORGAN JOHNSON,4434,44
P5182-620,Clothing,Running Sneakers,"Very disappointed, would not recommend.",1,2022-07-24,C44449,Alex Hernandez,01934,42
P4757-818,Clothing,Waterproof Hiking Jacket,"Very disappointed, would not recommend.",1,25 Aug 2023,C71782,A. Lee,6296,19
P5801-480,Electronics,4K Ultra HD Smart TV,"Great quality, very happy with this purchase.",5,29/04/2022,C32890,M. Brown,3975 DZ,40
P6432-129,Electronics,Wireless Noise-Cancelling Headphones,Good product overall with minor issues.,4,11 Mar 2020,C63432,alex de vries,9604,36
P8215-237,Office,Desk Organizer,"Great quality, very happy with this purchase.",5,15 Jul 2024,C63729,chris johnson,9284,40
P8828-604,Books,Productivity Guidebook,"Great quality, very happy with this purchase.",5,05/02/2021,C27014,S. Taylor,02553,44
P9518-629,Office,Desk Organizer,"Great quality, very happy with this purchase.",5,12/14/2024,C27263,chris martins,03379,62
P4896-265,Electronics,Wireless Noise-Cancelling Headphones,Good product overall with minor issues.,4,2021-10-22,C73418,C. Taylor,7646 GO,59
P6586-926,Groceries,Gluten-Free Pasta,Good product overall with minor issues.,4,"Apr 30, 2024",C22648,chris de vries,6987 AR,32
P8146-666,Home & Kitchen,Electric Kettle,"Very disappointed, would not recommend.",1,"Nov 10, 2024",C76965,Taylor Brown,4634-35,56
P4775-810,Books,Sci-Fi Adventure,"Great quality, very happy with this purchase.",5,12/07/2020,C99180,sam hernandez,03491,74
P8807-579,Groceries,Extra Virgin Olive Oil,"Average experience, nothing special.",3,05 Oct 2020,C10046,J. Lee,6105,47
P7410-905,Toys,Educational Puzzle Game,"Not very satisfied, has several problems.",2,16-08-2023,C35345,TAYLOR GARCIA,5525,43
P9529-418,Electronics,Wireless Noise-Cancelling Headphones,"Great quality, very happy with this purchase.",5,29 Jul 2020,C40432,Robin Lee,09867,27
P2848-741,Electronics,Bluetooth Portable Speaker,Good product overall with minor issues.,4,"May 22, 2022",C73871,Jordan  Taylor,2451-87,72
P5590-962,Electronics,Wireless Noise-Cancelling Headphones,"Average experience, nothing special.",3,30 May 2021,C65003,JORDAN GARCIA,02656,43
P7157-721,Beauty,Gentle Face Cleanser,"Great quality, very happy with this purchase.",5,17 Nov 2024,C88861,Jamie Hernandez,02615,32
P8212-972,Sports,Cycling Helmet,Good product overall with minor issues.,4,"Mar 20, 2023",C86588,Pat Johnson,03137,46
P6389-201,Books,Productivity Guidebook,"Average experience, nothing special.",3,2022-04-24,C43228,chris garcia,5074 ZB,33
P3818-964,Sports,Cycling Helmet,Good product overall with minor issues.,4,2024-10-20,C90793,morgan taylor,6010,57
P6521-925,Beauty,Daily SPF 50 Sunscreen,Good product overall with minor issues.,4,10/01/2022,C52304,ALEX JOHNSON,6087-99,54
P7629-972,Electronics,Fitness Smartwatch,"Average experience, nothing special.",3,25 Oct 2020,C56373,Pat Brown,2697-47,47
P9101-329,Office,Ergonomic Office Chair,"Not very satisfied, has several problems.",2,17/05/2021,C38307,sam smith,1340-71,21
P7342-864,Clothing,Wool Winter Scarf,"Average experience, nothing special.",3,12/18/2023,C44544,pat garcia,4845 LC,65
P8794-648,Electronics,Fitness Smartwatch,"Average experience, nothing special.",3,"Aug 02, 2020",C55657,Morgan  Taylor,1871 OP,27
P2044-798,Home & Kitchen,Memory Foam Pillow,"Average experience, nothing special.",3,13 May 2020,C43031,Alex  Hernandez,3184-37,54
P9841-797,Pet Supplies,Cat Scratching Post,"Great quality, very happy with this purchase.",5,2021-10-06,C16943,CHRIS HERNANDEZ,02163,30
P2957-439,Electronics,USB-C Fast Charger,"Very disappointed, would not recommend.",1,11-07-2020,C99830,pat martins,8772,28
P4713-459,Home & Kitchen,Memory Foam Pillow,"Very disappointed, would not recommend.",1,26-11-2021,C78664,Jordan Smith,1997-17,
P7141-979,Electronics,Fitness Smartwatch,"Very disappointed, would not recommend.",1,19/12/2020,C75300,sam de vries,6656,49
P8292-131,Electronics,4K Ultra HD Smart TV,"Great quality, very happy with this purchase.",5,"Mar 20, 2020",C25765,JORDAN LEE,03955,28
P7370-902,Pet Supplies,Pet Grooming Brush,Good product overall with minor issues.,4,26 Aug 2020,C54347,TAYLOR GARCIA,9040,36
P2618-968,Sports,Foam Roller,"Great quality, very happy with this purchase.",5,05 Jul 2020,C79119,C. Hernandez,9547 RU,35
P1390-603,Home & Kitchen,Electric Kettle,"Very disappointed, would not recommend.",1,"Oct 20, 2021",C60961,Jordan Dubois,5705-99,26
P1785-647,Electronics,Bluetooth Portable Speaker,"Very disappointed, would not recommend.",1,04/06/2020,C56106,Morgan Smith,08107,30
P6247-174,Electronics,4K Ultra HD Smart TV,"Not very satisfied, has several problems.",2,11/10/2022,C90349,Alex Smith,4375-24,61
P7091-957,Clothing,Slim Fit Jeans,Good product overall with minor issues.,4,01/04/2020,C44422,Sam De Vries,1194 ZO,35
P4356-999,Groceries,Gluten-Free Pasta,"Average experience, nothing special.",3,18 Apr 2022,C94207,A. Hernandez,9245,38
P1684-812,Electronics,USB-C Fast Charger,Good product overall with minor issues.,4,20 Sep 2020,C19243,JAMIE JOHNSON,9004,30
P5284-211,Books,Cookbook: Easy Weeknight Meals,"Very disappointed, would not recommend.",1,19/03/2022,C82712,ROBIN TAYLOR,1584 DD,37
P8242-711,Clothing,Slim Fit Jeans,"Very disappointed, would not recommend.",1,"Sep 19, 2023",C34768,TAYLOR GARCIA,1232-53,20
P9283-165,Electronics,Bluetooth Portable Speaker,"Not very satisfied, has several problems.",2,11 Jan 2021,C96246,Robin Smith,2136-87,42
P3783-841,Clothing,Organic Cotton T-Shirt,"Average experience, nothing special.",3,2022-01-28,C13219,,,65
P1576-677,Books,Thriller Novel,"Great quality, very happy with this purchase.",5,2020-05-31,C72446,casey martins,7336 XH,53
P4667-247,Books,Cookbook: Easy Weeknight Meals,"Average experience, nothing special.",3,28 Jul 2023,C60915,jordan brown,1343 JE,38
P7899-527,Home & Kitchen,Electric Kettle,Good product overall with minor issues.,4,11-02-2024,C60913,robin garcia,7535,32
P9981-983,Books,Personal Finance Basics,Good product overall with minor issues.,4,06 Feb 2022,C61488,SAM DUBOIS,8410 YT,31
P1390-810,Electronics,USB-C Fast Charger,"Not very satisfied, has several problems.",2,"Mar 01, 2022",C45824,C. Brown,4240,32
P2590-905,Books,Productivity Guidebook,"Very disappointed, would not recommend.",1,2020-06-24,C94599,SAM TAYLOR,5193,47
P2081-471,Pet Supplies,Dog Chew Toy,"Great quality, very happy with this purchase.",5,"Oct 08, 2021",C68538,R. Garcia,5747 ZR,29
P5086-216,Books,Cookbook: Easy Weeknight Meals,"Not very satisfied, has several problems.",2,2022-06-30,C27773,pat dubois,3792-85,56
P6633-447,Pet Supplies,Pet Grooming Brush,"Very disappointed, would not recommend.",1,12/20/2024,C51774,JORDAN JOHNSON,3787-30,47
P6254-399,Office,Wireless Mouse,"Very disappointed, would not recommend.",1,"Dec 27, 2021",C74847,Alex Hernandez,7844-56,19
P6023-369,Electronics,4K Ultra HD Smart TV,Good product overall with minor issues.,4,06/05/2022,C33642,C. De Vries,9608 WK,43
P1314-409,Electronics,Fitness Smartwatch,Good product overall with minor issues.,4,12-02-2021,C14716,jordan martins,9398-64,35
P2389-924,Electronics,USB-C Fast Charger,"Average experience, nothing special.",3,"Oct 30, 2024",C13015,sam johnson,3901 ES,24
P3559-696,Groceries,Organic Almond Butter,Good product overall with minor issues.,4,07/16/2023,C23871,CASEY JOHNSON,3272,47
P7338-428,Home & Kitchen,Non-Stick Frying Pan Set,"Great quality, very happy with this purchase.",5,29-01-2021,C74920,Casey  Brown,2003 QA,31
P4064-968,Sports,Adjustable Dumbbell Set,"Average experience, nothing special.",3,28/03/2024,C93269,C. Lee,09301,33
P2059-163,Home & Kitchen,Memory Foam Pillow,"Very disappointed, would not recommend.",1,10/08/2022,C17917,CASEY MARTINS,8306,47
P5299-844,Pet Supplies,Pet Grooming Brush,"Average experience, nothing special.",3,07/12/2022,C72973,chris dubois,9013 XG,30
P8596-989,Toys,Plush Teddy Bear,Good product overall with minor issues.,4,15/07/2022,C34651,Sam Lee,4526-87,43
P6991-114,Beauty,Nourishing Hair Mask,Good product overall with minor issues.,4,08 Jun 2024,C29796,casey brown,1268 EI,25
P9177-543,Electronics,Fitness Smartwatch,Good product overall with minor issues.,4,10/10/2024,C97266,Alex Garcia,2096-71,49
P6547-745,Home & Kitchen,Memory Foam Pillow,Too many compromises for the price. I expected more consistency and better finish.,2,"Nov 01, 2023",C25970,Casey  Brown,06588,24
P4824-992,Home & Kitchen,Stainless Steel Knife Block,"Average experience, nothing special.",3,22-07-2023,C82744,C. Hernandez,4184-51,52
P9371-197,Groceries,Gluten-Free Pasta,Good product overall with minor issues.,4,16/03/2024,C20657,Morgan  Dubois,5358,31
P6361-464,Home & Kitchen,Non-Stick Frying Pan Set,"Great quality, very happy with this purchase.",5,"Sep 15, 2022",C47707,Pat  Brown,5009,60
P2972-402,Toys,Educational Puzzle Game,"Very disappointed, would not recommend.",1,15/02/2024,C76077,J. Taylor,07930,20
P3418-557,Electronics,USB-C Fast Charger,Good product overall with minor issues.,4,11/02/2023,C51168,Jamie  Lee,04240,30
P6165-951,Clothing,Slim Fit Jeans,Good product overall with minor issues.,4,2023-01-31,C94715,CHRIS MARTINS,01565,43
P3483-204,Pet Supplies,Cat Scratching Post,"Great quality, very happy with this purchase.",5,30 Nov 2020,C57227,CHRIS GARCIA,6629-73,26
P3606-218,Toys,Plush Teddy Bear,"Average experience, nothing special.",3,10/04/2021,C73871,Jordan  Taylor,2451-87,72
P3255-612,Sports,Adjustable Dumbbell Set,"Average experience, nothing special.",3,23-10-2021,C97852,Pat  Smith,5745 VW,47
P7031-621,Beauty,Gentle Face Cleanser,"Not very satisfied, has several problems.",2,24/03/2022,C10963,casey lee,07132,31
P1472-556,Beauty,Nourishing Hair Mask,"Great quality, very happy with this purchase.",5,27 Aug 2023,C63174,TAYLOR BROWN,7348-36,43
P1890-763,Home & Kitchen,Electric Kettle,"Not very satisfied, has several problems.",2,03/06/2023,C13121,jordan smith,3964-36,37
P5675-914,Clothing,Wool Winter Scarf,"Not very satisfied, has several problems.",2,"Jun 08, 2020",C16006,Taylor Lee,4814-58,36
P3613-199,Home & Kitchen,Electric Kettle,"Very disappointed, would not recommend.",1,23/01/2022,C65465,chris johnson,1366 BD,33
P8807-278,Beauty,Hydrating Face Serum,"Very disappointed, would not recommend.",1,2020-08-18,C69669,casey de vries,01369,29
P1217-690,Clothing,Slim Fit Jeans,"Very disappointed, would not recommend.",1,2023-09-06,C46808,jordan dubois,,31
P9004-910,Toys,Plush Teddy Bear,"Not very satisfied, has several problems.",2,05 Jan 2024,C83681,CASEY DUBOIS,03238,31
P9859-249,Groceries,Dark Chocolate Bar,"Average experience, nothing special.",3,14 Feb 2024,C32801,casey martins,6692-28,24
P6452-467,Home & Kitchen,Memory Foam Pillow,Good product overall with minor issues.,4,"Jul 12, 2022",C31532,Alex  Garcia,03376,30
P2833-613,Clothing,Running Sneakers,"Great quality, very happy with this purchase.",5,"Mar 26, 2020",C50306,taylor smith,2290,27
P2915-433,Toys,Plush Teddy Bear,"Average experience, nothing special.",3,28-01-2023,C61485,taylor hernandez,07684,68
P2766-607,Electronics,Fitness Smartwatch,"Not very satisfied, has several problems.",2,27 May 2020,C41697,Pat Lee,09879,67
P8415-221,Electronics,Bluetooth Portable Speaker,Good product overall with minor issues.,4,02 Jan 2022,C88323,jordan garcia,4415 TS,80
P7287-870,Home & Kitchen,Electric Kettle,"Great quality, very happy with this purchase.",5,2024-04-25,C86955,Casey Garcia,9033-58,40
P8449-488,Toys,Building Block Set,"Average experience, nothing special.",3,"May 09, 2021",C14501,Chris  Lee,8392,25
P8588-381,Electronics,4K Ultra HD Smart TV,"Great quality, very happy with this purchase.",5,"Mar 05, 2022",C16385,JORDAN HERNANDEZ,9466 OJ,18
P5080-105,Electronics,USB-C Fast Charger,Good product overall with minor issues.,4,07 May 2024,C33151,pat smith,4660 VS,19
P1387-548,Electronics,Fitness Smartwatch,Good product overall with minor issues.,4,20 Jan 2022,C78835,CHRIS DE VRIES,8760,38
P3253-223,Clothing,Slim Fit Jeans,"Very disappointed, would not recommend.",1,2020-11-27,C97115,T. Dubois,9944 IP,30
P1183-480,Sports,Running Shorts,"Very disappointed, would not recommend.",1,2022-11-10,C69241,,2075,18
P4091-779,Groceries,Whole Bean Coffee,Good product overall with minor issues.,4,06-09-2022,C32599,P. De Vries,9870-19,29
P5047-741,Electronics,4K Ultra HD Smart TV,Good product overall with minor issues.,4,15 Sep 2024,C39536,JORDAN MARTINS,8075,37
P8853-729,Groceries,Whole Bean Coffee,"Great quality, very happy with this purchase.",5,25-12-2024,C93275,Sam  Taylor,5712 CN,38
P5601-575,Home & Kitchen,Electric Kettle,"Average experience, nothing special.",3,"Sep 13, 2021",C50388,Robin  De  Vries,3248 CW,35
P9413-333,Groceries,Dark Chocolate Bar,"Average experience, nothing special.",3,25/10/2021,C55680,Jordan Taylor,09481,44
P4112-803,Sports,Cycling Helmet,"Average experience, nothing special.",3,"Dec 30, 2023",C36799,Robin  Hernandez,02920,23
P5024-501,Toys,Remote Control Car,Good product overall with minor issues.,4,01/08/2024,C70172,MORGAN GARCIA,2180 MR,61
P9374-681,Books,Cookbook: Easy Weeknight Meals,Good product overall with minor issues.,4,02/11/2021,C25007,Taylor Dubois,6744-69,37
P6920-878,Electronics,Wireless Noise-Cancelling Headphones,"Very disappointed, would not recommend.",1,2020-03-25,C81891,MORGAN LEE,,26
P4943-336,Home & Kitchen,Electric Kettle,"Not very satisfied, has several problems.",2,"Jun 20, 2023",C44961,Morgan Garcia,3485,32
P5419-928,Electronics,Fitness Smartwatch,Good product overall with minor issues.,4,2020-09-12,C63267,Taylor  Taylor,3713-38,25
P2343-518,Home & Kitchen,Non-Stick Frying Pan Set,Good product overall with minor issues.,4,25/06/2022,C60393,CASEY MARTINS,5451,58
P4366-481,Toys,Family Board Game,"Not very satisfied, has several problems.",2,2023-12-11,C99558,P. Brown,4393,33
P4998-760,Electronics,Fitness Smartwatch,"Very disappointed, would not recommend.",1,15 Jul 2022,C60969,casey garcia,1335 XO,63
P9473-713,Electronics,4K Ultra HD Smart TV,"Great quality, very happy with this purchase.",5,17/07/2024,C59996,C. Smith,02474,44
P5563-991,Home & Kitchen,Electric Kettle,"Not very satisfied, has several problems.",2,14-04-2021,C78224,Jamie Taylor,01854,50
P2262-168,Office,Desk Organizer,Lived up to none of the promises in the description.,1,07/26/2020,C33426,,07044,30
P1931-503,Electronics,Fitness Smartwatch,"Not very satisfied, has several problems.",2,2020-12-08,C27339,Taylor Hernandez,5575 OF,52
P9027-793,Home & Kitchen,Air Purifier,Good product overall with minor issues.,4,"Feb 01, 2023",C78819,robin de vries,7638-77,66
P2892-718,Home & Kitchen,Stainless Steel Knife Block,Good product overall with minor issues.,4,22-02-2022,C13129,CHRIS DUBOIS,1262,49
P1268-332,Clothing,Slim Fit Jeans,Good product overall with minor issues.,4,01-06-2021,C70975,Chris  Taylor,7812-41,64
P5816-463,Clothing,Wool Winter Scarf,"Great quality, very happy with this purchase.",5,03-02-2023,C15929,Jamie Garcia,07699,58
P5417-161,Electronics,Fitness Smartwatch,"Very disappointed, would not recommend.",1,09/11/2022,C58662,Alex  Dubois,8541 KJ,41
P9289-168,Beauty,Gentle Face Cleanser,"Not very satisfied, has several problems.",2,16-08-2024,C67653,JORDAN BROWN,4216,37
P7994-660,Electronics,4K Ultra HD Smart TV,"Already considering a replacement, which says enough.",2,06/06/2021,C68606,A. Garcia,8126 ZB,37
P9085-216,Pet Supplies,Cat Scratching Post,"Very disappointed, would not recommend.",1,02-10-2023,C54923,Casey Garcia,05228,35
P5018-331,Clothing,Waterproof Hiking Jacket,"Very disappointed, would not recommend.",1,07-06-2022,C76694,Jordan Dubois,7630,33
P2615-814,Home & Kitchen,Memory Foam Pillow,"Great quality, very happy with this purchase.",5,11/01/2022,C62409,pat hernandez,2329,47
P6468-479,Clothing,Organic Cotton T-Shirt,"Very disappointed, would not recommend.",1,22/09/2021,C74469,pat hernandez,8046-46,30
P3458-653,Electronics,Wireless Noise-Cancelling Headphones,Good product overall with minor issues.,4,2022-10-05,C94930,SAM SMITH,3909,36
P6409-202,Electronics,Bluetooth Portable Speaker,"Very disappointed, would not recommend.",1,2023-04-08,C90525,A. Taylor,7403-72,43
P3578-758,Clothing,Waterproof Hiking Jacket,"Great quality, very happy with this purchase.",5,15-07-2020,C47184,Alex Martins,03667,20
P6351-315,Pet Supplies,Dog Chew Toy,"Not very satisfied, has several problems.",2,02/08/2022,C14823,Jamie  Smith,2928,65
P7715-225,Sports,Running Shorts,"Great quality, very happy with this purchase.",5,"Feb 02, 2024",C37495,robin smith,7402,26
P8366-236,Office,Mechanical Keyboard,"Average experience, nothing special.",3,06 Mar 2024,C51259,CASEY BROWN,3689-63,35
P7846-139,Groceries,Whole Bean Coffee,"Very disappointed, would not recommend.",1,07/17/2023,C90593,CHRIS GARCIA,8910-74,29
P4222-545,Groceries,Dark Chocolate Bar,"Very disappointed, would not recommend.",1,20 Jul 2022,C48036,MORGAN DUBOIS,6449,27
P4651-560,Home & Kitchen,Stainless Steel Knife Block,"Average experience, nothing special.",3,06 Sep 2021,C40077,,01070,39
P7828-116,Books,Sci-Fi Adventure,"Great quality, very happy with this purchase.",5,13 Nov 2024,C93888,J. Hernandez,9136-37,42
P4281-114,Home & Kitchen,Air Purifier,Good product overall with minor issues.,4,06/12/2020,C72896,ALEX JOHNSON,5230,33
P9885-808,Pet Supplies,Dog Chew Toy,"Great quality, very happy with this purchase.",5,2023-08-01,C90335,A. Smith,,40
P3932-216,Toys,Remote Control Car,Good product overall with minor issues.,4,2021-11-22,C80070,ROBIN DE VRIES,5559-55,56
P2039-266,Pet Supplies,Grain-Free Dog Food,"Not very satisfied, has several problems.",2,01/12/2021,C80098,Taylor Dubois,6757,24
P2096-862,Electronics,USB-C Fast Charger,"Not very satisfied, has several problems.",2,05 Sep 2024,C74798,morgan dubois,7043,39
P6163-982,Home & Kitchen,Non-Stick Frying Pan Set,Good product overall with minor issues.,4,23/06/2020,C87941,M. De Vries,3224 RR,55
P5807-139,Books,Personal Finance Basics,"Very disappointed, would not recommend.",1,04/22/2020,C27946,Jordan Martins,5598 NC,72
P3251-637,Home & Kitchen,Non-Stick Frying Pan Set,"Great quality, very happy with this purchase.",5,2023-05-12,C22472,jordan garcia,3027,27
P9946-404,Groceries,Dark Chocolate Bar,"Great quality, very happy with this purchase.",5,09/09/2023,C17505,alex garcia,5582,78
P3242-170,Home & Kitchen,Non-Stick Frying Pan Set,"Very disappointed, would not recommend.",1,2023-04-19,C89370,jordan lee,2932,29
P2343-442,Pet Supplies,Cat Scratching Post,"It’s okay. Works most of the time, but I’ve noticed a few quirks and limitations.",3,14 Jan 2021,C23614,alex dubois,3075,77
P9071-660,Sports,Adjustable Dumbbell Set,"Not very satisfied, has several problems.",2,01-05-2020,C97409,Pat Taylor,5795 MS,43
P1023-217,Beauty,Nourishing Hair Mask,Good product overall with minor issues.,4,24/04/2023,C26802,Casey Brown,2965-41,26
P2845-688,Office,Mechanical Keyboard,"Very disappointed, would not recommend.",1,27/08/2023,C11803,pat johnson,8324,48
P3390-311,Clothing,Slim Fit Jeans,Good product overall with minor issues.,4,24/12/2021,C96809,Taylor  Dubois,5487 IA,30
P3305-390,Clothing,Waterproof Hiking Jacket,"Average experience, nothing special.",3,28-12-2020,C72027,Morgan  Johnson,6699 HO,33
P8961-493,Electronics,4K Ultra HD Smart TV,"Not very satisfied, has several problems.",2,"Feb 03, 2023",C28965,J. Lee,9552 DI,22
P5130-929,Home & Kitchen,Stainless Steel Knife Block,"Not very satisfied, has several problems.",2,,C90425,Casey De Vries,9143-10,25
P6019-838,Electronics,Wireless Noise-Cancelling Headphones,Good product overall with minor issues.,4,29 May 2021,C86833,T. Martins,6847,31
P4728-541,Books,Personal Finance Basics,"Great quality, very happy with this purchase.",5,03 Feb 2020,C38307,sam smith,1340-71,21
P2681-797,Office,Ergonomic Office Chair,"Great quality, very happy with this purchase.",5,22 Jun 2022,C97590,Alex  Martins,9631,34
P8370-314,Office,Desk Organizer,"Very disappointed, would not recommend.",1,28/11/2021,C22256,Jordan  Hernandez,,50
P6418-202,Home & Kitchen,Electric Kettle,"Very disappointed, would not recommend.",1,"Oct 28, 2022",C85454,Jordan  Smith,6717-67,30
P4837-855,Electronics,4K Ultra HD Smart TV,"Very disappointed, would not recommend.",1,09/02/2024,C37403,taylor brown,02003,29
P3521-804,Sports,Running Shorts,"Very disappointed, would not recommend.",1,03/09/2024,C10999,SAM GARCIA,03868,18
P5360-830,Beauty,Matte Liquid Lipstick,"Great quality, very happy with this purchase.",5,"Jan 01, 2024",C79581,Casey Hernandez,8422,78
P5263-720,Clothing,Waterproof Hiking Jacket,"Not very satisfied, has several problems.",2,2024-02-11,C48736,Pat  De  Vries,2491-24,49
P3215-154,Clothing,Wool Winter Scarf,"Great quality, very happy with this purchase.",5,"Jan 03, 2021",C26571,Taylor  Smith,9907-40,27
P9036-970,Electronics,USB-C Fast Charger,"Not very satisfied, has several problems.",2,13/10/2020,C21715,M. Brown,2170 UR,35
P1396-983,Electronics,Wireless Noise-Cancelling Headphones,"Very disappointed, would not recommend.",1,06/20/2020,C93498,CASEY JOHNSON,4119 ZD,42
P6125-488,Electronics,Bluetooth Portable Speaker,"Very disappointed, would not recommend.",1,"Jun 15, 2024",C48291,JORDAN BROWN,03423,40
P1695-421,Home & Kitchen,Air Purifier,Good product overall with minor issues.,4,2022-08-18,C71251,Alex  Smith,01045,21
P3014-341,Clothing,Wool Winter Scarf,Good product overall with minor issues.,4,11/01/2020,C52158,chris smith,3789-58,46
P6817-905,Books,Sci-Fi Adventure,"Very disappointed, would not recommend.",1,,C78920,SAM BROWN,5387-25,20
P3907-660,Books,Cookbook: Easy Weeknight Meals,Good product overall with minor issues.,4,17/10/2022,C59556,T. De Vries,7548 EV,37
P5875-262,Sports,Running Shorts,"Very disappointed, would not recommend.",1,12-05-2021,C27106,Chris  De  Vries,2705 YI,26
P1693-291,Sports,Cycling Helmet,Good product overall with minor issues.,4,03/06/2024,C58371,C. De Vries,5814,23
P9689-617,Home & Kitchen,Air Purifier,"Very disappointed, would not recommend.",1,30/04/2024,C58283,T. De Vries,9499,71
P1942-973,Home & Kitchen,Stainless Steel Knife Block,"Average experience, nothing special.",3,04/05/2021,C37385,Chris Taylor,05222,18
P8642-838,Books,Sci-Fi Adventure,"Very disappointed, would not recommend.",1,2023-01-19,C36033,TAYLOR HERNANDEZ,4243 EM,52
P9137-876,Sports,Foam Roller,"Average experience, nothing special.",3,2022-03-08,C75625,P. De Vries,9592-11,67
P9583-113,Electronics,4K Ultra HD Smart TV,"Not very satisfied, has several problems.",2,10-11-2023,C93471,R. Lee,2961-63,80
P2161-927,Electronics,Fitness Smartwatch,"Very disappointed, would not recommend.",1,"Nov 18, 2024",C85370,Jordan  Johnson,4700,35
P9287-251,Sports,Adjustable Dumbbell Set,"Very disappointed, would not recommend.",1,06-05-2021,C54262,PAT JOHNSON,01597,20
P4893-604,Electronics,Bluetooth Portable Speaker,Good product overall with minor issues.,4,27-05-2022,C16076,MORGAN JOHNSON,3110 AB,62
P7328-257,Groceries,Organic Almond Butter,Good product overall with minor issues.,4,05/28/2020,C37899,J. Brown,5161-55,38
P3336-736,Clothing,Wool Winter Scarf,"Not very satisfied, has several problems.",2,12/10/2022,C15287,jamie taylor,1081-67,55
P4472-339,Electronics,Wireless Noise-Cancelling Headphones,"Average experience, nothing special.",3,12 Jun 2023,C37479,Robin Lee,2133-62,49
P2062-922,Home & Kitchen,Air Purifier,"Average experience, nothing special.",3,"Aug 08, 2021",C12067,Robin  Lee,3713 TW,38
P8474-191,Books,Sci-Fi Adventure,"Great quality, very happy with this purchase.",5,28/08/2021,C57996,C. Martins,5066,34
P4119-210,Electronics,4K Ultra HD Smart TV,"Not very satisfied, has several problems.",2,14/09/2024,C28519,Pat  Martins,1897 WA,76
P4537-416,Beauty,Matte Liquid Lipstick,"Great quality, very happy with this purchase.",5,23/01/2024,C38887,Chris Hernandez,4997-76,42
P3334-811,Office,Ergonomic Office Chair,"Great quality, very happy with this purchase.",5,03-06-2023,C81991,Sam  Martins,06877,33
P1244-675,Pet Supplies,Cat Scratching Post,Good product overall with minor issues.,4,14-07-2024,C78920,SAM BROWN,5387-25,20
P5127-963,Pet Supplies,Grain-Free Dog Food,"Not very satisfied, has several problems.",2,,C29523,T. Hernandez,6091-44,46
P8114-714,Beauty,Gentle Face Cleanser,Works flawlessly and feels well built. Exactly what I needed.,5,17-12-2024,C32617,A. Taylor,08199,56
P6486-943,Electronics,Fitness Smartwatch,"Very disappointed, would not recommend.",1,2020-04-08,C17338,CASEY LEE,2198-51,38
P1824-847,Beauty,Matte Liquid Lipstick,One of the worst purchases I’ve made. Does not match the description at all.,1,27 Mar 2021,C12204,Robin  Dubois,5612 BW,65
P9062-842,Electronics,Wireless Noise-Cancelling Headphones,Good product overall with minor issues.,4,2022-02-26,C84110,C. Johnson,5317,78
P6863-832,Electronics,Bluetooth Portable Speaker,"Not very satisfied, has several problems.",2,02/18/2021,C62600,,2296 GF,47
P3168-578,Clothing,Waterproof Hiking Jacket,Good product overall with minor issues.,4,"Jan 23, 2023",C59280,jamie taylor,2217-79,33
P9360-144,Groceries,Gluten-Free Pasta,"Very disappointed, would not recommend.",1,06/02/2022,C16933,taylor dubois,5098-60,28
P1229-953,Pet Supplies,Grain-Free Dog Food,"Not very satisfied, has several problems.",2,2023-08-01,C87200,MORGAN BROWN,4168 NF,35
P9836-348,Clothing,Slim Fit Jeans,"Very disappointed, would not recommend.",1,"Oct 02, 2024",C99329,CHRIS MARTINS,04750,25
P8431-589,Pet Supplies,Grain-Free Dog Food,"Very disappointed, would not recommend.",1,04-04-2022,C63095,Morgan Brown,1253 AM,27
P6997-115,Electronics,USB-C Fast Charger,"Average experience, nothing special.",3,09-01-2023,C44722,PAT HERNANDEZ,02193,50
P9753-891,Books,Productivity Guidebook,"Average experience, nothing special.",3,26-04-2021,C81022,Jordan De Vries,3594,71
P5108-619,Clothing,Wool Winter Scarf,"Average experience, nothing special.",3,20/08/2023,C89376,Chris  Hernandez,02081,39
P6848-283,Beauty,Hydrating Face Serum,"Not very satisfied, has several problems.",2,19-01-2023,C72600,T. De Vries,4059,53
P9719-604,Clothing,Wool Winter Scarf,Good product overall with minor issues.,4,14/01/2023,C85313,Pat  De  Vries,3521-26,43
P4051-798,Clothing,Running Sneakers,"Not very satisfied, has several problems.",2,2022-01-25,C13918,chris martins,06437,25
P5115-286,Groceries,Gluten-Free Pasta,"Great quality, very happy with this purchase.",5,16-03-2022,C35704,Sam Garcia,5819,29
P9948-686,Home & Kitchen,Memory Foam Pillow,"Very disappointed, would not recommend.",1,27-11-2021,C20434,Chris  Brown,06535,66
P6625-642,Books,Thriller Novel,"Great quality, very happy with this purchase.",5,19 May 2024,C39301,Morgan  Johnson,7409 AU,33
P5287-329,Clothing,Waterproof Hiking Jacket,"Very disappointed, would not recommend.",1,02/01/2021,C25725,MORGAN HERNANDEZ,2854-86,26
P4443-503,Electronics,Bluetooth Portable Speaker,"Average experience, nothing special.",3,06/29/2020,C24093,chris garcia,04548,31
P1750-116,Clothing,Waterproof Hiking Jacket,"Great quality, very happy with this purchase.",5,28/06/2021,C94320,Jamie Lee,2427,39
P3156-875,Books,Sci-Fi Adventure,Good product overall with minor issues.,4,01/14/2020,C40803,Morgan  De  Vries,6706 EK,38
P8245-386,Sports,Foam Roller,"Average experience, nothing special.",3,01/11/2024,C12204,Robin  Dubois,5612 BW,65
P7913-472,Home & Kitchen,Air Purifier,"Average experience, nothing special.",3,01 Jun 2024,C47753,SAM DE VRIES,,35
P4802-174,Home & Kitchen,Memory Foam Pillow,"Not very satisfied, has several problems.",2,25 Sep 2020,C25169,CHRIS GARCIA,1091 PB,38
P7321-700,Clothing,Running Sneakers,"Great quality, very happy with this purchase.",5,07-01-2024,C58283,T. De Vries,9499,71
P3452-864,Pet Supplies,Cat Litter Odor Control,"Very disappointed, would not recommend.",1,09/22/2020,C31981,chris lee,02140,19
P3346-999,Electronics,Fitness Smartwatch,"Very disappointed, would not recommend.",1,07/07/2023,C17731,Pat Smith,9512,30
P8471-281,Clothing,Organic Cotton T-Shirt,"Not very satisfied, has several problems.",2,17-12-2021,C44123,C. De Vries,8927,43
P7265-773,Beauty,Nourishing Hair Mask,"Great quality, very happy with this purchase.",5,08 May 2021,C94599,SAM TAYLOR,5193,47
P4249-553,Electronics,4K Ultra HD Smart TV,"Not very satisfied, has several problems.",2,02 Mar 2023,C34398,ALEX GARCIA,03542,44
P2234-755,Home & Kitchen,Air Purifier,"Average experience, nothing special.",3,"Apr 28, 2021",C40992,S. Garcia,5006-79,42
P4585-265,Sports,Running Shorts,Good product overall with minor issues.,4,,C84847,Chris Lee,09161,50
P2144-265,Books,Personal Finance Basics,"Very disappointed, would not recommend.",1,09/11/2021,C88105,Robin De Vries,2843,55
P3207-912,Electronics,Wireless Noise-Cancelling Headphones,"Average experience, nothing special.",3,24 Mar 2022,C17115,MORGAN TAYLOR,1728 RP,59
P9426-465,Sports,Cycling Helmet,"Not very satisfied, has several problems.",2,29 Apr 2021,C17979,ALEX TAYLOR,5949,27
P4441-992,Toys,Educational Puzzle Game,"Great quality, very happy with this purchase.",5,2024-11-11,C21539,Sam  Hernandez,8035 PM,42
P5960-303,Beauty,Hydrating Face Serum,Good product overall with minor issues.,4,21 Jul 2021,C77027,T. Smith,4216-83,40
P3486-218,Clothing,Slim Fit Jeans,"Not very satisfied, has several problems.",2,2020-11-18,C70338,P. Dubois,3287,47
P8315-239,Books,Productivity Guidebook,"Average experience, nothing special.",3,17 Sep 2023,C67361,Taylor Taylor,4507,38
P9535-206,Beauty,Daily SPF 50 Sunscreen,"Not very satisfied, has several problems.",2,04/14/2024,C21809,J. Smith,07468,35
P4172-817,Home & Kitchen,Non-Stick Frying Pan Set,"Average experience, nothing special.",3,17 Dec 2021,C18653,A. Taylor,6656,60
P6351-652,Electronics,Bluetooth Portable Speaker,"Average experience, nothing special.",3,03/04/2022,C27083,taylor smith,2227-29,40
P3725-713,Clothing,Organic Cotton T-Shirt,"Great quality, very happy with this purchase.",5,05-05-2020,C21190,Pat Martins,1366 EE,22
P4634-818,Toys,Building Block Set,"Average experience, nothing special.",3,07/03/2020,C23970,PAT TAYLOR,9486 RH,64
P7933-905,Beauty,Daily SPF 50 Sunscreen,"Average experience, nothing special.",3,2023-06-29,C87348,chris garcia,3825-42,
P9424-225,Electronics,Wireless Noise-Cancelling Headphones,"Very disappointed, would not recommend.",1,2021-02-28,C64076,MORGAN TAYLOR,7531 CP,41
P1499-989,Electronics,Fitness Smartwatch,"Very disappointed, would not recommend.",1,02 Dec 2021,C20730,Morgan  Dubois,6927,26
P1783-932,Home & Kitchen,Non-Stick Frying Pan Set,"Average experience, nothing special.",3,"Jan 09, 2022",C74491,Jordan Taylor,3866,25
P5157-608,Clothing,Running Sneakers,"Very disappointed, would not recommend.",1,2021-02-22,C53746,T. Taylor,3565-66,74
P8782-119,Home & Kitchen,Memory Foam Pillow,"Very disappointed, would not recommend.",1,04/27/2020,C65779,Jamie Lee,1408-24,43
P9910-886,Home & Kitchen,Memory Foam Pillow,"Great quality, very happy with this purchase.",5,19 May 2020,C92716,JORDAN HERNANDEZ,05084,55
P9141-504,Home & Kitchen,Air Purifier,"Great quality, very happy with this purchase.",5,19-12-2022,C94938,Jamie  Taylor,08192,21
P5696-150,Electronics,USB-C Fast Charger,Good product overall with minor issues.,4,"Sep 09, 2022",C40578,Sam  Garcia,04455,79
P3705-541,Electronics,Bluetooth Portable Speaker,"Not very satisfied, has several problems.",2,23/02/2020,C77576,Robin De Vries,2731,30
P2371-340,Toys,Family Board Game,"Average experience, nothing special.",3,02 Nov 2023,C84915,Morgan  Hernandez,8349-24,39
P1500-934,Pet Supplies,Pet Grooming Brush,"Very disappointed, would not recommend.",1,24-01-2023,C49860,MORGAN BROWN,2970 LQ,32
P5251-653,Electronics,Wireless Noise-Cancelling Headphones,"Very disappointed, would not recommend.",1,07-05-2022,C97370,Jamie Brown,07230,37
P5430-910,Beauty,Gentle Face Cleanser,"Not very satisfied, has several problems.",2,13 May 2023,C76150,S. Dubois,07424,76
P7938-215,Home & Kitchen,Non-Stick Frying Pan Set,"Average experience, nothing special.",3,2022-05-24,C82331,Taylor  Brown,4672 ML,39
P7908-818,Beauty,Gentle Face Cleanser,"Average experience, nothing special.",3,"Sep 06, 2024",C81669,Taylor Lee,8033,34
P4983-945,Electronics,Bluetooth Portable Speaker,Good product overall with minor issues.,4,"Jul 17, 2021",C10044,Morgan Hernandez,4637 MR,52
P8293-716,Office,Desk Organizer,"Great quality, very happy with this purchase.",5,19-05-2020,C56805,jamie garcia,2698-52,36
P6861-777,Office,Wireless Mouse,"Great quality, very happy with this purchase.",5,03/08/2023,C36813,pat johnson,08784,20
P3712-468,Clothing,Organic Cotton T-Shirt,"Average experience, nothing special.",3,03/16/2024,C44364,JAMIE HERNANDEZ,06208,23
P2070-890,Sports,Running Shorts,"Great quality, very happy with this purchase.",5,16 Sep 2020,C80548,C. De Vries,09957,61
P2713-906,Home & Kitchen,Air Purifier,"Not very satisfied, has several problems.",2,09/15/2024,C61710,Pat  Lee,09821,79
P6362-448,Home & Kitchen,Non-Stick Frying Pan Set,"Great quality, very happy with this purchase.",5,06/18/2021,C16461,J. Johnson,3958,60
P2287-532,Electronics,USB-C Fast Charger,"Very disappointed, would not recommend.",1,"Apr 10, 2021",C82776,Pat  Taylor,5072 WU,41
P5933-926,Electronics,Fitness Smartwatch,"Not very satisfied, has several problems.",2,"Sep 03, 2021",C42796,sam smith,7165-97,24
P5294-265,Home & Kitchen,Electric Kettle,"Very disappointed, would not recommend.",1,08/06/2024,C57734,robin dubois,01478,54
P7054-364,Clothing,Slim Fit Jeans,Good product overall with minor issues.,4,28-11-2024,C93038,sam martins,5738,
P2940-279,Clothing,Slim Fit Jeans,"Not very satisfied, has several problems.",2,25/08/2021,C69234,P. Dubois,8765 EY,27
P5115-646,Home & Kitchen,Air Purifier,"Great quality, very happy with this purchase.",5,02-08-2023,C10802,MORGAN SMITH,9458-71,49
P5476-556,Pet Supplies,Grain-Free Dog Food,"Good product and quick delivery. One feature is a bit confusing, but I’m satisfied.",4,11-01-2024,C31510,PAT JOHNSON,2817-16,33
P9721-149,Books,Personal Finance Basics,Good product overall with minor issues.,4,02/08/2023,C93303,Sam Garcia,9422,42
P1772-132,Office,Mechanical Keyboard,Good product overall with minor issues.,4,06/05/2021,C47382,R. Garcia,4224-19,31
P2390-561,Sports,Running Shorts,Good product overall with minor issues.,4,03-05-2024,C41836,Jordan  Brown,1503,22
P2102-721,Beauty,Hydrating Face Serum,Good product overall with minor issues.,4,2021-05-20,C93275,taylor smith,4760 RQ,20
P9432-170,Groceries,Organic Almond Butter,Good product overall with minor issues.,4,21-06-2022,C77395,jamie martins,3822 IV,69
P4562-561,Beauty,Nourishing Hair Mask,"Great quality, very happy with this purchase.",5,2020-08-07,C95316,C. Taylor,3020,41
P9645-626,Books,Sci-Fi Adventure,"Not very satisfied, has several problems.",2,17 Dec 2024,C50117,Chris  Dubois,3176-23,39
P7247-827,Office,Desk Organizer,"Average experience, nothing special.",3,12/24/2020,C96283,MORGAN MARTINS,9151-29,55
P3473-215,Books,Productivity Guidebook,"Great quality, very happy with this purchase.",5,2022-10-20,C30593,Casey Taylor,9471-16,51
P2032-808,Groceries,Organic Almond Butter,"Great quality, very happy with this purchase.",5,01-03-2022,C25022,Alex  Smith,08878,42
P5740-426,Pet Supplies,Cat Scratching Post,"Not very satisfied, has several problems.",2,2023-08-06,C16208,Robin  Lee,3265,
P7623-286,Office,A4 Printer Paper,"Very disappointed, would not recommend.",1,01/27/2022,C87113,Pat Dubois,6429,58
P7077-406,Groceries,Extra Virgin Olive Oil,"Very disappointed, would not recommend.",1,2023-12-22,C39464,Jordan Smith,9874 MT,22
P8043-529,Books,Thriller Novel,"Great quality, very happy with this purchase.",5,02/18/2021,C59534,Morgan  Hernandez,7639,45
P8951-900,Electronics,Fitness Smartwatch,"Great quality, very happy with this purchase.",5,05/28/2020,C13015,sam johnson,3901 ES,24
P4878-229,Electronics,Fitness Smartwatch,"Very disappointed, would not recommend.",1,27/06/2020,C56990,Robin  De  Vries,4060 JC,25
P6498-622,Toys,Remote Control Car,"Average experience, nothing special.",3,29-08-2020,C48114,Jamie  Brown,07309,48
P3257-546,Sports,Running Shorts,"Average experience, nothing special.",3,28/12/2020,C89370,jordan lee,2932,29
P7003-372,Pet Supplies,Dog Chew Toy,"Not very satisfied, has several problems.",2,"Aug 03, 2020",C48489,Chris Dubois,1743 YQ,43
P2038-747,Electronics,Wireless Noise-Cancelling Headphones,Good product overall with minor issues.,4,25 Mar 2021,C63740,Jordan  Smith,4461-45,21
P1082-159,Groceries,Gluten-Free Pasta,"Very disappointed, would not recommend.",1,"Sep 21, 2022",C77726,S. Brown,8415,38
P1965-905,Electronics,Wireless Noise-Cancelling Headphones,"Average experience, nothing special.",3,25 Feb 2023,C17733,Jamie  Johnson,01016,24
P4725-936,Groceries,Gluten-Free Pasta,Good product overall with minor issues.,4,"Apr 19, 2020",C69600,J. Taylor,1349,29
P2419-998,Pet Supplies,Dog Chew Toy,"Great quality, very happy with this purchase.",5,03/21/2023,C52890,Jordan Taylor,3307-76,43
P2893-523,Home & Kitchen,Electric Kettle,"Very disappointed, would not recommend.",1,02 Jul 2023,C28514,Robin Taylor,9821,63
P2125-579,Clothing,Slim Fit Jeans,"Average experience, nothing special.",3,12 Mar 2021,C43558,morgan taylor,3480 BM,22
P5908-654,Sports,Cycling Helmet,"Great quality, very happy with this purchase.",5,"Feb 03, 2021",C33183,chris taylor,5881 ER,35
P6774-181,Clothing,Waterproof Hiking Jacket,"Average experience, nothing special.",3,24/03/2022,C33956,ALEX HERNANDEZ,6460-51,40
P2640-573,Home & Kitchen,Non-Stick Frying Pan Set,"Great quality, very happy with this purchase.",5,2022-03-05,C12503,Sam Garcia,08293,30
P2362-798,Toys,Remote Control Car,"Not very satisfied, has several problems.",2,2020-01-02,C33886,R. Garcia,6854-17,38
P6685-917,Groceries,Whole Bean Coffee,"Great quality, very happy with this purchase.",5,15-06-2021,C90954,Chris  Smith,1718-73,39
P6999-759,Beauty,Gentle Face Cleanser,"Very disappointed, would not recommend.",1,,C18619,Alex Smith,5716-89,34
P4514-538,Home & Kitchen,Non-Stick Frying Pan Set,"Very disappointed, would not recommend.",1,"Nov 03, 2022",C47252,Jamie  Johnson,2536-93,44
P6578-250,Groceries,Dark Chocolate Bar,"Very disappointed, would not recommend.",1,10-01-2022,C58655,M. Johnson,9452-46,30
P1963-175,Books,Sci-Fi Adventure,"Great quality, very happy with this purchase.",5,03 Mar 2022,C44441,Alex Taylor,9207 VE,51
P1336-102,Home & Kitchen,Memory Foam Pillow,Good product overall with minor issues.,4,02-10-2022,C30601,CHRIS GARCIA,03632,18
P9802-360,Home & Kitchen,Electric Kettle,"Not very satisfied, has several problems.",2,2023-04-07,C96703,casey brown,4626 DC,26
P7783-622,Home & Kitchen,Air Purifier,"Average experience, nothing special.",3,2021-05-12,C25289,jamie martins,4603-88,70
P9897-561,Groceries,Dark Chocolate Bar,"Average experience, nothing special.",3,"Oct 21, 2024",C21498,S. Hernandez,7938 MB,
P9530-291,Clothing,Waterproof Hiking Jacket,"Very disappointed, would not recommend.",1,07-06-2021,C13232,CASEY BROWN,8289,24
P3800-169,Pet Supplies,Grain-Free Dog Food,"Average experience, nothing special.",3,2022-12-10,C74072,Alex  Garcia,8106,38
P8707-271,Home & Kitchen,Electric Kettle,"Very disappointed, would not recommend.",1,"Feb 20, 2022",C16598,Chris  Taylor,4538,80
P1875-773,Home & Kitchen,Stainless Steel Knife Block,"Very disappointed, would not recommend.",1,18/11/2022,C72491,SAM SMITH,04502,32
P3157-867,Office,Wireless Mouse,"Great quality, very happy with this purchase.",5,2024-03-11,C48877,taylor brown,1621,59
P1591-749,Sports,Adjustable Dumbbell Set,"Not very satisfied, has several problems.",2,04/13/2020,C29564,TAYLOR BROWN,8191 EW,19
P7670-359,Clothing,Organic Cotton T-Shirt,Good product overall with minor issues.,4,2021-02-07,C17528,chris hernandez,8208 LM,64
P7811-799,Office,Ergonomic Office Chair,"Very disappointed, would not recommend.",1,08/19/2022,C89707,Alex  Brown,9698,61
P3471-681,Clothing,Slim Fit Jeans,"Very disappointed, would not recommend.",1,29/06/2024,C65023,Robin  Smith,7011 LN,21
P9390-923,Pet Supplies,Grain-Free Dog Food,Good product overall with minor issues.,4,01/11/2022,C96246,Robin Smith,2136-87,42
P6016-719,Clothing,Slim Fit Jeans,"Not very satisfied, has several problems.",2,08/01/2024,C55061,A. Lee,7175,30
P3251-948,Home & Kitchen,Electric Kettle,"Average experience, nothing special.",3,"Sep 02, 2023",C44937,S. Johnson,09408,78
P3416-754,Books,Personal Finance Basics,"Not very satisfied, has several problems.",2,01/23/2024,C21093,C. Hernandez,5319,32
P1943-473,Pet Supplies,Dog Chew Toy,"Great quality, very happy with this purchase.",5,28/04/2021,C36516,ALEX TAYLOR,6993-77,25
P5400-611,Pet Supplies,Pet Grooming Brush,"Average experience, nothing special.",3,18-06-2024,C45160,chris taylor,4930 SP,69
P5593-229,Electronics,4K Ultra HD Smart TV,"Very disappointed, would not recommend.",1,12/28/2020,C12900,Morgan  Smith,06019,19
P3977-215,Clothing,Running Sneakers,"Not very satisfied, has several problems.",2,28-01-2020,C46199,sam taylor,2944 MD,70
P7806-936,Toys,Educational Puzzle Game,"Very disappointed, would not recommend.",1,09/08/2021,C37982,Alex  Dubois,04604,28
P6837-271,Electronics,Fitness Smartwatch,"Not very satisfied, has several problems.",2,2020-09-03,C81956,Robin Johnson,5601 GL,23
P1796-215,Home & Kitchen,Electric Kettle,Good product overall with minor issues.,4,01 Feb 2021,C94948,Alex  De  Vries,6594-28,39
P2826-385,Electronics,Wireless Noise-Cancelling Headphones,"Very disappointed, would not recommend.",1,2023-08-15,C92483,Chris Brown,9798,72
P3097-167,Clothing,Slim Fit Jeans,"Average experience, nothing special.",3,01/16/2021,C35541,JAMIE MARTINS,5933,28
P1574-303,Clothing,Slim Fit Jeans,"Very disappointed, would not recommend.",1,09-02-2021,C56014,S. De Vries,3883-13,50
P6771-947,Home & Kitchen,Air Purifier,"Not very satisfied, has several problems.",2,25/04/2021,C93877,R. Taylor,4114-87,45
P4694-232,Home & Kitchen,Stainless Steel Knife Block,"Not very satisfied, has several problems.",2,16-05-2022,C89084,ROBIN SMITH,2138-59,32
P7374-721,Electronics,4K Ultra HD Smart TV,Good product overall with minor issues.,4,2024-06-01,C30761,TAYLOR MARTINS,1231 EM,42
P8122-824,Electronics,USB-C Fast Charger,"Average experience, nothing special.",3,12/29/2022,C72714,Taylor  Garcia,5303,31
P5784-359,Electronics,Wireless Noise-Cancelling Headphones,"Not very satisfied, has several problems.",2,"Dec 09, 2021",C84196,SAM BROWN,6795 MF,22
P5008-168,Toys,Plush Teddy Bear,"Very disappointed, would not recommend.",1,2022-12-24,C99610,ROBIN LEE,4871,52
P4600-893,Electronics,Wireless Noise-Cancelling Headphones,Good product overall with minor issues.,4,23-12-2020,C76678,jordan martins,08758,35
P7034-188,Toys,Building Block Set,Good product overall with minor issues.,4,01/15/2024,C44544,pat garcia,4845 LC,65
P7159-706,Beauty,Gentle Face Cleanser,"Not very satisfied, has several problems.",2,04/25/2023,C75097,CHRIS BROWN,1008-12,38
P3452-414,Electronics,Wireless Noise-Cancelling Headphones,"Very disappointed, would not recommend.",1,"Feb 17, 2021",C66360,Casey  Martins,8436 SQ,27
P8173-767,Sports,Adjustable Dumbbell Set,Good product overall with minor issues.,4,2023-10-14,C54448,Casey  De  Vries,08784,32
P4326-218,Beauty,Daily SPF 50 Sunscreen,"Great quality, very happy with this purchase.",5,06 Jul 2020,C53098,JORDAN TAYLOR,09396,55
P8967-926,Toys,Remote Control Car,Good product overall with minor issues.,4,07/11/2021,C69781,JORDAN DUBOIS,1818,42
P8375-416,Home & Kitchen,Electric Kettle,"Very disappointed, would not recommend.",1,09/05/2022,C55555,pat smith,6416,36
P4055-575,Home & Kitchen,Electric Kettle,Good product overall with minor issues.,4,2020-06-10,C84112,Chris  Brown,7228,36
P4381-536,Electronics,USB-C Fast Charger,"Average experience, nothing special.",3,2021-04-25,C90488,J. De Vries,06495,34
P4627-414,Groceries,Gluten-Free Pasta,"Average experience, nothing special.",3,2024-05-27,C50023,casey johnson,5007-41,24
P9615-877,Clothing,Organic Cotton T-Shirt,"Great quality, very happy with this purchase.",5,16/12/2020,C87767,Chris  De  Vries,08815,43
P3583-206,Home & Kitchen,Memory Foam Pillow,"Very disappointed, would not recommend.",1,"Apr 05, 2024",C18022,Sam Johnson,1710 JQ,34
P1610-350,Groceries,Whole Bean Coffee,"Very disappointed, would not recommend.",1,03/28/2020,C66732,Jordan Martins,03431,26
P6461-979,Electronics,USB-C Fast Charger,Good product overall with minor issues.,4,11/05/2024,C87975,pat taylor,06527,18
P6906-665,Pet Supplies,Dog Chew Toy,"Average experience, nothing special.",3,01/22/2021,C61976,PAT TAYLOR,4650-80,31
P4193-417,Electronics,4K Ultra HD Smart TV,Good product overall with minor issues.,4,22/08/2021,C37251,jamie smith,08385,37
P3307-682,Pet Supplies,Dog Chew Toy,"Average experience, nothing special.",3,"Feb 20, 2022",C30052,Jamie  Dubois,5686,26
P3676-265,Toys,Building Block Set,"Great quality, very happy with this purchase.",5,06/02/2023,C54346,S. Dubois,3612,29
P4349-998,Office,Wireless Mouse,"Very disappointed, would not recommend.",1,2021-04-15,C43244,Pat  Dubois,03012,39
P6164-355,Books,Cookbook: Easy Weeknight Meals,"Very disappointed, would not recommend.",1,12/21/2020,C37604,Alex Johnson,3835-84,33
P3081-653,Toys,Building Block Set,"Average experience, nothing special.",3,2022-07-27,C86221,Alex  Johnson,3671-94,54
P8578-847,Toys,Family Board Game,"Very disappointed, would not recommend.",1,30-08-2024,C74905,Chris  Lee,3996-16,42
P2050-284,Electronics,Fitness Smartwatch,"Not very satisfied, has several problems.",2,"Oct 10, 2021",C60913,robin garcia,7535,32
P5053-597,Pet Supplies,Cat Scratching Post,"Not very satisfied, has several problems.",2,08/07/2023,C20001,SAM JOHNSON,2408-25,41
P2211-565,Sports,Yoga Mat,"Very disappointed, would not recommend.",1,02-11-2024,C14725,TAYLOR HERNANDEZ,02696,53
P3875-245,Clothing,Slim Fit Jeans,Good product overall with minor issues.,4,05 Mar 2022,C38876,MORGAN DUBOIS,1351 JE,37
P4199-857,Clothing,Slim Fit Jeans,"Very disappointed, would not recommend.",1,"Nov 18, 2023",C36523,jordan lee,1303 QP,43
P9314-800,Home & Kitchen,Electric Kettle,"Average experience, nothing special.",3,"May 26, 2020",C51054,Taylor  Dubois,3976 UV,44
P3621-467,Home & Kitchen,Memory Foam Pillow,"Great quality, very happy with this purchase.",5,2020-11-10,C62345,CHRIS DE VRIES,3192,30
P1688-255,Sports,Adjustable Dumbbell Set,"Great quality, very happy with this purchase.",5,10/12/2021,C86226,Pat  Taylor,08590,23
P2245-443,Electronics,USB-C Fast Charger,"Average experience, nothing special.",3,"Jun 30, 2023",C11803,pat johnson,8324,48
P1714-379,Sports,Yoga Mat,"Great quality, very happy with this purchase.",5,30/12/2022,C30582,JAMIE JOHNSON,3487,24
P8134-656,Home & Kitchen,Memory Foam Pillow,Good product overall with minor issues.,4,02-01-2023,C49053,A. Johnson,02797,42
P3910-683,Electronics,USB-C Fast Charger,"Great quality, very happy with this purchase.",5,16-10-2022,C72972,Taylor  Garcia,07352,37
P2831-725,Home & Kitchen,Memory Foam Pillow,"Not very satisfied, has several problems.",2,04-01-2024,C33467,JAMIE TAYLOR,06007,30
P2833-192,Pet Supplies,Pet Grooming Brush,Good product overall with minor issues.,4,"Nov 01, 2024",C63248,Casey  Hernandez,05549,30
P1343-855,Clothing,Running Sneakers,"Not very satisfied, has several problems.",2,2023-12-17,C64747,Taylor  Dubois,1493 SE,25
P6271-746,Groceries,Organic Almond Butter,"Very disappointed, would not recommend.",1,30/10/2021,C79397,T. De Vries,06820,38
P9748-814,Electronics,USB-C Fast Charger,Good product overall with minor issues.,4,01-12-2020,C41990,Taylor Brown,4388-74,57
P6508-750,Sports,Foam Roller,"Very disappointed, would not recommend.",1,13 Dec 2024,C62755,Sam  Martins,5060 JY,27
P9856-969,Books,Productivity Guidebook,"It’s fine for now, but I’m not sure how long it will last.",3,06/02/2024,C34488,R. Hernandez,02037,25
P3736-106,Sports,Cycling Helmet,"Great quality, very happy with this purchase.",5,2022-12-06,C44917,T. Johnson,08652,64
P9864-809,Groceries,Whole Bean Coffee,"Average experience, nothing special.",3,17 Dec 2021,C98546,A. Brown,7174 MR,30
P3662-451,Home & Kitchen,Air Purifier,"Average experience, nothing special.",3,"Apr 02, 2021",C67036,A. Dubois,03236,59
P8174-687,Office,Ergonomic Office Chair,"Great quality, very happy with this purchase.",5,22-03-2022,C44522,Morgan  Brown,2743-48,22
P5656-515,Home & Kitchen,Air Purifier,"Average experience, nothing special.",3,"Jun 03, 2020",C89726,MORGAN LEE,8570,22
P5799-895,Electronics,USB-C Fast Charger,"Great quality, very happy with this purchase.",5,2022-12-29,C51423,ALEX HERNANDEZ,9433-11,30
P5749-666,Electronics,USB-C Fast Charger,"Great quality, very happy with this purchase.",5,2020-05-05,C33480,Jordan De Vries,06874,45
P9861-664,Home & Kitchen,Stainless Steel Knife Block,"Not very satisfied, has several problems.",2,"Jun 21, 2023",C44329,jamie de vries,4875,75
P2668-706,Sports,Running Shorts,"Great quality, very happy with this purchase.",5,29 Dec 2021,C56849,PAT LEE,5277-34,22
P2938-643,Sports,Yoga Mat,Good product overall with minor issues.,4,27-11-2020,C14576,A. Johnson,4343 WD,33
P5493-781,Electronics,USB-C Fast Charger,"Average experience, nothing special.",3,"May 14, 2022",C62542,chris brown,1632 ZY,35
P4018-975,Clothing,Slim Fit Jeans,"Not very satisfied, has several problems.",2,"Sep 12, 2020",C71000,Robin Taylor,3354-88,36
P7370-410,Clothing,Running Sneakers,"Great quality, very happy with this purchase.",5,13 Aug 2021,C58806,C. Taylor,,24
P4574-204,Home & Kitchen,Stainless Steel Knife Block,"Not very satisfied, has several problems.",2,"Dec 07, 2023",C21809,J. Smith,07468,35
P4880-897,Pet Supplies,Cat Litter Odor Control,"Not very satisfied, has several problems.",2,21-07-2023,C65784,J. De Vries,05036,35
P2661-515,Home & Kitchen,Stainless Steel Knife Block,"Very disappointed, would not recommend.",1,10/25/2022,C90602,JAMIE DUBOIS,6504-77,18
P4519-465,Home & Kitchen,Stainless Steel Knife Block,"Not very satisfied, has several problems.",2,01-09-2021,C48770,JAMIE DUBOIS,05919,75
P1496-327,Clothing,Wool Winter Scarf,"Not very satisfied, has several problems.",2,"Sep 12, 2020",C20898,jamie taylor,9538-33,26
P8862-656,Home & Kitchen,Memory Foam Pillow,Good product overall with minor issues.,4,2021-02-06,C82725,pat brown,2025 DO,58
P1819-203,Toys,Family Board Game,"Great quality, very happy with this purchase.",5,2023-03-02,C99857,robin taylor,7250 XP,37
P3237-701,Home & Kitchen,Electric Kettle,"Great quality, very happy with this purchase.",5,03/24/2023,C92458,Pat Lee,6594,43
P1277-644,Clothing,Wool Winter Scarf,"Not very satisfied, has several problems.",2,01 Sep 2024,C31459,Jamie  Johnson,07710,34
P8500-696,Home & Kitchen,Air Purifier,"Average experience, nothing special.",3,16/06/2022,C58619,R. Garcia,6710-26,64
P2212-939,Sports,Foam Roller,"Not very satisfied, has several problems.",2,"Sep 04, 2021",C93794,Casey Dubois,8571,43
P7970-608,Home & Kitchen,Memory Foam Pillow,"Not very satisfied, has several problems.",2,07-12-2022,C23737,J. Brown,1486,38
P2307-381,Clothing,Wool Winter Scarf,"Average experience, nothing special.",3,2023-03-26,C12970,C. Hernandez,3734-66,26
P2465-743,Home & Kitchen,Stainless Steel Knife Block,"Average experience, nothing special.",3,"Mar 04, 2024",C12708,R. Smith,6216,45
P3058-973,Home & Kitchen,Air Purifier,"Great quality, very happy with this purchase.",5,08/29/2022,C62755,Sam  Martins,5060 JY,27
P2655-976,Books,Sci-Fi Adventure,"Great quality, very happy with this purchase.",5,2024-01-08,C65542,MORGAN DUBOIS,8612-89,30
P9129-310,Groceries,Dark Chocolate Bar,Good product overall with minor issues.,4,31-03-2024,C64171,Robin  Johnson,04940,53
P1988-821,Home & Kitchen,Memory Foam Pillow,"Very disappointed, would not recommend.",1,07/07/2023,C66387,J. Garcia,5782 HC,57
P7223-397,Groceries,Organic Almond Butter,"Not very satisfied, has several problems.",2,15 Mar 2022,C96510,Sam De Vries,8725 OA,22
P9539-184,Home & Kitchen,Memory Foam Pillow,Good product overall with minor issues.,4,07/11/2024,C99516,PAT JOHNSON,02717,55
P1702-482,Clothing,Waterproof Hiking Jacket,"Very disappointed, would not recommend.",1,17/03/2020,C81678,Alex  Brown,4506,38
P8426-218,Home & Kitchen,Stainless Steel Knife Block,"Great quality, very happy with this purchase.",5,"Mar 26, 2024",C51548,Taylor  Smith,1735 MI,45
P6241-872,Clothing,Waterproof Hiking Jacket,"Average experience, nothing special.",3,17 Aug 2020,C53076,MORGAN DUBOIS,9043,31
P5439-894,Toys,Plush Teddy Bear,"Very disappointed, would not recommend.",1,02/19/2021,C87417,Morgan De Vries,9310 RP,36
P2544-338,Clothing,Waterproof Hiking Jacket,"Very disappointed, would not recommend.",1,2023-05-24,C24774,Chris  Taylor,7867-33,37
P4811-187,Beauty,Matte Liquid Lipstick,"Great quality, very happy with this purchase.",5,12 Mar 2020,C69009,ROBIN BROWN,5579,40
P2233-160,Home & Kitchen,Memory Foam Pillow,"Great quality, very happy with this purchase.",5,15 Sep 2022,C22948,S. Brown,9912-13,42
P7114-180,Home & Kitchen,Memory Foam Pillow,Good product overall with minor issues.,4,09/20/2024,C34316,jordan smith,4505,42
P1823-586,Beauty,Matte Liquid Lipstick,"Very disappointed, would not recommend.",1,"Nov 01, 2020",C95563,Sam Smith,3481-14,32
P1510-110,Clothing,Wool Winter Scarf,"Average experience, nothing special.",3,10-08-2022,C13935,Alex  Johnson,3237 ZS,61
P3625-195,Beauty,Matte Liquid Lipstick,"Very disappointed, would not recommend.",1,"Feb 22, 2021",C84235,Alex  De  Vries,02238,30
P2832-607,Home & Kitchen,Electric Kettle,"Very disappointed, would not recommend.",1,12/03/2023,C18965,Robin  Smith,6019,29
P2521-763,Electronics,4K Ultra HD Smart TV,Good product overall with minor issues.,4,01/02/2020,C38137,C. Lee,3325-95,53
P3992-530,Books,Thriller Novel,"Average experience, nothing special.",3,2021-10-08,C27111,ROBIN MARTINS,08628,42
P6746-214,Home & Kitchen,Air Purifier,Good product overall with minor issues.,4,16/03/2020,C79119,C. Hernandez,9547 RU,35
P9855-514,Electronics,USB-C Fast Charger,"Average experience, nothing special.",3,"Feb 09, 2024",C64214,Jordan  Dubois,,39
P4780-548,Home & Kitchen,Air Purifier,"Great quality, very happy with this purchase.",5,"Jun 30, 2020",C25396,Sam Dubois,05781,40
P9668-943,Electronics,Fitness Smartwatch,"Not very satisfied, has several problems.",2,"Mar 15, 2022",C91962,S. Taylor,4775 IQ,39
P8072-291,Clothing,Waterproof Hiking Jacket,"Not very satisfied, has several problems.",2,2024-01-03,C31823,T. Dubois,,61
P7607-564,Home & Kitchen,Stainless Steel Knife Block,"Not very satisfied, has several problems.",2,2023-04-30,C10440,Morgan  De  Vries,2474,25
P3275-801,Books,Thriller Novel,Good product overall with minor issues.,4,16-02-2021,C86280,M. Hernandez,1732 RZ,54
P7365-350,Clothing,Waterproof Hiking Jacket,"Very disappointed, would not recommend.",1,2020-04-13,C87265,M. Lee,5080 DX,21
P5245-437,Books,Cookbook: Easy Weeknight Meals,"Great quality, very happy with this purchase.",5,"Oct 16, 2020",C50507,SAM SMITH,5256-95,36
P5102-390,Home & Kitchen,Air Purifier,"Great quality, very happy with this purchase.",5,28 Dec 2024,C63008,PAT DUBOIS,1879,33
P3493-241,Electronics,Fitness Smartwatch,"Not very satisfied, has several problems.",2,17-11-2022,C47877,Alex Brown,7407,41
P4156-521,Toys,Remote Control Car,"Average experience, nothing special.",3,23/11/2020,C69563,alex smith,03612,78
P6363-454,Pet Supplies,Cat Scratching Post,"Great quality, very happy with this purchase.",5,02/06/2020,C62111,JAMIE SMITH,3832,38
P4285-230,Electronics,4K Ultra HD Smart TV,"Great quality, very happy with this purchase.",5,14 Feb 2024,C55986,JAMIE BROWN,5333-57,38
P6112-490,Office,Mechanical Keyboard,"Very disappointed, would not recommend.",1,11/27/2024,C28917,Robin Martins,5912 AD,55
P9057-965,Office,Mechanical Keyboard,"Not very satisfied, has several problems.",2,15/06/2021,C65293,Jamie Dubois,9761,64
P7422-967,Office,Desk Organizer,Good product overall with minor issues.,4,11-12-2023,C62453,sam brown,2254-89,21
P3615-692,Clothing,Organic Cotton T-Shirt,"Very disappointed, would not recommend.",1,01/08/2023,C14784,Pat Johnson,05969,34
P7199-660,Electronics,USB-C Fast Charger,"Not very satisfied, has several problems.",2,14/08/2020,C52890,Jordan Taylor,3307-76,43
P1281-509,Home & Kitchen,Memory Foam Pillow,"Average experience, nothing special.",3,06/28/2024,C21526,J. Johnson,9078-79,41
P5710-612,Home & Kitchen,Air Purifier,"Great quality, very happy with this purchase.",5,09/07/2024,C79236,Morgan  Lee,07877,73
P3637-934,Electronics,Wireless Noise-Cancelling Headphones,"Average experience, nothing special.",3,28/09/2021,C46564,jamie brown,1480,34
P7308-154,Electronics,Fitness Smartwatch,"Very disappointed, would not recommend.",1,18/02/2021,C15287,jamie taylor,1081-67,55
P2465-926,Pet Supplies,Grain-Free Dog Food,"Average experience, nothing special.",3,2020-03-07,C72238,JAMIE TAYLOR,09132,39
P6812-800,Sports,Adjustable Dumbbell Set,"Great quality, very happy with this purchase.",5,2024-03-18,C43865,J. Hernandez,8645-52,18
P1370-583,Electronics,Wireless Noise-Cancelling Headphones,"Not very satisfied, has several problems.",2,"Feb 17, 2023",C68148,Morgan  Smith,08667,32
P8700-954,Electronics,Fitness Smartwatch,"Not very satisfied, has several problems.",2,22/09/2020,C87080,Pat  Lee,02976,32
P9962-115,Electronics,Bluetooth Portable Speaker,"Great quality, very happy with this purchase.",5,01/20/2022,C75601,ALEX SMITH,05208,29
P7265-664,Books,Personal Finance Basics,"Average experience, nothing special.",3,30-09-2024,C97343,robin smith,08249,38
P2465-429,Beauty,Matte Liquid Lipstick,"Very disappointed, would not recommend.",1,2024-02-15,C49084,SAM MARTINS,8869-37,26
P2843-734,Electronics,4K Ultra HD Smart TV,"Great quality, very happy with this purchase.",5,07/11/2024,C47821,Morgan  Lee,4610,28
P2653-477,Home & Kitchen,Memory Foam Pillow,"Very disappointed, would not recommend.",1,11-02-2022,C82096,Pat  Lee,5015,22
P9170-530,Toys,Remote Control Car,"Average experience, nothing special.",3,23/04/2024,C86704,pat johnson,05043,28
P7096-883,Electronics,4K Ultra HD Smart TV,"Great quality, very happy with this purchase.",5,"Oct 16, 2022",C36787,TAYLOR DE VRIES,8652 XG,30
P4720-851,Books,Thriller Novel,Good product overall with minor issues.,4,08/02/2020,C48367,P. Garcia,7927-69,36
P5318-872,Electronics,USB-C Fast Charger,Good product overall with minor issues.,4,24 Dec 2022,C73065,ALEX TAYLOR,6210 HQ,30
P7280-151,Beauty,Matte Liquid Lipstick,"Not very satisfied, has several problems.",2,26/02/2023,C61698,Morgan Martins,8387,34
P3356-589,Groceries,Whole Bean Coffee,"Very disappointed, would not recommend.",1,26 Oct 2024,C54336,Taylor De Vries,7568 WE,29
P5313-629,Clothing,Organic Cotton T-Shirt,"Great quality, very happy with this purchase.",5,"Mar 16, 2022",C33116,A. Garcia,4855 LZ,41
P8362-539,Electronics,Bluetooth Portable Speaker,"Average experience, nothing special.",3,2024-05-09,C99366,Chris  Martins,08760,21
P9633-365,Groceries,Whole Bean Coffee,"Not very satisfied, has several problems.",2,26/09/2024,C62748,S. Dubois,3953,29
P2977-603,Groceries,Extra Virgin Olive Oil,"Very disappointed, would not recommend.",1,16/05/2022,C92752,C. Martins,5489-72,38
P4812-133,Clothing,Wool Winter Scarf,"Average experience, nothing special.",3,2020-12-25,C85836,Alex  Taylor,3935,23
P4020-794,Office,Mechanical Keyboard,Good product overall with minor issues.,4,04-07-2021,C17936,PAT DE VRIES,2170 YA,63
P5771-697,Electronics,Wireless Noise-Cancelling Headphones,"Not very satisfied, has several problems.",2,03/03/2021,C70140,Sam Lee,07172,24
P9846-327,Pet Supplies,Grain-Free Dog Food,"Great quality, very happy with this purchase.",5,07 Mar 2020,C52611,JORDAN SMITH,06731,55
P3952-653,Electronics,USB-C Fast Charger,"Very disappointed, would not recommend.",1,"Nov 23, 2020",C79660,Jamie  De  Vries,06396,35
P7877-563,Electronics,USB-C Fast Charger,Good product overall with minor issues.,4,08/15/2023,C69456,S. De Vries,6831-85,44
P1045-528,Books,Cookbook: Easy Weeknight Meals,Good product overall with minor issues.,4,14-01-2022,C12844,Sam  Smith,02692,19
P1533-386,Pet Supplies,Cat Scratching Post,"Average experience, nothing special.",3,"Jan 15, 2023",C86648,Taylor Brown,6709-41,25
P6636-973,Beauty,Daily SPF 50 Sunscreen,"Very disappointed, would not recommend.",1,"Aug 20, 2020",C39654,chris lee,1547,41
P4157-996,Sports,Adjustable Dumbbell Set,"Not very satisfied, has several problems.",2,26/08/2021,C31392,CASEY MARTINS,9804,42
P1942-554,Home & Kitchen,Memory Foam Pillow,"Average experience, nothing special.",3,"Mar 18, 2024",C90180,CASEY HERNANDEZ,1924,40
P7290-286,Electronics,Wireless Noise-Cancelling Headphones,"Great quality, very happy with this purchase.",5,05/05/2024,C84233,taylor dubois,02602,39
P8757-426,Pet Supplies,Dog Chew Toy,"Not very satisfied, has several problems.",2,"Sep 29, 2023",C62250,JORDAN MARTINS,03324,
P5400-422,Beauty,Gentle Face Cleanser,"Not very satisfied, has several problems.",2,2021-07-07,C23879,J. Garcia,6437 KD,29
P8552-753,Groceries,Extra Virgin Olive Oil,"Not very satisfied, has several problems.",2,18-06-2021,C26626,Chris Lee,3512-74,33
P5956-890,Electronics,Wireless Noise-Cancelling Headphones,"Great quality, very happy with this purchase.",5,16-09-2022,C58855,Morgan  Johnson,1407 HO,43
P8045-462,Electronics,Fitness Smartwatch,"Very disappointed, would not recommend.",1,"Jan 03, 2022",C31748,C. Dubois,5748-45,41
P3814-893,Toys,Family Board Game,"Average experience, nothing special.",3,03-12-2023,C72629,S. Martins,01294,40
P7115-182,Toys,Remote Control Car,"Great quality, very happy with this purchase.",5,13/03/2022,C32624,SAM GARCIA,02741,37
P3953-761,Books,Cookbook: Easy Weeknight Meals,"Very disappointed, would not recommend.",1,04/07/2020,C42202,jordan johnson,03867,58
P1862-694,Home & Kitchen,Stainless Steel Knife Block,"Average experience, nothing special.",3,31/05/2022,C72549,JORDAN SMITH,04794,27
P2534-188,Electronics,USB-C Fast Charger,"Great quality, very happy with this purchase.",5,31-03-2021,C16131,Pat Smith,3352 VB,33
P7404-388,Office,Wireless Mouse,"Not very satisfied, has several problems.",2,"Dec 22, 2023",C56397,Alex  Smith,4739 GI,39
P7723-217,Groceries,Whole Bean Coffee,"Very disappointed, would not recommend.",1,"Aug 09, 2023",C22209,PAT LEE,04277,33
P9574-470,Clothing,Running Sneakers,Good product overall with minor issues.,4,2022-05-10,C37319,jordan hernandez,1737-64,21
P4093-276,Toys,Plush Teddy Bear,"Average experience, nothing special.",3,29/11/2023,C21338,jordan dubois,1504 RH,37
P5401-453,Clothing,Slim Fit Jeans,Good product overall with minor issues.,4,05/18/2024,C75664,pat hernandez,1176,24
P8661-277,Books,Cookbook: Easy Weeknight Meals,"Not very satisfied, has several problems.",2,22-11-2022,C44894,Jamie Smith,01052,35
P6263-898,Sports,Adjustable Dumbbell Set,"Great quality, very happy with this purchase.",5,2023-05-20,C14260,Casey  Taylor,2272 NB,38
P1839-505,Home & Kitchen,Electric Kettle,Good product overall with minor issues.,4,"Jun 17, 2020",C95436,chris martins,7784-26,57
P2427-631,Home & Kitchen,Stainless Steel Knife Block,,3,"Jul 30, 2024",C84875,ALEX SMITH,8788-31,28
P1334-397,Toys,Plush Teddy Bear,A bit disappointed. Some features don’t work as advertised and the quality feels cheap.,2,14-01-2022,C66151,Alex Garcia,04733,38
P8716-817,Home & Kitchen,Electric Kettle,"Very disappointed, would not recommend.",1,27/01/2023,C34039,Pat Martins,8788-92,27
P1764-496,Home & Kitchen,Stainless Steel Knife Block,Good product overall with minor issues.,4,18/03/2024,C36784,J. Brown,9252-61,35
P2932-811,Books,Thriller Novel,Good product overall with minor issues.,4,04/30/2020,C83535,Pat  Johnson,07577,38
P8775-296,Books,Productivity Guidebook,"Great quality, very happy with this purchase.",5,05/04/2023,C76711,C. Johnson,9790-72,29
P1099-646,Clothing,Running Sneakers,Good product overall with minor issues.,4,08/11/2024,C32494,pat hernandez,1494,52
P1315-215,Office,Desk Organizer,"Average experience, nothing special.",3,"Jan 04, 2022",C64859,,3943,42
P9398-860,Office,Wireless Mouse,"Average experience, nothing special.",3,10/09/2023,C29228,J. Dubois,2829 QA,37
P2686-488,Clothing,Organic Cotton T-Shirt,"Average experience, nothing special.",3,"Dec 12, 2024",C96267,SAM DE VRIES,1024,26
P4335-131,Electronics,Wireless Noise-Cancelling Headphones,"Great quality, very happy with this purchase.",5,"Jul 12, 2023",C78819,robin de vries,7638-77,66
P3848-766,Electronics,USB-C Fast Charger,"Average experience, nothing special.",3,09/01/2024,C52762,Alex  Smith,09459,35
P7930-706,Clothing,Organic Cotton T-Shirt,"Very disappointed, would not recommend.",1,"Jan 12, 2024",C60446,J. Brown,7654 AR,29
P4188-788,Electronics,USB-C Fast Charger,"Average experience, nothing special.",3,07/28/2021,C87969,P. Brown,6472-97,21
P5886-266,Pet Supplies,Cat Scratching Post,"Average experience, nothing special.",3,16-03-2021,C86751,Jamie Brown,8512 AF,33
P1012-235,Home & Kitchen,Electric Kettle,"Average experience, nothing special.",3,11-05-2021,C50414,alex garcia,7961 YC,59
P9356-659,Clothing,Waterproof Hiking Jacket,"Not very satisfied, has several problems.",2,08/31/2020,C84705,robin dubois,7052 WM,31
P7680-390,Sports,Foam Roller,"Great quality, very happy with this purchase.",5,30/05/2020,C50686,Casey Dubois,3853,33
P7831-507,Electronics,USB-C Fast Charger,"Very disappointed, would not recommend.",1,"Jul 18, 2022",C33189,taylor garcia,03528,52
P8388-725,Clothing,Running Sneakers,"Not very satisfied, has several problems.",2,01-02-2022,C71835,Chris Martins,3932-14,38
P2567-435,Groceries,Whole Bean Coffee,"Not very satisfied, has several problems.",2,"May 20, 2023",C88576,Jamie Brown,7593,27
P2103-911,Electronics,Fitness Smartwatch,"Average experience, nothing special.",3,26 Feb 2024,C14424,JORDAN HERNANDEZ,5923,43
P8123-759,Books,Sci-Fi Adventure,"Average experience, nothing special.",3,01 Sep 2024,C30941,Sam Lee,06398,49
P8014-723,Clothing,Running Sneakers,"Very disappointed, would not recommend.",1,06/28/2023,C91322,Pat Brown,,56
P8349-730,Books,Productivity Guidebook,Good product overall with minor issues.,4,2022-04-17,C66441,,3505-93,70
P6209-330,Electronics,4K Ultra HD Smart TV,"Very disappointed, would not recommend.",1,06/09/2023,C91090,CHRIS MARTINS,1849 PG,47
P1737-250,Sports,Adjustable Dumbbell Set,"Average experience, nothing special.",3,"Sep 02, 2024",C86523,Casey  Johnson,9448 GO,34
P1001-898,Home & Kitchen,Air Purifier,"Average experience, nothing special.",3,07-10-2022,C92716,JORDAN HERNANDEZ,05084,55
P8707-523,Pet Supplies,Grain-Free Dog Food,"Average experience, nothing special.",3,"Jun 05, 2020",C44670,Sam  Dubois,8207,36
P3727-984,Electronics,4K Ultra HD Smart TV,"Great quality, very happy with this purchase.",5,04/29/2023,C84609,Robin  Dubois,01640,39
P6641-454,Home & Kitchen,Non-Stick Frying Pan Set,"Great quality, very happy with this purchase.",5,2024-02-28,C22509,chris dubois,07429,28
P1206-834,Electronics,4K Ultra HD Smart TV,"Average experience, nothing special.",3,10/15/2021,C39144,S. Brown,6036,27
P9841-124,Electronics,Wireless Noise-Cancelling Headphones,"Not very satisfied, has several problems.",2,20-04-2023,C31013,Alex  Taylor,09912,53
P3579-722,Electronics,Bluetooth Portable Speaker,"Average experience, nothing special.",3,04-07-2020,C67321,Casey Taylor,4878 NE,31
P8985-143,Groceries,Extra Virgin Olive Oil,"Great quality, very happy with this purchase.",5,"Jan 14, 2024",C15578,CASEY BROWN,02924,54
P2576-443,Clothing,Organic Cotton T-Shirt,"Great quality, very happy with this purchase.",5,"Jul 18, 2021",C16166,Chris Brown,4948,44
P6137-331,Electronics,Wireless Noise-Cancelling Headphones,"Great quality, very happy with this purchase.",5,21 Aug 2022,C89370,jordan lee,2932,29
P3254-755,Toys,Family Board Game,"Not very satisfied, has several problems.",2,12-06-2020,C47915,Pat Johnson,06553,38
P7159-102,Electronics,Bluetooth Portable Speaker,"Average experience, nothing special.",3,2021-04-20,C96266,alex taylor,9510-47,59
P4540-497,Groceries,Organic Almond Butter,"Great quality, very happy with this purchase.",5,2022-04-01,C16793,PAT TAYLOR,7484,20
P9929-701,Home & Kitchen,Non-Stick Frying Pan Set,"Very disappointed, would not recommend.",1,23/01/2020,C87642,JAMIE BROWN,04887,29
P8659-812,Sports,Foam Roller,"Great quality, very happy with this purchase.",5,20/01/2022,C85297,SAM MARTINS,9739 EO,40
P6226-392,Pet Supplies,Grain-Free Dog Food,"Great quality, very happy with this purchase.",5,05/23/2023,C53172,TAYLOR DE VRIES,01266,42
P7523-515,Toys,Remote Control Car,,2,10/11/2024,C99892,CHRIS BROWN,9110,57
P1499-558,Home & Kitchen,Electric Kettle,"Very disappointed, would not recommend.",1,29-08-2021,C30219,PAT MARTINS,4223 CL,25
P7933-608,Sports,Yoga Mat,"Very disappointed, would not recommend.",1,09-10-2021,C48770,JAMIE DUBOIS,05919,75
P8247-680,Books,Cookbook: Easy Weeknight Meals,"Average experience, nothing special.",3,25 Apr 2020,C44631,CHRIS TAYLOR,06240,75
P9708-507,Sports,Foam Roller,Good product overall with minor issues.,4,03/02/2024,C63033,Casey  Taylor,7362-80,35
P8679-150,Pet Supplies,Dog Chew Toy,"Not very satisfied, has several problems.",2,12 May 2021,C72134,jamie de vries,1097-22,30
P8848-317,Electronics,Fitness Smartwatch,"Not very satisfied, has several problems.",2,"Mar 06, 2021",C63067,JORDAN LEE,3185 YF,24
P4879-736,Electronics,USB-C Fast Charger,"Not very satisfied, has several problems.",2,03 Apr 2021,C54321,SAM SMITH,3987,25
P5864-606,Home & Kitchen,Memory Foam Pillow,"Very disappointed, would not recommend.",1,"May 23, 2023",C89705,alex dubois,6260-52,23
P2137-306,Books,Sci-Fi Adventure,"Great quality, very happy with this purchase.",5,2021-03-28,C48489,Chris Dubois,1743 YQ,43
P3101-604,Clothing,Slim Fit Jeans,Good product overall with minor issues.,4,15-08-2022,C19887,P. De Vries,,76
P6489-729,Home & Kitchen,Non-Stick Frying Pan Set,"Average experience, nothing special.",3,"Dec 13, 2020",C49876,SAM LEE,01615,54
P9295-271,Clothing,Waterproof Hiking Jacket,Good product overall with minor issues.,4,17-07-2022,C50306,taylor smith,2290,27
P6846-749,Clothing,Wool Winter Scarf,Good product overall with minor issues.,4,12/13/2024,C19302,Jordan  Hernandez,06161,51
P9874-825,Clothing,Wool Winter Scarf,"Average experience, nothing special.",3,"Sep 20, 2024",C43775,Casey  De  Vries,6160-11,22
P3159-863,Home & Kitchen,Memory Foam Pillow,"Not very satisfied, has several problems.",2,04/24/2023,C23294,SAM JOHNSON,09979,78
P4735-357,Books,Cookbook: Easy Weeknight Meals,"Very disappointed, would not recommend.",1,09 Jan 2020,C34316,jordan smith,4505,42
P5983-609,Toys,Family Board Game,"Average experience, nothing special.",3,19 Dec 2020,C62126,R. De Vries,2052-74,29
P2104-497,Books,Cookbook: Easy Weeknight Meals,"Great quality, very happy with this purchase.",5,11-04-2020,C36205,J. Hernandez,7566 XS,33
P4158-794,Home & Kitchen,Electric Kettle,"Great quality, very happy with this purchase.",5,2021-05-09,C68297,sam taylor,2955,43
P8366-800,Home & Kitchen,Stainless Steel Knife Block,"Great quality, very happy with this purchase.",5,04/12/2022,C97229,morgan martins,,30
P9699-976,Home & Kitchen,Electric Kettle,"Not very satisfied, has several problems.",2,19 Aug 2021,C85007,T. Taylor,4387 NQ,25
P2125-888,Groceries,Gluten-Free Pasta,"Great quality, very happy with this purchase.",5,"Apr 20, 2023",C48811,Alex Brown,4304,42
P8415-120,Groceries,Organic Almond Butter,"Not very satisfied, has several problems.",2,16/04/2022,C72973,chris dubois,9013 XG,30
P1794-653,Electronics,Bluetooth Portable Speaker,"Great quality, very happy with this purchase.",5,"Feb 16, 2024",C89785,jordan johnson,01198,27
P3210-960,Books,Personal Finance Basics,"Average experience, nothing special.",3,20/11/2021,C24354,taylor garcia,05428,26
P6273-610,Office,Ergonomic Office Chair,"Not very satisfied, has several problems.",2,03/19/2023,C54142,CASEY DE VRIES,8081,53
P3292-440,Electronics,Fitness Smartwatch,"Great quality, very happy with this purchase.",5,"Jul 28, 2021",C12301,Robin Taylor,3516,39
P6058-168,Pet Supplies,Grain-Free Dog Food,"Great quality, very happy with this purchase.",5,21 May 2022,C78508,SAM TAYLOR,9552-26,20
P3607-350,Electronics,USB-C Fast Charger,"Not very satisfied, has several problems.",2,10-12-2020,C20434,Chris  Brown,06535,66
P9459-314,Toys,Remote Control Car,"Very disappointed, would not recommend.",1,05-10-2024,C10326,PAT MARTINS,04500,47
P3450-401,Clothing,Wool Winter Scarf,"Not very satisfied, has several problems.",2,20-12-2024,C54549,Casey  Lee,09990,38
P9234-693,Electronics,Fitness Smartwatch,"Very disappointed, would not recommend.",1,06/11/2020,C99038,CASEY SMITH,8019 IZ,59
P2156-742,Home & Kitchen,Stainless Steel Knife Block,Good product overall with minor issues.,4,11-05-2022,C36545,CASEY DE VRIES,09923,59
P5956-478,Books,Sci-Fi Adventure,"Great quality, very happy with this purchase.",5,31 May 2023,C31973,pat de vries,05318,31
P7539-797,Electronics,Fitness Smartwatch,"Very disappointed, would not recommend.",1,2021-01-04,C97543,C. Smith,06467,42
P9368-885,Toys,Building Block Set,"Not very satisfied, has several problems.",2,2024-07-28,C74022,alex martins,1600-16,29
P5503-823,Groceries,Whole Bean Coffee,"Great quality, very happy with this purchase.",5,19-09-2023,C89622,robin smith,6180,39
P6805-807,Office,Mechanical Keyboard,Good product overall with minor issues.,4,28-01-2020,C23311,SAM TAYLOR,6394 BV,20
P9463-380,Books,Thriller Novel,"Average experience, nothing special.",3,2021-06-23,C76728,MORGAN TAYLOR,2250 JP,64
P8273-216,Electronics,Fitness Smartwatch,"Average experience, nothing special.",3,09-07-2023,C79968,C. Johnson,8174-67,46
P9394-398,Home & Kitchen,Electric Kettle,"Average experience, nothing special.",3,23-04-2022,C48462,Alex Taylor,07934,34
P9290-777,Home & Kitchen,Electric Kettle,"Not very satisfied, has several problems.",2,2024-11-13,C75302,C. Dubois,03624,49
P3239-678,Home & Kitchen,Non-Stick Frying Pan Set,"Very disappointed, would not recommend.",1,"Nov 09, 2021",C96755,Jordan Brown,4715,37
P8091-916,Books,Sci-Fi Adventure,Good product overall with minor issues.,4,19-02-2020,C49307,Jordan Martins,5171 XD,43
P2882-534,Pet Supplies,Pet Grooming Brush,"Very disappointed, would not recommend.",1,2022-06-24,C31176,Sam  Johnson,2540 RC,54
P5180-936,Clothing,Organic Cotton T-Shirt,"Great quality, very happy with this purchase.",5,20 Feb 2021,C68949,J. Smith,03104,49
P7959-973,Pet Supplies,Cat Scratching Post,"Average experience, nothing special.",3,2024-03-14,C94647,C. Martins,4066,21
P1024-242,Clothing,Organic Cotton T-Shirt,"Average experience, nothing special.",3,09-03-2024,C46422,SAM SMITH,3097,52
P4616-531,Clothing,Running Sneakers,Good product overall with minor issues.,4,"Jan 03, 2022",C22292,R. Dubois,6364,37
P5981-971,Home & Kitchen,Electric Kettle,Good product overall with minor issues.,4,08-01-2022,C28364,PAT SMITH,7287,57
P6486-464,Clothing,Wool Winter Scarf,"Great quality, very happy with this purchase.",5,01/04/2024,C73696,Robin Martins,5304-48,45
P6624-165,Office,Mechanical Keyboard,"Not very satisfied, has several problems.",2,08/30/2024,C99567,jordan de vries,3304,68
P7192-848,Pet Supplies,Dog Chew Toy,"Very disappointed, would not recommend.",1,04 Feb 2022,C86055,taylor brown,2875 ZS,41
P6279-392,Home & Kitchen,Air Purifier,"Not very satisfied, has several problems.",2,21-06-2022,C65695,JAMIE DE VRIES,9656-74,28
P2063-356,Electronics,Wireless Noise-Cancelling Headphones,"Not very satisfied, has several problems.",2,06-06-2022,C32391,Jamie  Smith,9986,26
P7660-757,Sports,Yoga Mat,"Great quality, very happy with this purchase.",5,2023-08-27,C51054,Taylor  Dubois,3976 UV,44
P4214-112,Pet Supplies,Cat Scratching Post,Good product overall with minor issues.,4,2020-03-09,C17108,Sam  De  Vries,6492-98,61
P1447-513,Home & Kitchen,Memory Foam Pillow,Good product overall with minor issues.,4,2022-09-10,C87846,A. Johnson,1323,39
P4371-969,Clothing,Slim Fit Jeans,"Great quality, very happy with this purchase.",5,15/10/2020,C47707,Pat  Brown,5009,60
P1773-481,Electronics,4K Ultra HD Smart TV,Good product overall with minor issues.,4,13 Oct 2020,C57088,jordan lee,9147 ZX,35
P4732-757,Books,Thriller Novel,"Not very satisfied, has several problems.",2,14/01/2022,C25301,taylor brown,5164 NV,29
P3838-370,Clothing,Organic Cotton T-Shirt,"Great quality, very happy with this purchase.",5,14-11-2022,C45077,S. Smith,6842,60
P8731-950,Books,Thriller Novel,"Not very satisfied, has several problems.",2,30-12-2021,C22073,Chris Brown,7623 KS,20
P7824-526,Beauty,Hydrating Face Serum,"Average experience, nothing special.",3,08/03/2020,C58427,Taylor  Taylor,7076,24
P7680-230,Home & Kitchen,Memory Foam Pillow,"Great quality, very happy with this purchase.",5,02/03/2023,C30197,Jordan Taylor,7361 SE,35
P4679-431,Pet Supplies,Pet Grooming Brush,"Average experience, nothing special.",3,11 Mar 2021,C81896,C. De Vries,05036,28
P2264-525,Books,Sci-Fi Adventure,"Very disappointed, would not recommend.",1,26/12/2021,C75548,jamie johnson,09442,47
P1066-197,Clothing,Slim Fit Jeans,"Average experience, nothing special.",3,"Jan 03, 2023",C73173,Morgan  Smith,3292 IS,29
P7502-288,Toys,Plush Teddy Bear,"Average experience, nothing special.",3,08/08/2023,C85779,Sam Martins,5858 MG,67
P1185-320,Beauty,Daily SPF 50 Sunscreen,Good product overall with minor issues.,4,"Aug 07, 2024",C97155,JAMIE JOHNSON,07776,34
P4673-323,Beauty,Gentle Face Cleanser,"Average experience, nothing special.",3,"Mar 27, 2021",C60010,Jamie Smith,6478 NN,64
P5458-848,Clothing,Slim Fit Jeans,"Great quality, very happy with this purchase.",5,2020-03-10,C40359,jordan lee,7869-94,23
P2017-172,Beauty,Hydrating Face Serum,Good product overall with minor issues.,4,"Oct 07, 2022",C19687,JORDAN DE VRIES,7561,43
P3466-642,Pet Supplies,Grain-Free Dog Food,"Great quality, very happy with this purchase.",5,28-08-2024,C25606,Pat De Vries,2185-87,34
P5278-259,Pet Supplies,Dog Chew Toy,"Very disappointed, would not recommend.",1,03/05/2021,C65766,Alex  Dubois,2575 SD,42
P2900-308,Electronics,USB-C Fast Charger,"Not very satisfied, has several problems.",2,21 May 2024,C14501,Chris  Lee,8392,25
P9532-668,Groceries,Whole Bean Coffee,"Very disappointed, would not recommend.",1,2021-08-15,C55986,JAMIE BROWN,5333-57,38
P4491-546,Sports,Foam Roller,Good product overall with minor issues.,4,"Oct 05, 2024",C59881,JORDAN MARTINS,2175,47
P5690-273,Home & Kitchen,Air Purifier,"Not very satisfied, has several problems.",2,06/08/2023,C43031,Alex  Hernandez,3184-37,54
P8099-777,Electronics,Fitness Smartwatch,"Not very satisfied, has several problems.",2,2022-03-06,C43196,,6294,54
P9893-711,Electronics,USB-C Fast Charger,"Great quality, very happy with this purchase.",5,"Jul 19, 2021",C57040,P. Martins,09301,68
P6699-779,Home & Kitchen,Electric Kettle,Good product overall with minor issues.,4,03/02/2021,C76173,Jordan Brown,4018 XC,37
P1369-779,Groceries,Extra Virgin Olive Oil,"Very disappointed, would not recommend.",1,06/18/2020,C95709,Jordan Johnson,1083-58,38
P1056-753,Electronics,Wireless Noise-Cancelling Headphones,Good product overall with minor issues.,4,"Apr 17, 2022",C98121,Jordan  Johnson,9786,30
P3426-285,Electronics,4K Ultra HD Smart TV,"Not very satisfied, has several problems.",2,12/02/2023,C80261,jordan dubois,,44
P2897-333,Books,Personal Finance Basics,"Average experience, nothing special.",3,2024-12-27,C42279,Chris Smith,6151,75
P5739-220,Electronics,USB-C Fast Charger,"Average experience, nothing special.",3,"Sep 29, 2022",C88485,robin de vries,3091-12,18
P6454-992,Home & Kitchen,Non-Stick Frying Pan Set,Fails at the most basic tasks. I regret buying this.,1,"Sep 15, 2020",C22531,Jordan  Lee,7717-46,49
P4637-874,Home & Kitchen,Electric Kettle,"Average experience, nothing special.",3,"Oct 16, 2022",C13268,Taylor  Dubois,02890,44
P1225-426,Sports,Foam Roller,"Average experience, nothing special.",3,02/05/2023,C74616,,01341,43
P6886-256,Electronics,Bluetooth Portable Speaker,"Great quality, very happy with this purchase.",5,"May 29, 2023",C59448,jamie smith,7887 HO,56
P2132-406,Pet Supplies,Cat Litter Odor Control,"Great quality, very happy with this purchase.",5,2023-02-04,C64171,Robin  Johnson,04940,53
P7517-402,Electronics,Fitness Smartwatch,"Average experience, nothing special.",3,,C75391,Sam Garcia,01149,52
P8444-826,Electronics,Wireless Noise-Cancelling Headphones,"Not very satisfied, has several problems.",2,2021-09-22,C54827,T. Martins,06367,34
P3656-384,Toys,Building Block Set,"Not very satisfied, has several problems.",2,25-01-2022,C58905,Sam  De  Vries,9892 JV,58
P2352-429,Electronics,4K Ultra HD Smart TV,"Great quality, very happy with this purchase.",5,17/07/2024,C39669,ALEX LEE,03290,44
P1433-409,Electronics,4K Ultra HD Smart TV,"Very disappointed, would not recommend.",1,14-04-2022,C33177,J. Garcia,3885-58,60
P2984-959,Sports,Adjustable Dumbbell Set,"Not very satisfied, has several problems.",2,15/04/2023,C49592,MORGAN GARCIA,3477,43
P2388-718,Clothing,Running Sneakers,"Very disappointed, would not recommend.",1,2020-01-05,C34091,Casey  Garcia,7173,21
P6064-102,Home & Kitchen,Air Purifier,Good product overall with minor issues.,4,"Apr 01, 2023",C28694,taylor smith,06638,65
P5667-439,Toys,Building Block Set,Good product overall with minor issues.,4,16-08-2021,C42120,R. Smith,02937,72
P7893-828,Office,A4 Printer Paper,Good product overall with minor issues.,4,2021-11-27,C96354,ROBIN MARTINS,1434-30,35
P2134-791,Electronics,4K Ultra HD Smart TV,"Very disappointed, would not recommend.",1,11-03-2022,C99096,robin smith,08828,32
P7202-938,Electronics,4K Ultra HD Smart TV,"Great quality, very happy with this purchase.",5,01/15/2024,C58186,Pat Taylor,2372,22
P9812-678,Home & Kitchen,Memory Foam Pillow,"Not very satisfied, has several problems.",2,24/11/2024,C19587,taylor brown,06645,57
P4304-920,Home & Kitchen,Electric Kettle,Good product overall with minor issues.,4,04/25/2022,C54672,TAYLOR DE VRIES,2544,25
P7042-165,Clothing,Slim Fit Jeans,"Not very satisfied, has several problems.",2,26/09/2022,C51408,Chris Taylor,5078 LV,37
P5565-933,Clothing,Slim Fit Jeans,"Great quality, very happy with this purchase.",5,12 Aug 2021,C25769,Alex  Lee,3262 NS,43
P3070-868,Beauty,Nourishing Hair Mask,Good product overall with minor issues.,4,28-11-2024,C33504,C. Taylor,01356,31
P1071-290,Home & Kitchen,Stainless Steel Knife Block,"Not very satisfied, has several problems.",2,31/05/2024,C74674,Robin De Vries,1102 LP,59
P4335-335,Electronics,Wireless Noise-Cancelling Headphones,"Great quality, very happy with this purchase.",5,20/12/2022,C38137,C. Lee,3325-95,53
P1919-681,Electronics,4K Ultra HD Smart TV,"Average experience, nothing special.",3,2021-10-10,C61735,R. Martins,8295,32
P3266-912,Electronics,Wireless Noise-Cancelling Headphones,"Not very satisfied, has several problems.",2,2020-02-25,C98590,Morgan  Lee,5397,24
P7242-123,Clothing,Wool Winter Scarf,"Great quality, very happy with this purchase.",5,06 Dec 2020,C63145,R. Johnson,7245,33
P7869-386,Books,Cookbook: Easy Weeknight Meals,"Great quality, very happy with this purchase.",5,2024-01-04,C67273,taylor taylor,5767,43
P1014-179,Home & Kitchen,Non-Stick Frying Pan Set,"Very disappointed, would not recommend.",1,11/10/2021,C72284,C. De Vries,01983,41
P5617-162,Beauty,Hydrating Face Serum,"Average experience, nothing special.",3,2021-05-10,C60457,MORGAN GARCIA,4499-34,28
P1196-205,Electronics,Wireless Noise-Cancelling Headphones,Good product overall with minor issues.,4,11/23/2022,C68638,Jamie Dubois,08385,44
P4345-595,Books,Sci-Fi Adventure,"Very disappointed, would not recommend.",1,2022-06-11,C74022,alex martins,1600-16,29
P7314-549,Books,Personal Finance Basics,"Average experience, nothing special.",3,01 Apr 2023,C36471,Taylor  Brown,8806-51,20
P7913-435,Electronics,Bluetooth Portable Speaker,Good product overall with minor issues.,4,16/12/2023,C42363,Chris Taylor,9342,37
P9837-933,Electronics,Bluetooth Portable Speaker,Not very user-friendly and the instructions were unclear. Wouldn’t buy again.,2,21-05-2022,C89266,Taylor Smith,4316,55
P5178-424,Books,Thriller Novel,,1,07/30/2023,C18025,SAM GARCIA,9484 JN,32
P3049-839,Pet Supplies,Cat Litter Odor Control,"Very disappointed, would not recommend.",1,01-08-2023,C39328,Morgan Brown,8784 XY,41
P2007-108,Clothing,Organic Cotton T-Shirt,Good product overall with minor issues.,4,18/06/2020,C52854,S. Lee,2578-94,60
P6714-856,Groceries,Organic Almond Butter,Good product overall with minor issues.,4,04 Oct 2024,C71558,Jamie Hernandez,7999-96,40
P5849-141,Sports,Running Shorts,"Great quality, very happy with this purchase.",5,02 Jun 2023,C78683,taylor taylor,5358,56
P4215-899,Home & Kitchen,Stainless Steel Knife Block,Good product overall with minor issues.,4,02/07/2023,C33894,Sam  Johnson,5233,45
P9074-907,Sports,Cycling Helmet,,5,2020-08-22,C53090,ALEX JOHNSON,07503,74
P8679-444,Home & Kitchen,Stainless Steel Knife Block,"Great quality, very happy with this purchase.",5,"Jul 22, 2022",C36647,taylor garcia,09198,27
P9279-523,Home & Kitchen,Memory Foam Pillow,Good product overall with minor issues.,4,10/13/2024,C41465,Sam Smith,2501-73,58
P3727-837,Home & Kitchen,Air Purifier,Good product overall with minor issues.,4,03/10/2023,C15163,ALEX BROWN,07408,37
P9118-998,Home & Kitchen,Memory Foam Pillow,"Very disappointed, would not recommend.",1,31 Mar 2022,C17473,taylor taylor,7894-37,31
P4846-167,Clothing,Wool Winter Scarf,"Great quality, very happy with this purchase.",5,"Jun 27, 2022",C34931,MORGAN DUBOIS,4006 HC,42
P6503-815,Beauty,Matte Liquid Lipstick,"Average experience, nothing special.",3,05/12/2020,C88661,S. Hernandez,4770,32
P9386-907,Books,Productivity Guidebook,"Very disappointed, would not recommend.",1,14/10/2020,C66241,morgan johnson,5965-99,75
P1595-457,Groceries,Organic Almond Butter,"Great quality, very happy with this purchase.",5,10 Mar 2021,C42048,Alex  Hernandez,04322,54
P4813-585,Beauty,Gentle Face Cleanser,Good product overall with minor issues.,4,02/11/2024,C23611,Pat  Dubois,02610,29
P1402-189,Books,Cookbook: Easy Weeknight Meals,,4,05 Dec 2024,C62627,SAM HERNANDEZ,7965 OQ,22
P3769-291,Clothing,Waterproof Hiking Jacket,"Great quality, very happy with this purchase.",5,"Aug 05, 2023",C80487,Casey  Smith,4962-82,29
P7228-403,Books,Personal Finance Basics,"Very disappointed, would not recommend.",1,29/01/2023,C58412,morgan smith,2186-47,39
P6775-988,Books,Thriller Novel,Good product overall with minor issues.,4,2021-12-19,C67855,,06052,36
P8327-674,Beauty,Gentle Face Cleanser,Good product overall with minor issues.,4,16 Dec 2021,C16526,T. Smith,4214,29
P1376-511,Clothing,Slim Fit Jeans,"Great quality, very happy with this purchase.",5,06/12/2021,C31240,Taylor  Taylor,4454-91,37
P3830-494,Pet Supplies,Dog Chew Toy,Good product overall with minor issues.,4,10/11/2020,C85263,robin garcia,5723-99,21
P7020-517,Pet Supplies,Pet Grooming Brush,Good product overall with minor issues.,4,2021-06-07,C81139,robin taylor,5979 LH,27
P4254-782,Clothing,Wool Winter Scarf,"Average experience, nothing special.",3,03/11/2022,C83605,T. Garcia,08028,24
P8745-473,Electronics,USB-C Fast Charger,"Great quality, very happy with this purchase.",5,2022-08-22,C89816,JORDAN TAYLOR,7693-88,33
P6833-124,Groceries,Organic Almond Butter,"Average experience, nothing special.",3,2021-10-15,C14178,Casey  Brown,7568 XA,31
P4723-856,Beauty,Nourishing Hair Mask,Good product overall with minor issues.,4,"Oct 17, 2020",C93222,chris smith,1468,42
P1379-773,Electronics,Bluetooth Portable Speaker,"Not very satisfied, has several problems.",2,2023-02-25,C55012,TAYLOR JOHNSON,08602,52
P2829-245,Electronics,Wireless Noise-Cancelling Headphones,"Not very satisfied, has several problems.",2,09/07/2023,C46014,sam martins,8548-29,37
P4152-667,Clothing,Wool Winter Scarf,"Average experience, nothing special.",3,12/14/2021,C20518,Jordan Martins,02324,27
P1512-883,Beauty,Nourishing Hair Mask,Good product overall with minor issues.,4,04-10-2020,C24110,PAT DUBOIS,8246 DE,23
P5216-203,Sports,Running Shorts,"Not very satisfied, has several problems.",2,22-03-2024,C97843,P. Martins,5963 XU,39
P7945-684,Books,Productivity Guidebook,"Not very satisfied, has several problems.",2,"Jun 20, 2020",C41522,Alex Taylor,6505-65,46
P7861-551,Electronics,4K Ultra HD Smart TV,"Not very satisfied, has several problems.",2,2023-10-17,C38221,Jordan Taylor,9700-77,70
P4969-510,Electronics,Fitness Smartwatch,"Average experience, nothing special.",3,2022-01-20,C28973,M. Brown,4891,40
P5797-704,Electronics,Bluetooth Portable Speaker,"Very disappointed, would not recommend.",1,03/12/2024,C35438,Jamie De Vries,04327,44
P8926-595,Electronics,Fitness Smartwatch,"Very disappointed, would not recommend.",1,20 Oct 2023,C75338,robin smith,9998,40
P2052-562,Electronics,Bluetooth Portable Speaker,"Not very satisfied, has several problems.",2,21/10/2024,C66015,SAM HERNANDEZ,01877,44
P4568-795,Toys,Plush Teddy Bear,Good product overall with minor issues.,4,10-06-2022,C21835,Casey  Hernandez,08581,62
P2326-482,Home & Kitchen,Air Purifier,"Not very satisfied, has several problems.",2,04/25/2020,C16700,ALEX BROWN,07181,42
P3786-708,Home & Kitchen,Non-Stick Frying Pan Set,"Average experience, nothing special.",3,27-10-2022,C61983,A. Taylor,1778 TY,51
P4933-907,Books,Thriller Novel,Good product overall with minor issues.,4,"Jan 14, 2023",C87846,A. Johnson,1323,39
P2640-349,Groceries,Gluten-Free Pasta,"Not very satisfied, has several problems.",2,29-07-2021,C51408,Chris Taylor,5078 LV,37
P3847-132,Home & Kitchen,Memory Foam Pillow,"Great quality, very happy with this purchase.",5,24/02/2024,C20065,PAT DE VRIES,7735,19
P1206-577,Office,A4 Printer Paper,"Great quality, very happy with this purchase.",5,28 Apr 2023,C73713,PAT DUBOIS,1700,33
P5407-674,Electronics,4K Ultra HD Smart TV,"Average experience, nothing special.",3,2024-11-19,C97987,morgan hernandez,3954,36
P6927-365,Toys,Remote Control Car,"Average experience, nothing special.",3,"May 10, 2022",C90849,pat garcia,02882,40
P7803-868,Beauty,Gentle Face Cleanser,"Not very satisfied, has several problems.",2,29-09-2024,C56448,PAT JOHNSON,7581-58,75
P8828-865,Electronics,Fitness Smartwatch,"Average experience, nothing special.",3,2024-08-12,C28322,T. Lee,2127 ZM,19
P7817-897,Electronics,USB-C Fast Charger,"Very disappointed, would not recommend.",1,11/02/2023,C97941,JAMIE GARCIA,9378,58
P7348-707,Home & Kitchen,Air Purifier,"Great quality, very happy with this purchase.",5,2022-09-16,C82247,MORGAN TAYLOR,05559,44
P3375-898,Home & Kitchen,Memory Foam Pillow,"Great quality, very happy with this purchase.",5,20 Aug 2020,C73249,alex martins,4654 BI,29
P4155-120,Clothing,Wool Winter Scarf,"Very disappointed, would not recommend.",1,2023-01-03,C86465,Pat Smith,8871 OQ,53
P3208-209,Electronics,4K Ultra HD Smart TV,Good product overall with minor issues.,4,2020-09-11,C63637,chris martins,,28
P7658-982,Toys,Remote Control Car,"Not very satisfied, has several problems.",2,12-07-2020,C22336,Sam  Hernandez,7005-67,23
P9308-172,Clothing,Wool Winter Scarf,"Very disappointed, would not recommend.",1,21/03/2023,C87329,CASEY HERNANDEZ,9690-31,48
P2882-498,Home & Kitchen,Memory Foam Pillow,"Not very satisfied, has several problems.",2,01 Jul 2024,C25798,Taylor  Johnson,9632 SB,46
P7087-628,Home & Kitchen,Stainless Steel Knife Block,"Average experience, nothing special.",3,28/10/2022,C65194,Taylor Hernandez,9981-25,33
P2734-548,Office,Mechanical Keyboard,"Average experience, nothing special.",3,"May 22, 2020",C34150,Chris De Vries,02093,24
P4078-515,Toys,Educational Puzzle Game,"Very disappointed, would not recommend.",1,05 Sep 2020,C40575,casey hernandez,5230,42
P7552-633,Home & Kitchen,Electric Kettle,"Average experience, nothing special.",3,"May 06, 2024",C62345,CHRIS DE VRIES,3192,30
P3880-819,Books,Productivity Guidebook,"Very disappointed, would not recommend.",1,01-08-2022,C34665,Chris  Johnson,9326,19
P4708-823,Electronics,USB-C Fast Charger,"Average experience, nothing special.",3,23 Jan 2020,C50059,S. Brown,5429,52
P1236-196,Clothing,Waterproof Hiking Jacket,"Great quality, very happy with this purchase.",5,23 Jul 2020,C48035,jordan brown,5435,61
P7739-459,Books,Personal Finance Basics,"Very disappointed, would not recommend.",1,29 Aug 2020,C65810,Jamie  Garcia,5488,20
P1637-427,Groceries,Extra Virgin Olive Oil,"Average experience, nothing special.",3,28 Aug 2024,C90525,A. Taylor,7403-72,43
P2156-127,Clothing,Organic Cotton T-Shirt,"Not very satisfied, has several problems.",2,13-10-2021,C45018,Sam  Hernandez,3874,68
P6684-339,Books,Thriller Novel,"Not very satisfied, has several problems.",2,05-01-2023,C78417,CHRIS DE VRIES,4504-91,23
P4776-902,Beauty,Gentle Face Cleanser,"Average experience, nothing special.",3,09/16/2020,C29503,jordan smith,03911,38
P8743-479,Home & Kitchen,Memory Foam Pillow,"Very disappointed, would not recommend.",1,"Feb 19, 2024",C90254,Jordan  Smith,6930-32,42
P6570-940,Clothing,Slim Fit Jeans,,1,03/28/2023,C83327,Morgan Hernandez,5456-71,24
P6287-715,Home & Kitchen,Memory Foam Pillow,"Very disappointed, would not recommend.",1,15-09-2024,C15872,JORDAN DUBOIS,9569,43
P7585-782,Pet Supplies,Dog Chew Toy,Good product overall with minor issues.,4,23-11-2022,C87207,Morgan  Hernandez,8487,59
P5273-736,Books,Productivity Guidebook,Good product overall with minor issues.,4,2020-06-17,C42145,P. Lee,5505,25
P8871-949,Electronics,USB-C Fast Charger,"Average experience, nothing special.",3,07-05-2022,C10006,Chris  Johnson,9276 AV,40
P8126-689,Beauty,Daily SPF 50 Sunscreen,"Great quality, very happy with this purchase.",5,2021-11-02,C46469,C. Smith,7700 WS,52
P8121-173,Groceries,Dark Chocolate Bar,Good product overall with minor issues.,4,29 Aug 2024,C31996,CHRIS DUBOIS,1545-52,32
P9424-908,Home & Kitchen,Stainless Steel Knife Block,"Very disappointed, would not recommend.",1,12-07-2023,C42685,Morgan  Lee,7671-16,51
P8197-662,Electronics,4K Ultra HD Smart TV,"Great quality, very happy with this purchase.",5,"Feb 11, 2022",C90005,T. Smith,9252-28,76
P1845-298,Home & Kitchen,Memory Foam Pillow,Good product overall with minor issues.,4,03/17/2021,C46865,taylor hernandez,9334-58,52
P2454-588,Clothing,Running Sneakers,"Very disappointed, would not recommend.",1,07/07/2022,C68523,Jordan Lee,8552 NF,49
P9001-933,Books,Sci-Fi Adventure,Good product overall with minor issues.,4,26-06-2021,C59064,C. Lee,4922-74,49
P4932-587,Toys,Building Block Set,Good product overall with minor issues.,4,11-08-2022,C46882,Alex Lee,1369-71,36
P4407-160,Sports,Adjustable Dumbbell Set,"Great quality, very happy with this purchase.",5,2023-04-19,C94325,Alex Hernandez,1548-57,41
P7924-474,Pet Supplies,Dog Chew Toy,"Not very satisfied, has several problems.",2,01/12/2021,C98713,Sam  Martins,01522,61
P5022-934,Electronics,Wireless Noise-Cancelling Headphones,"Average experience, nothing special.",3,12 Apr 2023,C65235,J. Johnson,09222,55
P5533-511,Sports,Running Shorts,Good product overall with minor issues.,4,06/05/2020,C71654,Robin Martins,09367,60
P9971-250,Beauty,Nourishing Hair Mask,"Great quality, very happy with this purchase.",5,02 Feb 2020,C27454,chris martins,7142,47
P9132-532,Books,Thriller Novel,"Average experience, nothing special.",3,2024-10-17,C73069,Taylor  Hernandez,3862-18,36
P4493-665,Home & Kitchen,Memory Foam Pillow,"Great quality, very happy with this purchase.",5,2024-09-12,C75580,chris brown,5902-26,35
P9266-592,Electronics,4K Ultra HD Smart TV,"Not very satisfied, has several problems.",2,09/12/2024,C80421,pat martins,9141 DG,
P7855-890,Home & Kitchen,Stainless Steel Knife Block,"Average experience, nothing special.",3,2022-12-30,C91526,morgan de vries,03749,44
P3798-667,Home & Kitchen,Non-Stick Frying Pan Set,Good product overall with minor issues.,4,11/07/2021,C24496,pat dubois,3913,28
P1909-300,Sports,Yoga Mat,"Great quality, very happy with this purchase.",5,05/13/2020,C34782,J. Brown,3835 FD,56
P3840-164,Books,Productivity Guidebook,"Great quality, very happy with this purchase.",5,05/10/2021,C35322,Jordan Johnson,05845,32
P1638-294,Electronics,4K Ultra HD Smart TV,"Very disappointed, would not recommend.",1,07/13/2024,C68953,ROBIN DE VRIES,2635-88,74
P4889-867,Sports,Running Shorts,"Average experience, nothing special.",3,10/28/2021,C23611,Pat  Dubois,02610,29
P5372-449,Groceries,Dark Chocolate Bar,"Not very satisfied, has several problems.",2,22-04-2020,C20752,CASEY JOHNSON,2714-58,73
P3169-263,Beauty,Gentle Face Cleanser,"Average experience, nothing special.",3,01 Oct 2020,C98121,Jordan  Johnson,9786,30
P7588-274,Toys,Remote Control Car,,4,"Sep 07, 2024",C59998,Sam  Smith,5439 ZW,25
P9065-232,Pet Supplies,Dog Chew Toy,"Not very satisfied, has several problems.",2,02 Feb 2023,C36376,SAM BROWN,8590-44,44
P2447-402,Electronics,Bluetooth Portable Speaker,"Average experience, nothing special.",3,16 Jan 2021,C53408,M. Smith,3415-76,37
P5922-588,Electronics,Bluetooth Portable Speaker,"Average experience, nothing special.",3,12-07-2022,C89559,C. Smith,1381 CU,43
P6806-541,Groceries,Gluten-Free Pasta,"Not very satisfied, has several problems.",2,"Mar 27, 2021",C79578,Morgan  De  Vries,7240 WT,52
P1377-190,Pet Supplies,Pet Grooming Brush,"Very disappointed, would not recommend.",1,25 Jun 2024,C82877,Pat Smith,8896-45,59
P5200-977,Home & Kitchen,Non-Stick Frying Pan Set,"Great quality, very happy with this purchase.",5,04/16/2023,C83415,sam hernandez,02202,53
P6872-195,Electronics,4K Ultra HD Smart TV,Good product overall with minor issues.,4,29/08/2022,C83976,CHRIS TAYLOR,7452 ZR,41
P3445-707,Toys,Plush Teddy Bear,"Not very satisfied, has several problems.",2,22 Jan 2022,C80096,Sam  Brown,03699,64
P9768-844,Clothing,Running Sneakers,"Average experience, nothing special.",3,27-10-2023,C63674,ROBIN DE VRIES,7540 ZR,33
P2329-589,Home & Kitchen,Memory Foam Pillow,"Average experience, nothing special.",3,06 Dec 2021,C53221,Casey Brown,9004 WO,63
P8021-554,Groceries,Whole Bean Coffee,"Average experience, nothing special.",3,2024-04-06,C95447,J. Hernandez,7953 HI,56
P8218-642,Electronics,USB-C Fast Charger,"Great quality, very happy with this purchase.",5,24/05/2022,C11040,Alex Hernandez,06750,18
P3543-276,Home & Kitchen,Electric Kettle,"Average experience, nothing special.",3,23/10/2020,C80968,T. Lee,3742 NR,41
P5498-108,Groceries,Organic Almond Butter,"Not very satisfied, has several problems.",2,02/06/2021,C19435,Chris  Taylor,4965 QM,40
P7438-141,Home & Kitchen,Memory Foam Pillow,"Great quality, very happy with this purchase.",5,28-12-2024,C45038,Pat  Brown,01787,57
P6718-518,Beauty,Gentle Face Cleanser,Good product overall with minor issues.,4,22 Feb 2024,C30127,M. Garcia,3796-55,67
P3600-495,Books,Productivity Guidebook,"Not very satisfied, has several problems.",2,05/03/2022,C89605,Chris  Martins,9388 XM,42
P2639-721,Toys,Family Board Game,"Great quality, very happy with this purchase.",5,12-05-2020,C58539,Jamie  Brown,5543 ZJ,50
P9476-899,Clothing,Slim Fit Jeans,"Average experience, nothing special.",3,"Sep 19, 2023",C67668,robin martins,06230,25
P4647-884,Beauty,Daily SPF 50 Sunscreen,Good product overall with minor issues.,4,04-01-2023,C23349,Chris Martins,3862-10,20
P6665-315,Home & Kitchen,Non-Stick Frying Pan Set,"Average experience, nothing special.",3,30-04-2023,C16678,ALEX JOHNSON,06456,32
P8925-236,Beauty,Gentle Face Cleanser,"Not very satisfied, has several problems.",2,12/22/2021,C75599,chris martins,4657 UX,54
P4895-981,Beauty,Matte Liquid Lipstick,"Not very satisfied, has several problems.",2,01/03/2023,C55812,Morgan Smith,6636 TJ,20
P2926-895,Groceries,Gluten-Free Pasta,"Not very satisfied, has several problems.",2,20/04/2022,C95878,JORDAN DUBOIS,1298 IM,21
P5765-227,Sports,Adjustable Dumbbell Set,"Great quality, very happy with this purchase.",5,16 Dec 2021,C54570,A. De Vries,9180-57,57
P1511-774,Electronics,Bluetooth Portable Speaker,"Very disappointed, would not recommend.",1,2024-04-01,C14622,Pat  Dubois,05418,38
P2799-867,Groceries,Whole Bean Coffee,"Average experience, nothing special.",3,30/03/2023,C86726,Pat  Dubois,5095 GZ,32
P3098-236,Clothing,Running Sneakers,"Great quality, very happy with this purchase.",5,07/01/2023,C21190,Taylor Taylor,2744-88,33
P4714-542,Home & Kitchen,Air Purifier,Good product overall with minor issues.,4,08 Oct 2024,C51110,Robin  Hernandez,2024-44,25
P6967-892,Pet Supplies,Cat Scratching Post,Good product overall with minor issues.,4,09/23/2024,C30102,Pat  Smith,6614,74
P9299-984,Toys,Educational Puzzle Game,"Great quality, very happy with this purchase.",5,10-03-2022,C23590,J. Brown,4213-31,30
P3404-963,Toys,Family Board Game,"Average experience, nothing special.",3,"Jul 16, 2024",C61683,Chris Dubois,5470 LW,36
P6613-187,Toys,Family Board Game,"Not very satisfied, has several problems.",2,21-02-2022,C12397,CHRIS BROWN,9845,39
P2315-366,Groceries,Extra Virgin Olive Oil,Good product overall with minor issues.,4,05/10/2023,C19764,jordan de vries,4980 BD,39
P5769-579,Groceries,Extra Virgin Olive Oil,Good product overall with minor issues.,4,04 Apr 2020,C65284,ROBIN MARTINS,9904,29
P4039-196,Electronics,USB-C Fast Charger,Good product overall with minor issues.,4,2020-10-28,C78623,Morgan  Martins,5911,43
P5205-729,Beauty,Nourishing Hair Mask,Good product overall with minor issues.,4,08/14/2022,C91039,Morgan Dubois,1144,32
P1543-678,Electronics,Bluetooth Portable Speaker,Good product overall with minor issues.,4,2023-08-14,C27129,C. Johnson,08383,27
P8611-111,Electronics,USB-C Fast Charger,Good product overall with minor issues.,4,21/07/2021,C22472,jordan garcia,3027,27
P3815-511,Toys,Remote Control Car,"Very disappointed, would not recommend.",1,14/10/2020,C90849,pat garcia,02882,40
P3319-985,Home & Kitchen,Non-Stick Frying Pan Set,"Great quality, very happy with this purchase.",5,19/04/2021,C58241,M. Taylor,5883,23
P6538-359,Electronics,Bluetooth Portable Speaker,Good product overall with minor issues.,4,21/03/2023,C55240,Jamie Smith,2335 ZY,42
P1195-325,Beauty,Gentle Face Cleanser,"Average experience, nothing special.",3,"Jul 12, 2024",C74589,Robin Johnson,1439,41
P1078-437,Pet Supplies,Cat Litter Odor Control,"Very disappointed, would not recommend.",1,03/14/2022,C40390,morgan hernandez,4916 RI,42
P5584-329,Electronics,USB-C Fast Charger,"Average experience, nothing special.",3,26 Oct 2021,C86955,Robin Taylor,8740-15,30
P5325-989,Pet Supplies,Cat Litter Odor Control,"Average experience, nothing special.",3,2020-08-26,C46818,Morgan  Smith,08189,28
P8454-708,Electronics,Wireless Noise-Cancelling Headphones,"Great quality, very happy with this purchase.",5,12/29/2024,C49176,Robin Martins,2723,43
P3455-624,Clothing,Running Sneakers,"Great quality, very happy with this purchase.",5,06-06-2024,C60777,casey taylor,6535 VA,45
P7208-840,Clothing,Running Sneakers,"Great quality, very happy with this purchase.",5,"Feb 01, 2024",C95190,pat johnson,3166-80,44
P7656-247,Clothing,Slim Fit Jeans,Good product overall with minor issues.,4,01-04-2021,C34082,R. Johnson,2399,32
P9841-768,Toys,Plush Teddy Bear,"Not very satisfied, has several problems.",2,11/08/2021,C35243,T. Smith,04533,69
P5236-824,Toys,Plush Teddy Bear,"Not very satisfied, has several problems.",2,2023-10-24,C55061,sam taylor,9809-51,54
P5158-643,Toys,Remote Control Car,"Great quality, very happy with this purchase.",5,11/19/2021,C54648,TAYLOR JOHNSON,9524-42,
P3162-473,Clothing,Waterproof Hiking Jacket,"Average experience, nothing special.",3,2024-06-27,C65610,M. De Vries,08317,30
P1560-195,Electronics,USB-C Fast Charger,"Great quality, very happy with this purchase.",5,01/08/2024,C64356,T. Hernandez,03158,41
P3580-924,Beauty,Daily SPF 50 Sunscreen,"Average experience, nothing special.",3,03/08/2023,C32764,Casey  Johnson,7427 DN,31
P3929-639,Electronics,Wireless Noise-Cancelling Headphones,Good product overall with minor issues.,4,10/01/2021,C29669,A. Brown,1059,20
P1910-989,Electronics,Wireless Noise-Cancelling Headphones,"Average experience, nothing special.",3,11-04-2022,C47821,Morgan  Lee,4610,28
P5142-382,Beauty,Nourishing Hair Mask,"Not very satisfied, has several problems.",2,2024-08-17,C62198,Alex  Dubois,6597 RZ,25
P9763-824,Books,Personal Finance Basics,"Very disappointed, would not recommend.",1,2022-05-22,C44028,Chris Dubois,3515,27
P6979-145,Clothing,Organic Cotton T-Shirt,"Very disappointed, would not recommend.",1,04-03-2023,C73358,S. Smith,6740,28
P8372-961,Beauty,Gentle Face Cleanser,"Very disappointed, would not recommend.",1,08/29/2024,C35913,robin hernandez,03646,42
P8268-185,Clothing,Slim Fit Jeans,"Average experience, nothing special.",3,16/05/2023,C71164,chris dubois,2813-49,70
P9472-658,Home & Kitchen,Non-Stick Frying Pan Set,"Not very satisfied, has several problems.",2,2023-11-20,C95607,C. Dubois,4860-92,39
P5985-737,Books,Cookbook: Easy Weeknight Meals,Good product overall with minor issues.,4,28-11-2022,C59334,CHRIS DUBOIS,7653-49,41
P5427-646,Sports,Adjustable Dumbbell Set,"Very disappointed, would not recommend.",1,08/05/2023,C62748,S. Dubois,3953,29
P2078-529,Home & Kitchen,Air Purifier,"Average experience, nothing special.",3,16/09/2022,C26704,Jordan  Brown,3267,29
P1960-202,Electronics,Bluetooth Portable Speaker,"Average experience, nothing special.",3,30-10-2020,C24896,Robin Brown,7488 CI,35
P4649-322,Home & Kitchen,Air Purifier,"Average experience, nothing special.",3,"Jun 04, 2023",C45769,ROBIN LEE,09826,24
P6782-355,Toys,Building Block Set,"Great quality, very happy with this purchase.",5,10/02/2020,C31433,J. Dubois,4871 AB,49
P7661-169,Home & Kitchen,Electric Kettle,"Average experience, nothing special.",3,08/09/2021,C74079,taylor garcia,01860,32
P6958-930,Sports,Running Shorts,"Average experience, nothing special.",3,15/03/2023,C50078,Taylor  Hernandez,1314 GX,50
P5065-947,Home & Kitchen,Memory Foam Pillow,"Great quality, very happy with this purchase.",5,20/07/2020,C73098,taylor lee,4411,74
P9826-483,Electronics,Fitness Smartwatch,"Not very satisfied, has several problems.",2,03-01-2024,C41683,TAYLOR GARCIA,2189 EH,20
P1887-923,Books,Personal Finance Basics,"Great quality, very happy with this purchase.",5,30 Jun 2021,C16858,JORDAN BROWN,5901-60,27
P8967-889,Home & Kitchen,Non-Stick Frying Pan Set,"Great quality, very happy with this purchase.",5,"Jun 03, 2020",C38369,jordan brown,2676,37
P5160-880,Sports,Cycling Helmet,"Very disappointed, would not recommend.",1,16 Jun 2023,C24427,Chris Dubois,6145 DM,32
P2971-862,Electronics,USB-C Fast Charger,Good product overall with minor issues.,4,2020-10-01,C80313,chris martins,3153,59
P9207-928,Books,Personal Finance Basics,"Average experience, nothing special.",3,29 Sep 2023,C68378,robin johnson,04535,41
P2573-969,Sports,Running Shorts,"Very disappointed, would not recommend.",1,09/02/2024,C73647,Morgan  De  Vries,02608,33
P9327-584,Clothing,Running Sneakers,"Great quality, very happy with this purchase.",5,02/11/2024,C12204,Robin  Dubois,5612 BW,65
P7557-876,Books,Cookbook: Easy Weeknight Meals,"Great quality, very happy with this purchase.",5,03/01/2023,C33081,MORGAN SMITH,03557,25
P8505-315,Clothing,Slim Fit Jeans,"Average experience, nothing special.",3,05/10/2022,C74022,alex martins,1600-16,29
P8265-632,Sports,Foam Roller,"Great quality, very happy with this purchase.",5,11 Apr 2023,C58657,jamie lee,05653,39
P7846-560,Home & Kitchen,Air Purifier,"Average experience, nothing special.",3,"May 20, 2020",C74411,Jamie  Johnson,6805 LV,56
P4432-702,Electronics,USB-C Fast Charger,"Not very satisfied, has several problems.",2,03 Feb 2020,C15287,jamie taylor,1081-67,55
P8898-913,Sports,Running Shorts,"Not very satisfied, has several problems.",2,07 Feb 2020,C59614,Robin  De  Vries,3635-23,42
P5752-445,Electronics,Bluetooth Portable Speaker,"Average experience, nothing special.",3,18 Feb 2020,C71251,Alex  Smith,01045,21
P4420-681,Books,Sci-Fi Adventure,Good product overall with minor issues.,4,02 Apr 2022,C78213,MORGAN DUBOIS,7185,31
P2302-398,Electronics,Fitness Smartwatch,"Not very satisfied, has several problems.",2,02/10/2021,C91062,Taylor  Smith,5554,79
P4189-467,Clothing,Running Sneakers,"Very disappointed, would not recommend.",1,"Dec 04, 2022",C30547,SAM GARCIA,06362,30
P8399-973,Clothing,Running Sneakers,"Very disappointed, would not recommend.",1,01/12/2021,C77027,T. Smith,4216-83,40
P1196-444,Books,Sci-Fi Adventure,"Very disappointed, would not recommend.",1,25-04-2022,C81075,jamie brown,3082 RJ,60
P7404-726,Home & Kitchen,Electric Kettle,"Average experience, nothing special.",3,"Aug 25, 2024",C46942,JORDAN LEE,3371,78
P8569-178,Groceries,Whole Bean Coffee,"Average experience, nothing special.",3,2022-01-21,C19656,JAMIE DE VRIES,3498 MU,28
P1401-370,Electronics,Wireless Noise-Cancelling Headphones,Good product overall with minor issues.,4,2024-05-21,C84430,Jamie Johnson,03051,21
P5742-164,Books,Thriller Novel,"Very disappointed, would not recommend.",1,03/27/2021,C54825,Jamie De Vries,8807 GS,31
P6112-109,Books,Productivity Guidebook,,3,24 Jun 2020,C30522,Chris  Johnson,1036 OB,38
P9246-569,Clothing,Waterproof Hiking Jacket,"Great quality, very happy with this purchase.",5,2021-03-11,C60010,Jamie Smith,6478 NN,64
P8499-435,Electronics,4K Ultra HD Smart TV,Good product overall with minor issues.,4,05/13/2023,C69636,jordan smith,8368 TU,41
P5733-191,Clothing,Wool Winter Scarf,"Not very satisfied, has several problems.",2,28 Jul 2024,C49381,Jamie Smith,1277,39
P4955-189,Pet Supplies,Cat Litter Odor Control,"Very disappointed, would not recommend.",1,2020-06-15,C88978,pat garcia,2550,26
P5920-997,Clothing,Wool Winter Scarf,"Great quality, very happy with this purchase.",5,14 Feb 2022,C78003,Casey  Lee,9466,32
P8282-597,Clothing,Organic Cotton T-Shirt,"Not very satisfied, has several problems.",2,01-09-2023,C50624,Casey Taylor,1605 DD,63
P3788-195,Home & Kitchen,Non-Stick Frying Pan Set,"Average experience, nothing special.",3,08/09/2021,C63095,Morgan Brown,1253 AM,27
P7670-818,Beauty,Daily SPF 50 Sunscreen,"Average experience, nothing special.",3,05/02/2022,C24273,Robin Smith,4836 AY,44
P2829-857,Home & Kitchen,Electric Kettle,"Great quality, very happy with this purchase.",5,05 Sep 2022,C40848,jamie dubois,5971-98,69
P9618-485,Toys,Remote Control Car,"Average experience, nothing special.",3,16/09/2023,C30110,Robin  Martins,2515 CH,31
P6984-472,Electronics,Wireless Noise-Cancelling Headphones,"Great quality, very happy with this purchase.",5,2023-08-05,C40014,C. Dubois,2940-25,35
P7441-409,Home & Kitchen,Stainless Steel Knife Block,Good product overall with minor issues.,4,"Mar 03, 2021",C88114,,05849,55
P2622-841,Beauty,Nourishing Hair Mask,,5,20-03-2022,C86440,sam garcia,1897 TF,26
P2362-937,Sports,Yoga Mat,"Average experience, nothing special.",3,2022-05-18,C86732,Robin  Taylor,5134-89,47
P9697-974,Clothing,Slim Fit Jeans,"Average experience, nothing special.",3,25-09-2023,C91853,Alex De Vries,8832,51
P5014-743,Pet Supplies,Cat Litter Odor Control,Good product overall with minor issues.,4,10/19/2024,C64917,JAMIE HERNANDEZ,2176-77,29
P7298-164,Home & Kitchen,Electric Kettle,"Not very satisfied, has several problems.",2,2024-08-23,C64193,J. Johnson,08149,31
P3414-330,Home & Kitchen,Memory Foam Pillow,"Great quality, very happy with this purchase.",5,2023-09-26,C39899,SAM GARCIA,9743,24
P6257-965,Clothing,Waterproof Hiking Jacket,"Not very satisfied, has several problems.",2,01/16/2021,C90596,pat lee,9523 HZ,74
P4646-326,Electronics,Bluetooth Portable Speaker,"Very disappointed, would not recommend.",1,05/22/2022,C49307,Jordan Martins,5171 XD,43
P7367-815,Home & Kitchen,Non-Stick Frying Pan Set,"Not very satisfied, has several problems.",2,16-05-2024,C89921,Alex Brown,02605,33
P7476-842,Sports,Running Shorts,"Very disappointed, would not recommend.",1,19/03/2021,C76678,Jordan  Johnson,1109,44
P4204-716,Pet Supplies,Pet Grooming Brush,"Average experience, nothing special.",3,"Sep 28, 2022",C55384,Jamie Hernandez,3392 OI,47
P7974-251,Home & Kitchen,Air Purifier,"Average experience, nothing special.",3,15 Mar 2022,C66503,JAMIE JOHNSON,05778,31
P3394-691,Sports,Foam Roller,"Not very satisfied, has several problems.",2,07/10/2023,C83219,Sam  De  Vries,3806-15,23
P5761-657,Clothing,Waterproof Hiking Jacket,,3,01/11/2020,C78107,Chris  Martins,6346 VW,42
P8157-798,Clothing,Organic Cotton T-Shirt,"Not very satisfied, has several problems.",2,"Sep 30, 2022",C37438,PAT GARCIA,6361 CV,45
P3111-231,Books,Cookbook: Easy Weeknight Meals,Good product overall with minor issues.,4,01/12/2024,C16246,Alex  Taylor,8402,26
P5499-302,Home & Kitchen,Memory Foam Pillow,Good product overall with minor issues.,4,08/11/2021,C66982,Casey Brown,1493-24,23
P6006-109,Toys,Plush Teddy Bear,"Not very satisfied, has several problems.",2,2021-02-26,C46496,Jordan Johnson,7382,43
P6393-846,Books,Productivity Guidebook,"Very disappointed, would not recommend.",1,30-09-2022,C86035,Pat  Brown,3123 DL,25
P3001-437,Electronics,4K Ultra HD Smart TV,"Not very satisfied, has several problems.",2,12/21/2023,C42052,S. Brown,1786 RG,75
P9141-514,Groceries,Gluten-Free Pasta,"Not very satisfied, has several problems.",2,27 Nov 2021,C36014,CASEY GARCIA,2745,66
P9819-281,Beauty,Gentle Face Cleanser,Good product overall with minor issues.,4,23/03/2020,C12708,R. Smith,6216,45
P9314-107,Home & Kitchen,Air Purifier,"Great quality, very happy with this purchase.",5,2022-08-22,C66592,Jamie Lee,3150,68
P1740-433,Home & Kitchen,Memory Foam Pillow,"Average experience, nothing special.",3,28-02-2023,C68316,R. Hernandez,2446,39
P8244-995,Clothing,Slim Fit Jeans,,3,27 Oct 2021,C50117,Chris  Dubois,3176-23,39
P2786-999,Clothing,Organic Cotton T-Shirt,"Average experience, nothing special.",3,12/09/2023,C36883,T. Martins,7159,67
P4723-107,Books,Sci-Fi Adventure,Good product overall with minor issues.,4,29-07-2021,C25313,T. Hernandez,08850,22
P4461-633,Electronics,4K Ultra HD Smart TV,Good product overall with minor issues.,4,"Mar 12, 2024",C98686,Chris  Brown,9390 UD,33
P1140-760,Groceries,Dark Chocolate Bar,"Very disappointed, would not recommend.",1,21/08/2022,C47298,Casey Hernandez,5869-50,33
P7980-238,Books,Thriller Novel,Good product overall with minor issues.,4,08/04/2023,C40442,Jordan Dubois,02787,33
P1887-573,Home & Kitchen,Air Purifier,"Great quality, very happy with this purchase.",5,"Dec 12, 2023",C57693,Morgan  Garcia,4653-73,42
P4449-158,Beauty,Nourishing Hair Mask,Good product overall with minor issues.,4,28 Aug 2023,C49084,SAM MARTINS,8869-37,26
P1042-603,Home & Kitchen,Non-Stick Frying Pan Set,"Great quality, very happy with this purchase.",5,30/12/2022,C30541,SAM TAYLOR,9209 AH,74
P4673-189,Electronics,4K Ultra HD Smart TV,"Not very satisfied, has several problems.",2,09 Aug 2024,C51295,Taylor  Brown,06137,48
P5388-593,Office,Wireless Mouse,Good product overall with minor issues.,4,06/02/2020,C90265,Chris  Smith,6848 LW,26
P5349-911,Electronics,Bluetooth Portable Speaker,"Average experience, nothing special.",3,02/28/2023,C61331,JAMIE BROWN,5084-86,29
P2693-257,Clothing,Running Sneakers,"Not very satisfied, has several problems.",2,15/11/2024,C80912,taylor smith,5850 RW,25
P4477-822,Electronics,USB-C Fast Charger,"Average experience, nothing special.",3,2022-05-27,C73869,Morgan Hernandez,6105-37,29
P1579-129,Beauty,Nourishing Hair Mask,,5,30 Dec 2020,C42007,pat hernandez,3328-64,22
P7560-206,Pet Supplies,Grain-Free Dog Food,Good product overall with minor issues.,4,"May 02, 2024",C64917,JAMIE HERNANDEZ,2176-77,29
P1914-312,Electronics,Wireless Noise-Cancelling Headphones,"Great quality, very happy with this purchase.",5,03/10/2024,C90163,Alex  Dubois,8792-24,27
P3581-691,Sports,Yoga Mat,Good product overall with minor issues.,4,22 May 2024,C24742,alex garcia,8870,38
P5583-286,Beauty,Nourishing Hair Mask,Good product overall with minor issues.,4,2024-05-15,C91322,Morgan  Garcia,09871,30
P2296-271,Beauty,Hydrating Face Serum,Good product overall with minor issues.,4,"Mar 27, 2023",C72446,casey martins,7336 XH,53
P7690-113,Groceries,Extra Virgin Olive Oil,"Great quality, very happy with this purchase.",5,03 May 2022,C94768,Pat  Lee,5211-53,39
P8233-103,Books,Productivity Guidebook,"Great quality, very happy with this purchase.",5,12-07-2021,C71355,Robin Smith,2415,59
P3402-510,Books,Sci-Fi Adventure,"Very disappointed, would not recommend.",1,19 Dec 2023,C43706,JAMIE DUBOIS,6596,41
P2216-806,Electronics,4K Ultra HD Smart TV,Good product overall with minor issues.,4,02/13/2022,C85658,CHRIS JOHNSON,9580,30
P2363-958,Home & Kitchen,Stainless Steel Knife Block,Good product overall with minor issues.,4,2024-06-09,C67668,robin martins,06230,25
P8721-101,Electronics,Wireless Noise-Cancelling Headphones,"Great quality, very happy with this purchase.",5,15 May 2024,C73687,JAMIE GARCIA,8856 DX,76
P7214-563,Home & Kitchen,Electric Kettle,"Not very satisfied, has several problems.",2,08/20/2023,C97777,Alex Garcia,2500,18
P1193-481,Electronics,4K Ultra HD Smart TV,"Very disappointed, would not recommend.",1,10/31/2020,C84101,R. Brown,04762,46
P8755-375,Groceries,Dark Chocolate Bar,Good product overall with minor issues.,4,13 Oct 2023,C53746,Taylor  Hernandez,08394,30
P1920-388,Beauty,Matte Liquid Lipstick,"Very disappointed, would not recommend.",1,04/08/2022,C29072,Taylor  Garcia,7230,24
P4905-569,Groceries,Whole Bean Coffee,"Great quality, very happy with this purchase.",5,20/04/2024,C65541,,8328 DX,57
P5934-713,Toys,Plush Teddy Bear,"Very disappointed, would not recommend.",1,06/26/2024,C90658,Pat  De  Vries,5506 TB,31
P5185-371,Beauty,Nourishing Hair Mask,"Average experience, nothing special.",3,"Feb 24, 2020",C83117,PAT TAYLOR,7125-50,39
P7093-919,Pet Supplies,Pet Grooming Brush,"Very disappointed, would not recommend.",1,12/30/2022,C65612,Morgan  Hernandez,06267,18
P4253-766,Toys,Plush Teddy Bear,"Average experience, nothing special.",3,"Nov 20, 2023",C49008,J. Taylor,9011 LR,69
P3199-108,Office,A4 Printer Paper,"Average experience, nothing special.",3,10/09/2024,C31491,Casey De Vries,8934-80,23
P9844-386,Beauty,Gentle Face Cleanser,Good product overall with minor issues.,4,16-09-2021,C28236,Sam  Garcia,7404-36,63
P3953-182,Home & Kitchen,Electric Kettle,"Average experience, nothing special.",3,2022-05-30,C75409,CHRIS DE VRIES,5447 ET,19
P9876-637,Beauty,Nourishing Hair Mask,Good product overall with minor issues.,4,08/21/2022,C53173,Morgan Lee,5831-40,28
P1053-807,Office,A4 Printer Paper,"Average experience, nothing special.",3,18-05-2023,C69464,Chris Johnson,4420 HQ,48
P6725-516,Books,Personal Finance Basics,"Very disappointed, would not recommend.",1,2024-12-21,C63685,MORGAN MARTINS,03167,26
P4802-204,Clothing,Waterproof Hiking Jacket,Good product overall with minor issues.,4,12/03/2020,C68918,jordan taylor,4492-96,40
P4081-982,Groceries,Extra Virgin Olive Oil,"Very disappointed, would not recommend.",1,2024-06-25,C25191,JAMIE SMITH,03267,36
P7473-526,Clothing,Organic Cotton T-Shirt,"Very disappointed, would not recommend.",1,15 Oct 2021,C55444,casey de vries,7575 LN,34
P2245-275,Electronics,4K Ultra HD Smart TV,"Great quality, very happy with this purchase.",5,"Dec 14, 2023",C86546,Alex Garcia,5464 WT,34
P6379-257,Home & Kitchen,Non-Stick Frying Pan Set,"Very disappointed, would not recommend.",1,2021-05-11,C98409,Sam  Hernandez,8541,50
P3077-906,Clothing,Waterproof Hiking Jacket,Good product overall with minor issues.,4,22 Nov 2024,C61013,Sam Martins,6536,39
P4710-951,Pet Supplies,Cat Litter Odor Control,"Average experience, nothing special.",3,2022-06-15,C10950,P. Brown,4728-44,56
P3842-297,Home & Kitchen,Electric Kettle,"Not very satisfied, has several problems.",2,24-10-2024,C14790,alex lee,06564,60
P6642-935,Toys,Educational Puzzle Game,Good product overall with minor issues.,4,02/16/2020,C43367,alex brown,6533 NQ,52
P7808-588,Home & Kitchen,Non-Stick Frying Pan Set,"Great quality, very happy with this purchase.",5,2023-01-05,C86517,pat lee,8540,35
P9183-864,Groceries,Extra Virgin Olive Oil,"Not very satisfied, has several problems.",2,28/02/2021,C91736,jamie brown,6411 OW,25
P5571-263,Home & Kitchen,Air Purifier,Good product overall with minor issues.,4,2021-07-16,C13149,morgan hernandez,1969,62
P9172-193,Sports,Foam Roller,Good product overall with minor issues.,4,"Oct 21, 2020",C56642,P. De Vries,6250-80,47
P6342-513,Clothing,Slim Fit Jeans,Good product overall with minor issues.,4,13/02/2020,C68962,Robin  Brown,8549,37
P6790-606,Beauty,Daily SPF 50 Sunscreen,"Average experience, nothing special.",3,03/09/2023,C58608,Chris Smith,6311-40,57
P2217-672,Groceries,Gluten-Free Pasta,"Not very satisfied, has several problems.",2,07/02/2023,C51018,SAM GARCIA,2010-95,50
P2516-406,Books,Thriller Novel,"Average experience, nothing special.",3,10/03/2022,C51899,Sam Smith,1661-95,37
P1928-293,Books,Cookbook: Easy Weeknight Meals,"Average experience, nothing special.",3,31/10/2023,C22001,Sam Lee,5681,51
P3884-916,Books,Productivity Guidebook,"Very disappointed, would not recommend.",1,"Aug 11, 2024",C57408,Sam  Garcia,06193,25
P3520-432,Pet Supplies,Cat Scratching Post,"Average experience, nothing special.",3,2022-04-12,C59998,Sam  Smith,5439 ZW,25
P5292-920,Sports,Adjustable Dumbbell Set,"Great quality, very happy with this purchase.",5,12/25/2023,C36493,T. Hernandez,08084,21
P1424-891,Sports,Adjustable Dumbbell Set,"Not very satisfied, has several problems.",2,2023-06-22,C36714,Morgan Johnson,1646,34
P7223-793,Beauty,Hydrating Face Serum,Good product overall with minor issues.,4,09/10/2021,C25337,C. Johnson,01591,31
P4825-878,Clothing,Slim Fit Jeans,Good product overall with minor issues.,4,09 Dec 2024,C17056,Jordan Johnson,2393,47
P2835-344,Toys,Building Block Set,"Not very satisfied, has several problems.",2,19/05/2024,C18751,Chris De Vries,06651,69
P8778-888,Electronics,Fitness Smartwatch,Good product overall with minor issues.,4,2021-12-07,C75002,R. Garcia,3514 UO,27
P2258-195,Beauty,Gentle Face Cleanser,"Very disappointed, would not recommend.",1,08 Oct 2021,C14060,T. Hernandez,4371,39
P7507-802,Toys,Plush Teddy Bear,"Great quality, very happy with this purchase.",5,17 May 2021,C73857,Sam  De  Vries,1151 NJ,53
P1432-693,Clothing,Organic Cotton T-Shirt,Good product overall with minor issues.,4,2024-11-09,C16364,MORGAN MARTINS,3991,25
P9620-665,Groceries,Dark Chocolate Bar,"Not very satisfied, has several problems.",2,30 Jun 2023,C71357,C. Hernandez,9075,35
P6183-991,Sports,Cycling Helmet,"Very disappointed, would not recommend.",1,"Mar 09, 2021",C85511,Pat Smith,06092,32
P4154-248,Clothing,Wool Winter Scarf,"Not very satisfied, has several problems.",2,2022-12-25,C44670,Sam  Dubois,8207,36
P8857-828,Home & Kitchen,Electric Kettle,"Average experience, nothing special.",3,20-07-2020,C21578,Sam  Smith,2730 LF,40
P5146-918,Electronics,Bluetooth Portable Speaker,"Very disappointed, would not recommend.",1,27-01-2022,C24777,J. Taylor,2121,28
P3726-509,Electronics,Fitness Smartwatch,"Very disappointed, would not recommend.",1,05/21/2024,C92653,Jordan Martins,5230,32
P8406-191,Office,A4 Printer Paper,"Average experience, nothing special.",3,2024-07-10,C98690,jordan garcia,,58
P3493-608,Clothing,Slim Fit Jeans,"Not very satisfied, has several problems.",2,"Mar 27, 2021",C86945,R. Lee,02621,59
P6322-957,Beauty,Hydrating Face Serum,Good product overall with minor issues.,4,"Feb 13, 2020",C13850,CASEY HERNANDEZ,6909,31
P9645-743,Electronics,Bluetooth Portable Speaker,"Average experience, nothing special.",3,02/24/2023,C72109,ROBIN SMITH,7880,43
P5179-391,Electronics,Bluetooth Portable Speaker,"Great quality, very happy with this purchase.",5,13-03-2024,C53162,Jordan Brown,8798-99,74
P8320-309,Office,Ergonomic Office Chair,"Average experience, nothing special.",3,18-09-2021,C47298,CHRIS HERNANDEZ,06128,23
P1756-154,Books,Productivity Guidebook,"Very disappointed, would not recommend.",1,2022-06-30,C23558,sam hernandez,6535 CX,46
P3846-740,Home & Kitchen,Stainless Steel Knife Block,"Not very satisfied, has several problems.",2,03 Oct 2021,C29628,M. Taylor,8919,40
P3269-524,Beauty,Hydrating Face Serum,"Average experience, nothing special.",3,02/13/2022,C71912,jamie johnson,3128-18,24
P8989-845,Home & Kitchen,Non-Stick Frying Pan Set,"Already considering a replacement, which says enough.",2,2020-09-04,C25631,Jamie Lee,5223 WU,28
P5947-994,Toys,Educational Puzzle Game,Good product overall with minor issues.,4,11 Mar 2021,C97885,Morgan De Vries,6512-33,40
P2982-747,Electronics,Fitness Smartwatch,"Not very satisfied, has several problems.",2,28/11/2021,C22426,S. Johnson,01504,30
P3431-654,Clothing,Organic Cotton T-Shirt,Good product overall with minor issues.,4,08 Jan 2022,C81999,T. Hernandez,6914 NJ,41
P1157-951,Office,A4 Printer Paper,"Great quality, very happy with this purchase.",5,2024-09-22,C42239,R. De Vries,09646,58
P1575-684,Electronics,USB-C Fast Charger,"Great quality, very happy with this purchase.",5,04/25/2021,C87839,Sam  Martins,05988,23
P7471-424,Groceries,Gluten-Free Pasta,Good product overall with minor issues.,4,29-09-2020,C57244,J. Johnson,9353,43
P3168-872,Electronics,Bluetooth Portable Speaker,"Not very satisfied, has several problems.",2,04/05/2020,C33534,Pat Hernandez,4698,37
P1165-726,Clothing,Slim Fit Jeans,"Very disappointed, would not recommend.",1,08/03/2022,C15140,pat taylor,08089,29
P1405-163,Books,Personal Finance Basics,"Average experience, nothing special.",3,17/09/2024,C63502,CASEY TAYLOR,9070 GI,42
P9147-790,Clothing,Slim Fit Jeans,"Not very satisfied, has several problems.",2,01/16/2021,C37249,jamie smith,,23
P1557-309,Beauty,Daily SPF 50 Sunscreen,Good product overall with minor issues.,4,01/23/2020,C40568,T. Johnson,9804-75,33
P5413-575,Groceries,Organic Almond Butter,"Not very satisfied, has several problems.",2,2022-06-19,C94111,Chris  Johnson,07897,25
P2570-476,Home & Kitchen,Memory Foam Pillow,Good product overall with minor issues.,4,25 Sep 2023,C39157,R. Hernandez,8128 KG,59
P3175-638,Books,Cookbook: Easy Weeknight Meals,"Great quality, very happy with this purchase.",5,13 Mar 2021,C14982,Taylor  Hernandez,8679-96,51
P7891-453,Clothing,Wool Winter Scarf,"Average experience, nothing special.",3,2024-05-15,C13912,SAM GARCIA,8141 XU,26
P9714-538,Groceries,Dark Chocolate Bar,"Not very satisfied, has several problems.",2,"Oct 18, 2020",C90692,jamie smith,6487,40
P5832-310,Groceries,Extra Virgin Olive Oil,"Great quality, very happy with this purchase.",5,17-10-2023,C89130,jordan hernandez,5735,36
P8699-159,Home & Kitchen,Non-Stick Frying Pan Set,"Great quality, very happy with this purchase.",5,01/10/2022,C21237,ALEX DUBOIS,6296-60,57
P7161-326,Pet Supplies,Cat Litter Odor Control,"Not very satisfied, has several problems.",2,19 Dec 2021,C70450,TAYLOR BROWN,4350 QO,
P1170-409,Electronics,Fitness Smartwatch,"Great quality, very happy with this purchase.",5,29-11-2022,C13002,Robin Taylor,3527 JY,42
P2496-595,Home & Kitchen,Stainless Steel Knife Block,Good product overall with minor issues.,4,2024-06-16,C90787,ALEX HERNANDEZ,2584-47,72
P7856-545,Home & Kitchen,Stainless Steel Knife Block,"Great quality, very happy with this purchase.",5,09/06/2024,C74717,Taylor  Taylor,9996-51,43
P5963-857,Electronics,Fitness Smartwatch,Good product overall with minor issues.,4,2022-06-25,C80745,Morgan Taylor,5480,26
P1946-253,Electronics,Bluetooth Portable Speaker,"Not very satisfied, has several problems.",2,"Apr 02, 2020",C94531,casey martins,3709 HJ,52
P7371-132,Toys,Remote Control Car,"Not very satisfied, has several problems.",2,30-10-2022,C94647,C. Martins,4066,21
P1960-317,Clothing,Waterproof Hiking Jacket,Good product overall with minor issues.,4,04/04/2022,C70234,PAT HERNANDEZ,2342 FF,35
P7697-827,Home & Kitchen,Stainless Steel Knife Block,"Great quality, very happy with this purchase.",5,27 Dec 2023,C89816,JORDAN TAYLOR,7693-88,33
P4550-481,Books,Thriller Novel,"Not very satisfied, has several problems.",2,"Sep 26, 2024",C96705,PAT SMITH,04660,25
P2735-996,Toys,Building Block Set,"Very disappointed, would not recommend.",1,20/05/2020,C56375,Robin Johnson,2517-81,27
P1592-998,Books,Cookbook: Easy Weeknight Meals,"Average experience, nothing special.",3,2021-11-19,C98059,Casey Taylor,07746,38
P4342-824,Books,Thriller Novel,"Not very satisfied, has several problems.",2,"Mar 18, 2024",C57925,Alex Dubois,02661,43
P1689-676,Electronics,4K Ultra HD Smart TV,"Average experience, nothing special.",3,25 Mar 2020,C58905,Sam  De  Vries,9892 JV,58
P3531-833,Books,Personal Finance Basics,Good product overall with minor issues.,4,"Jun 06, 2021",C47252,Jamie  Johnson,2536-93,44
P1537-765,Toys,Educational Puzzle Game,"Not very satisfied, has several problems.",2,01-05-2020,C58575,jamie martins,2528,38
P4631-300,Electronics,4K Ultra HD Smart TV,"Very disappointed, would not recommend.",1,01/07/2021,C76580,R. Hernandez,3222,52
P2727-966,Beauty,Gentle Face Cleanser,"Very disappointed, would not recommend.",1,"Dec 10, 2024",C93003,J. Hernandez,9971,25
P3006-514,Clothing,Wool Winter Scarf,"Average experience, nothing special.",3,2024-05-08,C82980,alex lee,7669-79,60
P5319-387,Clothing,Waterproof Hiking Jacket,,5,11/27/2024,C72491,SAM SMITH,04502,32
P3157-808,Clothing,Running Sneakers,Good product overall with minor issues.,4,06/21/2021,C87872,M. Taylor,9951-54,26
P5757-735,Books,Productivity Guidebook,"Average experience, nothing special.",3,19 Jul 2022,C66502,Sam Garcia,9743 MY,27
P3277-637,Office,A4 Printer Paper,Good product overall with minor issues.,4,09-09-2020,C98119,pat de vries,1234,57
P7537-545,Clothing,Wool Winter Scarf,"Very disappointed, would not recommend.",1,21/04/2024,C78431,Sam Lee,7553-86,74
P1734-261,Sports,Cycling Helmet,"Very disappointed, would not recommend.",1,15-01-2022,C37037,jamie brown,5481,
P6061-714,Toys,Family Board Game,Good product overall with minor issues.,4,2024-12-04,C24155,chris smith,3460,32
P6396-727,Pet Supplies,Grain-Free Dog Food,"Great quality, very happy with this purchase.",5,04/15/2021,C41745,S. Brown,3024,29
P2230-387,Electronics,Bluetooth Portable Speaker,"Very disappointed, would not recommend.",1,"Jul 11, 2024",C73632,morgan taylor,04224,60
P7997-643,Electronics,Wireless Noise-Cancelling Headphones,"Not very satisfied, has several problems.",2,2021-04-12,C91619,CASEY DE VRIES,02786,79
P8130-930,Clothing,Wool Winter Scarf,"Not very satisfied, has several problems.",2,10/23/2023,C72058,R. Lee,6682-63,34
P6153-418,Toys,Educational Puzzle Game,"Average experience, nothing special.",3,11/03/2024,C67653,JORDAN BROWN,4216,37
P1413-439,Sports,Foam Roller,"Very disappointed, would not recommend.",1,05/26/2021,C40199,MORGAN DE VRIES,8728,75
P5902-428,Books,Personal Finance Basics,"Great quality, very happy with this purchase.",5,2022-07-03,C26958,alex dubois,02183,23
P3103-197,Beauty,Nourishing Hair Mask,"Very disappointed, would not recommend.",1,09/11/2022,C20774,jordan lee,2995,33
P6109-377,Home & Kitchen,Electric Kettle,"Not very satisfied, has several problems.",2,2021-03-13,C90259,Robin Johnson,6937,20
P1748-864,Electronics,Wireless Noise-Cancelling Headphones,"Not very satisfied, has several problems.",2,09 Jun 2024,C48599,Jordan  Hernandez,06968,36
P9384-513,Electronics,USB-C Fast Charger,"Very disappointed, would not recommend.",1,26/12/2023,C28322,T. Lee,2127 ZM,19
P9045-395,Home & Kitchen,Memory Foam Pillow,"Great quality, very happy with this purchase.",5,2024-11-11,C37611,TAYLOR JOHNSON,4050,53
P9607-323,Electronics,Bluetooth Portable Speaker,Good product overall with minor issues.,4,11-02-2023,C71813,,1294,36
P3533-223,Electronics,Fitness Smartwatch,"Not very satisfied, has several problems.",2,31 May 2024,C26653,Jamie Hernandez,4482-74,42
P4374-302,Beauty,Matte Liquid Lipstick,"Very disappointed, would not recommend.",1,05 Sep 2021,C94390,Casey  Martins,1601-61,57
P4368-448,Home & Kitchen,Stainless Steel Knife Block,"Great quality, very happy with this purchase.",5,19 Jul 2024,C83717,Jamie Johnson,6067-65,29
P8763-875,Books,Productivity Guidebook,"Very disappointed, would not recommend.",1,"Sep 20, 2021",C39559,P. Lee,9667,55
P5227-270,Beauty,Gentle Face Cleanser,"Very disappointed, would not recommend.",1,29/06/2023,C35864,J. Taylor,7719,55
P4434-469,Clothing,Wool Winter Scarf,"Great quality, very happy with this purchase.",5,2022-05-20,C50448,jamie dubois,02195,42
P4145-305,Clothing,Slim Fit Jeans,"Great quality, very happy with this purchase.",5,2023-05-27,C74226,pat johnson,1451,
P5114-611,Sports,Running Shorts,"Great quality, very happy with this purchase.",5,2020-11-16,C86680,CASEY SMITH,9594-22,21
P2467-450,Home & Kitchen,Air Purifier,Good product overall with minor issues.,4,"Apr 04, 2021",C13507,P. Dubois,7240 HM,26
P4665-790,Electronics,Bluetooth Portable Speaker,"Not very satisfied, has several problems.",2,04/27/2020,C60718,Casey  Hernandez,3592-56,60
P9010-578,Books,Thriller Novel,"Very disappointed, would not recommend.",1,2020-08-30,C50403,Casey Johnson,,30
P9782-988,Home & Kitchen,Air Purifier,"Great quality, very happy with this purchase.",5,2022-05-10,C99567,jordan de vries,3304,68
P5806-949,Office,Desk Organizer,"Not very satisfied, has several problems.",2,28/11/2023,C63834,Jordan Lee,1836,40
P6485-630,Books,Cookbook: Easy Weeknight Meals,Good product overall with minor issues.,4,05 Sep 2023,C91136,J. Hernandez,08251,32
P1385-893,Beauty,Daily SPF 50 Sunscreen,"Average experience, nothing special.",3,09-05-2021,C88710,A. De Vries,09588,32
P1533-891,Home & Kitchen,Air Purifier,Good product overall with minor issues.,4,2022-12-11,C79742,T. Taylor,7092-84,44
P1478-586,Beauty,Daily SPF 50 Sunscreen,"Not very satisfied, has several problems.",2,28/07/2022,C27014,,02553,44
P6148-205,Beauty,Hydrating Face Serum,"Very disappointed, would not recommend.",1,30 Jun 2024,C63426,chris de vries,9732 SN,34
P8075-863,Toys,Plush Teddy Bear,"Very disappointed, would not recommend.",1,22/05/2021,C27890,Robin Taylor,8774 KT,26
P9015-546,Electronics,4K Ultra HD Smart TV,"Very disappointed, would not recommend.",1,"Sep 16, 2022",C79578,Morgan  De  Vries,7240 WT,52
P4312-630,Clothing,Running Sneakers,"Not very satisfied, has several problems.",2,2021-04-28,C44548,Jordan Taylor,8326-57,40
P7715-132,Beauty,Matte Liquid Lipstick,"Not very satisfied, has several problems.",2,06-04-2024,C16598,Chris  Taylor,4538,80
P2961-263,Beauty,Gentle Face Cleanser,"Great quality, very happy with this purchase.",5,08/01/2021,C62314,Jamie  Taylor,3086,36
P5070-610,Sports,Adjustable Dumbbell Set,Good product overall with minor issues.,4,22-10-2022,C39157,R. Hernandez,8128 KG,59
P6953-221,Toys,Plush Teddy Bear,"Very disappointed, would not recommend.",1,03-08-2024,C75006,Alex  Dubois,09812,41
P8576-318,Toys,Remote Control Car,Good product overall with minor issues.,4,11/08/2024,C98918,Alex Lee,3118 QB,51
P5025-857,Toys,Remote Control Car,"Very disappointed, would not recommend.",1,26-05-2022,C52679,Casey De Vries,5277-15,43
P8555-741,Office,Ergonomic Office Chair,"Average experience, nothing special.",3,2022-06-11,C54863,S. Martins,1886,31
P4208-324,Books,Personal Finance Basics,"Very disappointed, would not recommend.",1,14/05/2023,C56952,pat garcia,1052-13,43
P3676-126,Beauty,Matte Liquid Lipstick,"Very disappointed, would not recommend.",1,25 Oct 2020,C38180,Jamie De Vries,6347,31
P3069-927,Groceries,Dark Chocolate Bar,"Very disappointed, would not recommend.",1,"Sep 08, 2021",C14264,Casey Taylor,1916-54,34
P9608-866,Books,Thriller Novel,"Not very satisfied, has several problems.",2,08 Jul 2021,C99117,Chris  Taylor,2719 CR,29
P6816-988,Groceries,Dark Chocolate Bar,"Very disappointed, would not recommend.",1,10/30/2022,C57492,C. Dubois,9648-94,55
P6379-965,Clothing,Wool Winter Scarf,"Average experience, nothing special.",3,20 Jun 2021,C60814,JAMIE GARCIA,05819,28
P5759-142,Home & Kitchen,Electric Kettle,"Not very satisfied, has several problems.",2,2021-11-11,C64129,casey garcia,06772,51
P8317-549,Sports,Adjustable Dumbbell Set,"Average experience, nothing special.",3,06-09-2021,C69247,robin dubois,3947 WD,41
P1631-117,Books,Sci-Fi Adventure,Good product overall with minor issues.,4,07 May 2020,C53376,Chris Hernandez,9968-82,58
P6585-907,Electronics,Fitness Smartwatch,Good product overall with minor issues.,4,11-09-2023,C80070,ROBIN DE VRIES,5559-55,56
P1341-484,Clothing,Waterproof Hiking Jacket,"Average experience, nothing special.",3,10/09/2020,C30059,R. Brown,7509 ZC,72
P1915-447,Beauty,Hydrating Face Serum,"Average experience, nothing special.",3,01/16/2022,C47983,C. Garcia,6508-56,66
P7793-524,Home & Kitchen,Electric Kettle,"Great quality, very happy with this purchase.",5,"Apr 20, 2020",C90315,chris smith,2501,26
P2531-740,Books,Thriller Novel,"Great quality, very happy with this purchase.",5,"Jul 24, 2022",C61245,Morgan Martins,4974-95,46
P2441-134,Beauty,Hydrating Face Serum,"Average experience, nothing special.",3,"Jan 31, 2022",C20260,jamie johnson,4352,34
P8101-348,Home & Kitchen,Air Purifier,Good product overall with minor issues.,4,2023-04-18,C10319,Taylor  De  Vries,08332,63
P8418-542,Clothing,Running Sneakers,Good product overall with minor issues.,4,23 May 2021,C27709,alex de vries,09396,30
P1491-363,Clothing,Waterproof Hiking Jacket,Good product overall with minor issues.,4,"Aug 20, 2023",C99682,Sam  Dubois,8112 OT,55
P3765-418,Home & Kitchen,Air Purifier,Good product overall with minor issues.,4,14-12-2022,C50102,Jordan Martins,4559-82,55
P5573-110,Electronics,Fitness Smartwatch,"Not very satisfied, has several problems.",2,07-07-2023,C86459,Alex De Vries,7144 SM,41
P4981-780,Books,Thriller Novel,"Not very satisfied, has several problems.",2,29-06-2021,C28005,sam smith,4404,53
P6353-607,Pet Supplies,Pet Grooming Brush,"Great quality, very happy with this purchase.",5,2021-05-15,C53214,chris hernandez,06333,37
P1034-155,Clothing,Wool Winter Scarf,"Average experience, nothing special.",3,2021-11-21,C27270,P. Dubois,05278,69
P6818-297,Electronics,USB-C Fast Charger,"Average experience, nothing special.",3,06/25/2024,C18054,JORDAN BROWN,9357 IO,56
P6575-518,Clothing,Organic Cotton T-Shirt,"Average experience, nothing special.",3,2023-07-08,C51497,MORGAN GARCIA,02435,66
P4050-974,Clothing,Slim Fit Jeans,Good product overall with minor issues.,4,"Oct 07, 2023",C16241,jordan brown,9977,41
P9662-373,Electronics,Wireless Noise-Cancelling Headphones,"Average experience, nothing special.",3,29 Jul 2022,C48728,casey martins,1342 EP,30
P4174-145,Home & Kitchen,Air Purifier,"Average experience, nothing special.",3,2024-11-11,C72801,chris johnson,8014,29
P8535-212,Home & Kitchen,Memory Foam Pillow,"Average experience, nothing special.",3,04/07/2022,C30315,alex lee,3068 HZ,38
P6829-447,Electronics,USB-C Fast Charger,"Great quality, very happy with this purchase.",5,15-02-2020,C42839,robin garcia,3454 EB,57
P8153-663,Electronics,Bluetooth Portable Speaker,Good product overall with minor issues.,4,26-03-2020,C51839,R. Johnson,3913,37
P4762-878,Toys,Educational Puzzle Game,"Not very satisfied, has several problems.",2,04 Feb 2020,C45735,M. Lee,6237-63,26
P5446-280,Home & Kitchen,Memory Foam Pillow,Good product overall with minor issues.,4,10/31/2023,C79248,C. Garcia,1402,27
P2614-151,Electronics,Bluetooth Portable Speaker,"Great quality, very happy with this purchase.",5,29/03/2021,C57844,Taylor Taylor,4327-10,36
P2958-515,Books,Cookbook: Easy Weeknight Meals,"Average experience, nothing special.",3,22-04-2021,C14326,S. Johnson,1175-44,28
P4476-742,Beauty,Matte Liquid Lipstick,"Great quality, very happy with this purchase.",5,05-03-2024,C86440,sam garcia,1897 TF,26
P6809-718,Clothing,Organic Cotton T-Shirt,"Very disappointed, would not recommend.",1,07 Oct 2022,C83767,T. Smith,2133-97,36
P8997-702,Home & Kitchen,Non-Stick Frying Pan Set,"Not very satisfied, has several problems.",2,26-12-2024,C75479,A. De Vries,05222,36
P4319-961,Electronics,Bluetooth Portable Speaker,"Average experience, nothing special.",3,2022-08-14,C60095,Chris  Smith,7421,42
P7728-126,Electronics,4K Ultra HD Smart TV,"Not very satisfied, has several problems.",2,27 Aug 2024,C18500,Jamie  De  Vries,01327,
P1057-934,Books,Sci-Fi Adventure,"Great quality, very happy with this purchase.",5,17 May 2020,C16421,Taylor  Brown,07655,36
P1815-186,Clothing,Running Sneakers,"Average experience, nothing special.",3,"Oct 06, 2023",C60554,Morgan Brown,2647,44
P6931-499,Home & Kitchen,Air Purifier,"Great quality, very happy with this purchase.",5,2023-11-05,C31920,sam smith,2968-57,43
P1735-149,Books,Cookbook: Easy Weeknight Meals,Good product overall with minor issues.,4,2021-12-31,C44823,M. Martins,4098 DR,28
P7124-984,Clothing,Slim Fit Jeans,"Great quality, very happy with this purchase.",5,29 Jun 2023,C53659,morgan lee,4853 TS,28
P7976-755,Beauty,Daily SPF 50 Sunscreen,"Great quality, very happy with this purchase.",5,09/09/2020,C74343,JAMIE HERNANDEZ,7885-83,36
P6258-756,Books,Productivity Guidebook,Good product overall with minor issues.,4,22/12/2022,C72579,chris taylor,6431,46
P4052-671,Clothing,Organic Cotton T-Shirt,"Not very satisfied, has several problems.",2,"Apr 05, 2022",C87232,T. Lee,3002 SF,19
P5536-802,Pet Supplies,Cat Scratching Post,Good product overall with minor issues.,4,03 Feb 2022,C51453,C. Dubois,09109,47
P6730-353,Beauty,Matte Liquid Lipstick,"It’s fine for now, but I’m not sure how long it will last.",3,2023-11-25,C80098,Taylor Dubois,6757,24
P9447-135,Electronics,Bluetooth Portable Speaker,"Not very satisfied, has several problems.",2,"Feb 18, 2022",C58910,Robin Garcia,4054-42,43
P6167-432,Toys,Family Board Game,"Very disappointed, would not recommend.",1,"Mar 29, 2022",C39862,casey lee,2739,45
P3461-217,Electronics,Bluetooth Portable Speaker,"Very disappointed, would not recommend.",1,"Aug 06, 2020",C76182,Morgan  Hernandez,2861,43
P2650-191,Clothing,Organic Cotton T-Shirt,"Average experience, nothing special.",3,07-01-2024,C97208,alex hernandez,9230-25,43
P7297-291,Clothing,Slim Fit Jeans,"Average experience, nothing special.",3,08/31/2024,C47202,PAT BROWN,3914-39,33
P2365-868,Home & Kitchen,Electric Kettle,Good product overall with minor issues.,4,19 May 2021,C46201,Pat Martins,6579-43,26
P1843-552,Clothing,Organic Cotton T-Shirt,"Great quality, very happy with this purchase.",5,05/03/2024,C27157,Chris Hernandez,1886-48,30
P3710-398,Electronics,4K Ultra HD Smart TV,"Very disappointed, would not recommend.",1,09/25/2022,C60196,Morgan Smith,6528 VC,35
P9485-448,Toys,Educational Puzzle Game,"Great quality, very happy with this purchase.",5,2024-06-26,C66504,CHRIS DE VRIES,02620,50
P2902-758,Electronics,Fitness Smartwatch,"Very disappointed, would not recommend.",1,08/25/2023,C86401,Casey  Lee,5754,27
P2982-391,Books,Sci-Fi Adventure,"Not very satisfied, has several problems.",2,04/24/2022,C25821,SAM SMITH,5947-29,41
P6963-739,Clothing,Running Sneakers,"Average experience, nothing special.",3,2023-01-18,C29251,Robin Brown,3041,35
P6134-295,Beauty,Hydrating Face Serum,"Not very satisfied, has several problems.",2,2024-01-13,C13334,JAMIE JOHNSON,9476 EG,37
P3054-251,Books,Productivity Guidebook,"Average experience, nothing special.",3,19/03/2022,C72470,Jamie Taylor,3590,32
P8343-585,Clothing,Organic Cotton T-Shirt,Good product overall with minor issues.,4,03/01/2020,C91143,T. Hernandez,09085,74
P8975-983,Groceries,Extra Virgin Olive Oil,"Not very satisfied, has several problems.",2,2020-06-02,C54307,Sam Lee,1848,23
P9078-248,Toys,Family Board Game,"Average experience, nothing special.",3,22-06-2024,C28031,CHRIS LEE,6674 CN,51
P6227-816,Beauty,Matte Liquid Lipstick,"Not very satisfied, has several problems.",2,"Mar 25, 2021",C82264,Sam  De  Vries,07247,66
P5492-284,Office,Ergonomic Office Chair,"Not very satisfied, has several problems.",2,22-12-2021,C40275,J. De Vries,07016,27
P8660-837,Home & Kitchen,Stainless Steel Knife Block,"Very disappointed, would not recommend.",1,2021-12-09,C95910,Alex  Dubois,01100,34
P7191-616,Toys,Plush Teddy Bear,Good product overall with minor issues.,4,13-12-2023,C39878,Sam Lee,8259-51,38
P5578-857,Books,Cookbook: Easy Weeknight Meals,"Average experience, nothing special.",3,23 Jul 2021,C58599,casey garcia,4213-34,55
P1424-710,Home & Kitchen,Non-Stick Frying Pan Set,Good product overall with minor issues.,4,10/16/2022,C98149,taylor martins,06824,35
P5273-237,Electronics,4K Ultra HD Smart TV,Good product overall with minor issues.,4,08 Nov 2024,C75841,Robin Smith,4255-96,42
P4769-461,Toys,Family Board Game,"Average experience, nothing special.",3,13-10-2023,C51963,SAM JOHNSON,3641 KS,40
P1264-647,Home & Kitchen,Non-Stick Frying Pan Set,"Great quality, very happy with this purchase.",5,04/04/2022,C17056,P. Garcia,05250,32
P2518-793,Home & Kitchen,Stainless Steel Knife Block,"Very disappointed, would not recommend.",1,01/04/2020,C95729,sam johnson,08083,80
P2026-534,Clothing,Running Sneakers,Impressed by the small details. You can tell thought went into this.,5,31-01-2023,C94086,T. Brown,05612,25
P4357-414,Clothing,Slim Fit Jeans,"Average experience, nothing special.",3,,C39301,Morgan  Johnson,7409 AU,33
P2810-304,Electronics,Bluetooth Portable Speaker,"Very disappointed, would not recommend.",1,04/25/2021,C69665,CASEY LEE,8739-28,49
P9013-486,Clothing,Organic Cotton T-Shirt,"Very disappointed, would not recommend.",1,"Dec 26, 2023",C88631,Morgan  Hernandez,8437 PX,36
P2376-645,Home & Kitchen,Air Purifier,"Great quality, very happy with this purchase.",5,"Apr 02, 2021",C93343,sam smith,8807,28
P4659-387,Toys,Plush Teddy Bear,"Very disappointed, would not recommend.",1,"Jan 07, 2023",C14013,R. Hernandez,06106,28
P6329-344,Books,Sci-Fi Adventure,Good product overall with minor issues.,4,15/01/2024,C73871,Jordan  Taylor,2451-87,72
P5123-131,Beauty,Daily SPF 50 Sunscreen,Good product overall with minor issues.,4,"Apr 11, 2021",C65112,ROBIN SMITH,01893,63
P6705-836,Groceries,Gluten-Free Pasta,"Average experience, nothing special.",3,27/03/2024,C44993,Jordan  Smith,09456,59
P3218-918,Pet Supplies,Cat Scratching Post,"Very disappointed, would not recommend.",1,2024-04-10,C69707,Sam Smith,1354-89,27
P1255-386,Beauty,Gentle Face Cleanser,"Very disappointed, would not recommend.",1,2024-12-23,C50714,Morgan  Martins,02340,33
P9988-524,Clothing,Waterproof Hiking Jacket,Good product overall with minor issues.,4,2020-06-17,C25397,Morgan  Dubois,1225,39
P6045-960,Clothing,Slim Fit Jeans,Good product overall with minor issues.,4,12-09-2023,C84225,C. Dubois,05200,18
P8246-739,Office,A4 Printer Paper,"Great quality, very happy with this purchase.",5,03 Dec 2024,C87317,casey brown,3635 AJ,18
P3226-353,Office,Wireless Mouse,"Very good overall, though there are a few small details that could be improved.",4,07/25/2024,C59670,Chris  Johnson,3043,27
P3532-462,Clothing,Slim Fit Jeans,Good product overall with minor issues.,4,08 Jul 2024,C13713,chris taylor,6164,49
P3252-128,Books,Productivity Guidebook,Good product overall with minor issues.,4,24-01-2020,C51839,R. Johnson,3913,37
P5338-267,Electronics,Bluetooth Portable Speaker,Good product overall with minor issues.,4,24-05-2024,C42026,Chris  Taylor,3229 ND,38
P7768-911,Home & Kitchen,Memory Foam Pillow,"Very disappointed, would not recommend.",1,12/29/2022,C53181,Chris  Taylor,06189,41
P1514-287,Books,Cookbook: Easy Weeknight Meals,"Not very satisfied, has several problems.",2,30/09/2020,C58554,Casey Taylor,9375,35
P9144-833,Clothing,Organic Cotton T-Shirt,"Great quality, very happy with this purchase.",5,"Jun 29, 2020",C92634,robin taylor,5828-55,40
P5018-134,Home & Kitchen,Air Purifier,"Average experience, nothing special.",3,05/24/2022,C16397,pat smith,9717-27,42
P4733-904,Home & Kitchen,Electric Kettle,"Great quality, very happy with this purchase.",5,21 Dec 2021,C95619,Pat  Smith,3289,20
P1713-194,Electronics,USB-C Fast Charger,Good product overall with minor issues.,4,"May 03, 2020",C90543,Taylor Brown,5143 OS,29
P1930-322,Electronics,USB-C Fast Charger,"Not very satisfied, has several problems.",2,2022-01-31,C40295,casey lee,9331-43,65
P5335-683,Toys,Plush Teddy Bear,Good product overall with minor issues.,4,01/26/2024,C50146,C. Garcia,6800-74,19
P8199-846,Sports,Adjustable Dumbbell Set,"Very disappointed, would not recommend.",1,19/12/2022,C46408,M. Brown,1691-72,46
P8795-496,Clothing,Slim Fit Jeans,"Very disappointed, would not recommend.",1,03-08-2022,C45471,Alex Lee,05557,36
P1107-239,Office,Mechanical Keyboard,"Not very satisfied, has several problems.",2,25 Dec 2022,C14962,R. Lee,06546,41
P3991-311,Clothing,Waterproof Hiking Jacket,"Great quality, very happy with this purchase.",5,03/06/2021,C38445,TAYLOR DUBOIS,03182,31
P3260-488,Electronics,Wireless Noise-Cancelling Headphones,"Very disappointed, would not recommend.",1,29-09-2022,C18875,Jordan Taylor,5118-99,43
P6840-587,Clothing,Waterproof Hiking Jacket,"Not very satisfied, has several problems.",2,2020-08-16,C10563,Morgan  Hernandez,02073,43
P2727-233,Toys,Educational Puzzle Game,"Great quality, very happy with this purchase.",5,02/09/2022,C46065,Jamie  Lee,1846-30,59
P9914-833,Clothing,Running Sneakers,"Very disappointed, would not recommend.",1,"Jan 01, 2020",C51060,Alex  Brown,05603,70
P5575-455,Sports,Foam Roller,"Not very satisfied, has several problems.",2,"May 17, 2021",C52382,C. Martins,3152,35
P6910-556,Home & Kitchen,Electric Kettle,"Great quality, very happy with this purchase.",5,01/03/2020,C11803,Morgan  De  Vries,8109-87,27
P1771-554,Home & Kitchen,Non-Stick Frying Pan Set,"Great quality, very happy with this purchase.",5,"Jul 04, 2023",C95147,C. De Vries,8939 VR,25
P3883-354,Toys,Plush Teddy Bear,Works flawlessly and feels well built. Exactly what I needed.,5,"Apr 24, 2022",C61556,SAM DUBOIS,8032-23,28
P6307-147,Beauty,Daily SPF 50 Sunscreen,"Average experience, nothing special.",3,01/04/2022,C93303,Sam Garcia,9422,42
P7975-902,Groceries,Organic Almond Butter,Good product overall with minor issues.,4,07/08/2022,C67883,M. De Vries,07872,56
P8499-756,Clothing,Running Sneakers,"Not very satisfied, has several problems.",2,05/28/2022,C76060,robin hernandez,08373,19
P5357-464,Toys,Plush Teddy Bear,"Great quality, very happy with this purchase.",5,04/12/2022,C43905,Taylor  Dubois,5430 JB,43
P8079-813,Toys,Educational Puzzle Game,"Great quality, very happy with this purchase.",5,2020-10-12,C38911,Sam Dubois,6608-25,37
P8501-775,Electronics,Bluetooth Portable Speaker,,5,"Nov 01, 2024",C86936,jamie garcia,5996,57
P9809-317,Home & Kitchen,Electric Kettle,Good product overall with minor issues.,4,"Aug 31, 2023",C72709,Jamie  Johnson,5562,29
P6543-769,Toys,Plush Teddy Bear,"Not very satisfied, has several problems.",2,"Sep 13, 2020",C66843,M. Lee,8271-66,18
P4925-353,Home & Kitchen,Stainless Steel Knife Block,Good product overall with minor issues.,4,2020-03-05,C87496,Jamie Dubois,5648,27
P4054-995,Beauty,Nourishing Hair Mask,"Very disappointed, would not recommend.",1,02-01-2022,C49459,alex garcia,7138-65,41
P4831-742,Clothing,Waterproof Hiking Jacket,"Very disappointed, would not recommend.",1,2021-05-28,C89214,Morgan  De  Vries,7852,43
P3608-225,Books,Sci-Fi Adventure,"Average experience, nothing special.",3,2023-02-27,C94531,casey martins,3709 HJ,52
P5236-899,Sports,Foam Roller,"Average experience, nothing special.",3,09-05-2022,C73304,Jamie Garcia,5356,73
P7584-802,Electronics,Wireless Noise-Cancelling Headphones,"Average experience, nothing special.",3,28-01-2022,C74428,Robin Martins,08763,33
P3288-700,Sports,Cycling Helmet,Good product overall with minor issues.,4,09/28/2021,C34254,jamie dubois,05710,40
P3322-270,Home & Kitchen,Stainless Steel Knife Block,"Very disappointed, would not recommend.",1,2022-06-01,C82615,Chris  Smith,03788,32
P7797-981,Clothing,Waterproof Hiking Jacket,Good product overall with minor issues.,4,"Feb 18, 2021",C15896,robin smith,3957 QK,27
P4916-347,Electronics,Fitness Smartwatch,"Very disappointed, would not recommend.",1,2020-06-10,C76625,Jordan  Smith,05122,41
P5529-297,Electronics,Wireless Noise-Cancelling Headphones,Good product overall with minor issues.,4,31-05-2023,C55408,robin de vries,2193-83,19
P8078-997,Office,A4 Printer Paper,"Not very satisfied, has several problems.",2,07/09/2023,C81120,C. Garcia,9801 IC,42
P2816-893,Books,Sci-Fi Adventure,Good product overall with minor issues.,4,09/21/2020,C89004,Jordan  Dubois,03754,42
P8112-592,Books,Thriller Novel,"Great quality, very happy with this purchase.",5,"Jan 28, 2024",C16371,JAMIE SMITH,9101-87,55
P3602-203,Pet Supplies,Cat Litter Odor Control,"Not very satisfied, has several problems.",2,09/11/2020,C84990,Alex Lee,7270,33
P4475-794,Home & Kitchen,Memory Foam Pillow,,3,"Mar 15, 2020",C34721,SAM MARTINS,04941,33
P2073-788,Sports,Cycling Helmet,"Average experience, nothing special.",3,2020-11-22,C44544,pat garcia,4845 LC,65
P4479-855,Electronics,Fitness Smartwatch,"Not very satisfied, has several problems.",2,"Jan 12, 2021",C31996,CHRIS DUBOIS,1545-52,32
P4313-188,Home & Kitchen,Stainless Steel Knife Block,"Very disappointed, would not recommend.",1,2023-06-23,C22608,morgan brown,06382,29
P7518-166,Home & Kitchen,Electric Kettle,Good product overall with minor issues.,4,17-09-2020,C39522,chris garcia,2748 DF,74
P5362-283,Books,Thriller Novel,Good product overall with minor issues.,4,2023-12-20,C19040,Chris Smith,2609,32
P6415-616,Books,Sci-Fi Adventure,"Not very satisfied, has several problems.",2,12-08-2021,C38209,Casey Johnson,1711,80
P2434-394,Home & Kitchen,Electric Kettle,"Not very satisfied, has several problems.",2,21 Jun 2020,C56642,P. De Vries,6250-80,47
P2455-146,Sports,Cycling Helmet,"Very disappointed, would not recommend.",1,01/08/2024,C34849,Pat Lee,7427 IG,23
P1923-574,Beauty,Hydrating Face Serum,"Not very satisfied, has several problems.",2,04-12-2020,C75565,TAYLOR GARCIA,9333,59
P4572-140,Electronics,Bluetooth Portable Speaker,"Very disappointed, would not recommend.",1,"Mar 30, 2020",C95175,J. Lee,4909,38
P8306-438,Clothing,Running Sneakers,"Average experience, nothing special.",3,04/04/2022,C25806,Robin  Brown,6063-93,34
P9656-391,Home & Kitchen,Electric Kettle,"Very disappointed, would not recommend.",1,11/15/2021,C36305,Chris  Johnson,9111,63
P6881-820,Clothing,Running Sneakers,"Great quality, very happy with this purchase.",5,"Jan 09, 2022",C63980,A. Smith,04746,35
P3617-288,Electronics,Wireless Noise-Cancelling Headphones,"Not very satisfied, has several problems.",2,2021-10-29,C54369,Chris Dubois,7033-35,29
P1940-289,Clothing,Slim Fit Jeans,"Great quality, very happy with this purchase.",5,29-09-2024,C18301,JORDAN GARCIA,9598-83,52
P6926-753,Books,Thriller Novel,"Not very satisfied, has several problems.",2,29 Sep 2021,C30031,S. Hernandez,1539,70
P6380-302,Beauty,Gentle Face Cleanser,"Great quality, very happy with this purchase.",5,"Apr 21, 2020",C37842,Jordan  Dubois,1393,77
P8068-800,Beauty,Matte Liquid Lipstick,"Very disappointed, would not recommend.",1,"Oct 24, 2023",C37572,Morgan  Martins,6832-12,35
P3397-315,Electronics,USB-C Fast Charger,"Not very satisfied, has several problems.",2,01-11-2021,C30819,R. Taylor,05983,22
P4152-899,Home & Kitchen,Memory Foam Pillow,"Not very satisfied, has several problems.",2,02 Jun 2021,C66416,PAT MARTINS,6790,80
P9993-495,Clothing,Wool Winter Scarf,"Great quality, very happy with this purchase.",5,"Nov 25, 2023",C90750,Sam Lee,5174-41,56
P5474-148,Home & Kitchen,Stainless Steel Knife Block,"Great quality, very happy with this purchase.",5,11/01/2023,C40845,jamie de vries,1453,31
P9090-716,Pet Supplies,Cat Litter Odor Control,"Not very satisfied, has several problems.",2,"Jul 17, 2023",C10309,JAMIE BROWN,,41
P2199-299,Home & Kitchen,Memory Foam Pillow,"Not very satisfied, has several problems.",2,24-07-2024,C99880,taylor johnson,01079,30
P3997-737,Electronics,Wireless Noise-Cancelling Headphones,"Average experience, nothing special.",3,2023-05-22,C42097,Jamie  Dubois,6246 SW,45
P7163-989,Electronics,USB-C Fast Charger,"Average experience, nothing special.",3,22/09/2024,C32828,Jordan  Lee,5213-75,76
P8621-741,Books,Productivity Guidebook,"Very disappointed, would not recommend.",1,05 Jan 2024,C11414,SAM DUBOIS,4053-42,
P5637-742,Pet Supplies,Cat Scratching Post,"Great quality, very happy with this purchase.",5,2023-08-06,C36856,sam johnson,1206,24
P4062-828,Sports,Cycling Helmet,Good product overall with minor issues.,4,26/02/2022,C95923,ALEX BROWN,2830,36
P2663-867,Clothing,Organic Cotton T-Shirt,"Very disappointed, would not recommend.",1,01-04-2022,C24803,P. Dubois,9798 ET,35
P3795-275,Clothing,Organic Cotton T-Shirt,"Very disappointed, would not recommend.",1,"Jun 13, 2023",C73350,C. Taylor,1379 VA,31
P1043-640,Clothing,Waterproof Hiking Jacket,"Average experience, nothing special.",3,10/24/2022,C48169,Pat  Dubois,,39
P7434-379,Electronics,USB-C Fast Charger,"Average experience, nothing special.",3,2024-08-28,C76838,taylor garcia,1127,75
P1422-220,Books,Sci-Fi Adventure,"Great quality, very happy with this purchase.",5,28/04/2021,C30578,A. Garcia,06822,41
P9751-131,Electronics,USB-C Fast Charger,"Very disappointed, would not recommend.",1,"Dec 19, 2024",C57694,alex brown,7573 CV,33
P6761-931,Clothing,Wool Winter Scarf,Good product overall with minor issues.,4,06-03-2023,C82895,P. Taylor,2467,69
P5037-655,Books,Productivity Guidebook,"Great quality, very happy with this purchase.",5,"Sep 03, 2020",C56073,taylor lee,1557,44
P8614-549,Clothing,Running Sneakers,Good product overall with minor issues.,4,"May 25, 2020",C26940,jordan hernandez,1474,29
P1657-232,Groceries,Extra Virgin Olive Oil,"Not very satisfied, has several problems.",2,24/09/2023,C42975,chris taylor,9270-66,29
P9718-374,Books,Thriller Novel,"Great quality, very happy with this purchase.",5,"Mar 01, 2023",C40896,Chris  De  Vries,8513-89,51
P1491-935,Electronics,Bluetooth Portable Speaker,"Great quality, very happy with this purchase.",5,"May 12, 2021",C97291,P. Taylor,9659 MJ,33
P3144-827,Clothing,Waterproof Hiking Jacket,"Not very satisfied, has several problems.",2,2023-05-19,C82464,,3548 KH,24
P5027-376,Clothing,Slim Fit Jeans,"Very disappointed, would not recommend.",1,08/26/2020,C27457,jamie garcia,4215 WK,38
P8526-132,Home & Kitchen,Stainless Steel Knife Block,"Average experience, nothing special.",3,07/19/2021,C25360,jordan taylor,5759-20,39
P2327-746,Beauty,Matte Liquid Lipstick,"Great quality, very happy with this purchase.",5,24 Dec 2022,C91980,jordan martins,2796-19,28
P5723-282,Groceries,Extra Virgin Olive Oil,"Great quality, very happy with this purchase.",5,"May 06, 2023",C32744,J. Dubois,6295,80
P2001-575,Home & Kitchen,Non-Stick Frying Pan Set,"Average experience, nothing special.",3,2024-07-15,C95316,jamie de vries,5554 SF,68
P1421-841,Sports,Yoga Mat,"Great quality, very happy with this purchase.",5,06/07/2020,C49303,Taylor  Dubois,7290-49,26
P7377-216,Clothing,Wool Winter Scarf,"Very disappointed, would not recommend.",1,"Feb 12, 2022",C41764,R. Lee,3409-18,40
P8172-185,Toys,Remote Control Car,"Average experience, nothing special.",3,2023-04-05,C52157,Chris  Taylor,6381,45
P4067-592,Groceries,Organic Almond Butter,"Not very satisfied, has several problems.",2,"Feb 16, 2023",C77035,TAYLOR BROWN,3828,27
P7237-732,Clothing,Running Sneakers,"Great quality, very happy with this purchase.",5,25 Jul 2024,C69330,MORGAN LEE,02010,33
P9736-533,Clothing,Slim Fit Jeans,Top-notch product. Packaging was great and everything worked straight out of the box.,5,01/11/2024,C32237,M. Garcia,5477 KV,38
P6570-421,Books,Productivity Guidebook,Good product overall with minor issues.,4,"Sep 05, 2022",C88750,morgan taylor,8119,28
P4766-683,Home & Kitchen,Stainless Steel Knife Block,"Very disappointed, would not recommend.",1,04/29/2021,C66839,Alex  Brown,07714,74
P1280-597,Groceries,Extra Virgin Olive Oil,"Average experience, nothing special.",3,2024-09-27,C21412,Alex  Johnson,3122 VE,34
P9220-457,Books,Productivity Guidebook,"Great quality, very happy with this purchase.",5,20/07/2023,C58955,TAYLOR GARCIA,05528,39
P6287-569,Clothing,Waterproof Hiking Jacket,"Not very satisfied, has several problems.",2,09/22/2022,C56218,SAM GARCIA,3794-80,21
P3585-972,Home & Kitchen,Memory Foam Pillow,Good product overall with minor issues.,4,21 Apr 2023,C91417,J. Hernandez,8014 FG,57
P9470-447,Electronics,4K Ultra HD Smart TV,"Average experience, nothing special.",3,18-03-2020,C67855,Jamie Johnson,06052,36
P6240-581,Electronics,Fitness Smartwatch,"Average experience, nothing special.",3,29 Mar 2021,C19068,Taylor Hernandez,07145,44
P6802-244,Home & Kitchen,Air Purifier,"Very disappointed, would not recommend.",1,25/03/2022,C63427,Jamie  Johnson,09162,29
P9316-142,Electronics,4K Ultra HD Smart TV,"Average experience, nothing special.",3,28 Jul 2020,C18645,Robin Johnson,7301,32
P1888-780,Home & Kitchen,Electric Kettle,"Not very satisfied, has several problems.",2,2023-10-18,C36111,Jamie  Taylor,9852,27
P8598-565,Clothing,Running Sneakers,"Not very satisfied, has several problems.",2,13-10-2024,C69787,pat lee,5895 BG,41
P2767-151,Sports,Yoga Mat,"Not very satisfied, has several problems.",2,"Feb 20, 2022",C51305,chris taylor,01807,49
P6100-770,Beauty,Hydrating Face Serum,,5,10/06/2021,C13734,ROBIN SMITH,5102,38
P6008-934,Sports,Cycling Helmet,"Great quality, very happy with this purchase.",5,04-09-2022,C65058,Jordan De Vries,05177,43
P6650-271,Toys,Educational Puzzle Game,"Very disappointed, would not recommend.",1,18/11/2020,C57346,morgan hernandez,8570-30,30
P5917-950,Beauty,Gentle Face Cleanser,"Great quality, very happy with this purchase.",5,2022-01-03,C53753,CASEY HERNANDEZ,5526 MV,70
P3783-410,Home & Kitchen,Stainless Steel Knife Block,"Not very satisfied, has several problems.",2,29 Nov 2024,C74948,morgan garcia,9088-18,40
P1712-866,Home & Kitchen,Electric Kettle,"Great quality, very happy with this purchase.",5,22/10/2023,C28776,C. Smith,09249,34
P1702-789,Home & Kitchen,Electric Kettle,"Not very satisfied, has several problems.",2,04-08-2020,C65541,P. Hernandez,8328 DX,57
P6735-592,Electronics,Bluetooth Portable Speaker,"Average experience, nothing special.",3,22/09/2024,C47824,S. De Vries,4296-81,60
P9537-620,Clothing,Running Sneakers,"Very disappointed, would not recommend.",1,12/12/2021,C24393,Chris Garcia,7822,42
P5110-517,Sports,Running Shorts,"Very disappointed, would not recommend.",1,"Nov 30, 2021",C51102,JAMIE MARTINS,2175,38
P7620-168,Electronics,USB-C Fast Charger,"Great quality, very happy with this purchase.",5,2020-09-20,C94048,Pat  Hernandez,06110,57
P4247-187,Books,Personal Finance Basics,"Great quality, very happy with this purchase.",5,20/05/2022,C81019,Casey Smith,9548,25
P6694-933,Office,Wireless Mouse,"Great quality, very happy with this purchase.",5,2024-02-07,C27451,Taylor Smith,3197 MS,61
P4993-577,Toys,Plush Teddy Bear,"Very disappointed, would not recommend.",1,"Sep 09, 2024",C55337,TAYLOR MARTINS,3456,31
P3723-884,Clothing,Waterproof Hiking Jacket,"Great quality, very happy with this purchase.",5,12/02/2022,C10244,Jordan Smith,1578,60
P4391-866,Clothing,Running Sneakers,"Average experience, nothing special.",3,17 Sep 2020,C54766,PAT JOHNSON,09435,32
P6398-617,Beauty,Gentle Face Cleanser,Good product overall with minor issues.,4,11 Oct 2020,C96809,Taylor  Dubois,5487 IA,30
P9233-880,Beauty,Matte Liquid Lipstick,"Very disappointed, would not recommend.",1,13-08-2022,C13934,Taylor  Martins,7442,54
P5585-444,Home & Kitchen,Air Purifier,"Very disappointed, would not recommend.",1,29/01/2021,C74400,C. Smith,5556-13,21
P6618-229,Home & Kitchen,Stainless Steel Knife Block,Good product overall with minor issues.,4,11/11/2023,C22863,CASEY GARCIA,5088,39
P5785-914,Home & Kitchen,Stainless Steel Knife Block,"Great quality, very happy with this purchase.",5,2023-05-21,C30968,casey de vries,9237-10,63
P2390-518,Electronics,USB-C Fast Charger,"Average experience, nothing special.",3,21-06-2022,C28044,Morgan Brown,7336,35
P5995-675,Pet Supplies,Pet Grooming Brush,"Average experience, nothing special.",3,04/03/2023,C43557,Chris  Dubois,7705-19,52
P2481-814,Sports,Yoga Mat,"Average experience, nothing special.",3,05/02/2023,C68143,MORGAN TAYLOR,04412,56
P2424-257,Electronics,Bluetooth Portable Speaker,Good product overall with minor issues.,4,03-03-2020,C83652,Chris  Taylor,9700 BO,29
P2092-261,Pet Supplies,Grain-Free Dog Food,"Very disappointed, would not recommend.",1,"Apr 02, 2024",C61906,Robin Martins,8256,39
P8536-755,Clothing,Organic Cotton T-Shirt,"Very disappointed, would not recommend.",1,01 Apr 2023,C55548,Pat  Garcia,5702-34,40
P1092-704,Electronics,Bluetooth Portable Speaker,"Average experience, nothing special.",3,08-07-2021,C95695,M. Dubois,04949,36
P3238-703,Home & Kitchen,Non-Stick Frying Pan Set,"Not very satisfied, has several problems.",2,15-05-2022,C38473,CHRIS SMITH,8203,61
P1231-969,Clothing,Waterproof Hiking Jacket,"Very disappointed, would not recommend.",1,05/15/2024,C51351,C. Dubois,1212,43
P7430-551,Pet Supplies,Dog Chew Toy,"Not very satisfied, has several problems.",2,07/15/2023,C47100,T. Martins,4800-91,78
P9579-324,Home & Kitchen,Non-Stick Frying Pan Set,"Not very satisfied, has several problems.",2,11/08/2020,C55895,Jordan Brown,09872,50
P5918-980,Electronics,Bluetooth Portable Speaker,"Very disappointed, would not recommend.",1,03/29/2023,C85682,Jordan Johnson,06136,46
P8671-498,Clothing,Running Sneakers,Good product overall with minor issues.,4,15 Mar 2020,C31668,Morgan Hernandez,2163-49,31
P1349-640,Home & Kitchen,Memory Foam Pillow,"Very disappointed, would not recommend.",1,11/11/2022,C31113,C. Taylor,,37
P6336-220,Books,Sci-Fi Adventure,"Not very satisfied, has several problems.",2,2021-04-02,C33116,A. Garcia,4855 LZ,41
P3237-821,Clothing,Wool Winter Scarf,"Great quality, very happy with this purchase.",5,"Feb 05, 2023",C60181,C. Smith,8371-57,27
P5420-134,Home & Kitchen,Electric Kettle,"Average experience, nothing special.",3,"Oct 28, 2022",C34340,taylor smith,1212 PQ,44
P8624-165,Home & Kitchen,Stainless Steel Knife Block,"Not very satisfied, has several problems.",2,04/09/2022,C64290,R. Lee,02552,32
P9713-249,Home & Kitchen,Air Purifier,"Average experience, nothing special.",3,12 Oct 2020,C89107,C. Smith,9529 DY,64
P8535-538,Home & Kitchen,Stainless Steel Knife Block,"Average experience, nothing special.",3,16-02-2024,C14859,C. Smith,9717,51
P3907-877,Home & Kitchen,Non-Stick Frying Pan Set,Good product overall with minor issues.,4,"Oct 17, 2021",C16766,T. Lee,6637 WH,24
P8406-154,Home & Kitchen,Stainless Steel Knife Block,"Average experience, nothing special.",3,06/06/2020,C54203,Robin De Vries,3186 RR,31
P2803-781,Clothing,Running Sneakers,"Great quality, very happy with this purchase.",5,10 Mar 2024,C31063,Morgan  Martins,8580-42,30
P8693-673,Home & Kitchen,Stainless Steel Knife Block,Good product overall with minor issues.,4,20 Mar 2024,C79023,Jamie Hernandez,4100-88,43
P9362-871,Beauty,Matte Liquid Lipstick,"Very disappointed, would not recommend.",1,10-11-2024,C41542,Casey Lee,2553-56,36
P2401-367,Groceries,Whole Bean Coffee,"Very disappointed, would not recommend.",1,14/04/2020,C39446,Alex Taylor,03597,31
P7230-468,Toys,Family Board Game,Good product overall with minor issues.,4,24-07-2020,C76026,C. Martins,2513,56
P5883-548,Clothing,Slim Fit Jeans,Good product overall with minor issues.,4,13 Apr 2020,C80551,SAM TAYLOR,3785-79,41
P2278-506,Home & Kitchen,Memory Foam Pillow,"Not very satisfied, has several problems.",2,2021-05-14,C48471,PAT SMITH,03583,65
P5652-901,Books,Sci-Fi Adventure,Good product overall with minor issues.,4,"Jul 30, 2021",C10932,CASEY DE VRIES,1117 GW,21
P4747-197,Office,Ergonomic Office Chair,"Very disappointed, would not recommend.",1,31 Dec 2023,C35541,JAMIE MARTINS,5933,28
P6013-174,Home & Kitchen,Stainless Steel Knife Block,"Average experience, nothing special.",3,2024-03-16,C53422,Robin Hernandez,7199,20
P7792-865,Electronics,USB-C Fast Charger,"Very disappointed, would not recommend.",1,24 Feb 2024,C33941,pat smith,01288,44
P6116-384,Sports,Adjustable Dumbbell Set,"Very disappointed, would not recommend.",1,18-02-2020,C74435,morgan de vries,8710-38,19
P9598-685,Electronics,4K Ultra HD Smart TV,"Not very satisfied, has several problems.",2,12/10/2021,C11833,Robin Johnson,01250,56
P8106-555,Sports,Running Shorts,"Very disappointed, would not recommend.",1,"Jun 01, 2021",C39147,Taylor  Johnson,2320 SY,33
P3912-260,Electronics,Fitness Smartwatch,"Very disappointed, would not recommend.",1,07/08/2024,C98011,morgan johnson,3965,36
P8046-270,Toys,Plush Teddy Bear,"Average experience, nothing special.",3,04/03/2020,C72551,taylor brown,2038,52
P5105-714,Sports,Running Shorts,Good product overall with minor issues.,4,25/07/2024,C41419,Morgan  Taylor,5615 YV,21
P6838-855,Toys,Family Board Game,"Great quality, very happy with this purchase.",5,09/02/2020,C13447,M. Martins,2573 NU,29
P9374-975,Sports,Cycling Helmet,Good product overall with minor issues.,4,2023-09-15,C13634,Chris  Johnson,4463 FD,26
P3045-596,Beauty,Nourishing Hair Mask,"Average experience, nothing special.",3,15 Oct 2024,C31880,C. Lee,3112 SB,51
P7490-437,Pet Supplies,Pet Grooming Brush,Good product overall with minor issues.,4,24/03/2024,C46455,Casey  Martins,1080 HM,26
P1025-297,Books,Sci-Fi Adventure,,4,"Nov 24, 2022",C93808,Sam Garcia,3175-96,70
P6383-594,Electronics,Fitness Smartwatch,Good product overall with minor issues.,4,03/02/2022,C66434,pat de vries,1840,58
P5071-446,Beauty,Hydrating Face Serum,"Not very satisfied, has several problems.",2,25-09-2022,C30543,casey de vries,4607,72
P6664-292,Clothing,Wool Winter Scarf,"Not very satisfied, has several problems.",2,"May 13, 2023",C41029,JORDAN SMITH,05160,54
P1605-382,Clothing,Running Sneakers,"Great quality, very happy with this purchase.",5,2023-06-15,C64658,ROBIN DE VRIES,6079 ZM,71
P5109-121,Electronics,4K Ultra HD Smart TV,"Average experience, nothing special.",3,20/08/2022,C62620,MORGAN HERNANDEZ,01838,54
P1519-585,Beauty,Matte Liquid Lipstick,"Not very satisfied, has several problems.",2,2024-07-06,C75910,M. Dubois,02119,43
P2945-132,Home & Kitchen,Non-Stick Frying Pan Set,"Average experience, nothing special.",3,01/06/2023,C82867,Pat Dubois,2808-59,40
P3723-969,Books,Productivity Guidebook,Good product overall with minor issues.,4,"Apr 01, 2024",C79996,Morgan Garcia,3696 VS,37
P7027-297,Books,Cookbook: Easy Weeknight Meals,Good product overall with minor issues.,4,31/12/2023,C24803,P. Dubois,9798 ET,35
P1357-604,Books,Personal Finance Basics,"Very disappointed, would not recommend.",1,"Jun 10, 2022",C43458,morgan johnson,6004,33
P7927-419,Office,Ergonomic Office Chair,"Very disappointed, would not recommend.",1,"Jun 29, 2022",C86586,P. De Vries,03891,35
P3444-984,Office,A4 Printer Paper,"Average experience, nothing special.",3,23 Aug 2020,C72972,Taylor  Martins,6270-67,56
P8935-168,Office,Wireless Mouse,"Very disappointed, would not recommend.",1,15 Sep 2024,C86935,S. Garcia,1903-98,
P1328-363,Clothing,Slim Fit Jeans,"Very disappointed, would not recommend.",1,11/19/2020,C17716,ALEX LEE,2631 MP,29
P2680-549,Books,Personal Finance Basics,Good product overall with minor issues.,4,12 Mar 2021,C11215,PAT LEE,8512,45
P3219-985,Clothing,Running Sneakers,"Not very satisfied, has several problems.",2,03-10-2024,C79248,C. Garcia,1402,27
P9360-416,Books,Cookbook: Easy Weeknight Meals,Good product overall with minor issues.,4,12-07-2021,C84112,Chris  Brown,7228,36
P4345-546,Office,Ergonomic Office Chair,"Great quality, very happy with this purchase.",5,13-02-2020,C24090,CHRIS GARCIA,4027 CH,44
P7289-549,Beauty,Nourishing Hair Mask,Good product overall with minor issues.,4,04/11/2022,C10557,C. Taylor,3928 UU,38
P2200-577,Clothing,Running Sneakers,"Great quality, very happy with this purchase.",5,2023-09-25,C18884,TAYLOR DE VRIES,6454 FD,39
P3185-518,Home & Kitchen,Stainless Steel Knife Block,"Very disappointed, would not recommend.",1,2021-10-07,C91439,SAM TAYLOR,02874,33
P7119-136,Pet Supplies,Pet Grooming Brush,"Great quality, very happy with this purchase.",5,"Mar 27, 2022",C44987,JORDAN JOHNSON,4128 VS,42
P5038-421,Electronics,USB-C Fast Charger,I bought this as a gift and they absolutely loved it.,5,2020-02-21,C34521,CHRIS GARCIA,2431 YS,21
P4569-168,Home & Kitchen,Stainless Steel Knife Block,"Not very satisfied, has several problems.",2,19/07/2022,C42922,C. De Vries,02083,30
P3436-816,Home & Kitchen,Stainless Steel Knife Block,Good product overall with minor issues.,4,04/26/2024,C28499,,8367,48
P9769-379,Sports,Yoga Mat,"Very disappointed, would not recommend.",1,"May 04, 2024",C96284,Jordan  Taylor,05948,48
P9539-972,Home & Kitchen,Non-Stick Frying Pan Set,"Very disappointed, would not recommend.",1,"Oct 24, 2021",C87695,casey smith,9320,25
P1790-447,Toys,Building Block Set,Good product overall with minor issues.,4,25/12/2023,C94092,Morgan Martins,01623,68
P3633-397,Groceries,Organic Almond Butter,Good product overall with minor issues.,4,06-07-2022,C28898,MORGAN JOHNSON,06680,21
P6259-713,Books,Cookbook: Easy Weeknight Meals,"Very disappointed, would not recommend.",1,01/10/2024,C85854,sam smith,02294,38
P6806-602,Sports,Running Shorts,"Great quality, very happy with this purchase.",5,2023-07-17,C47409,casey hernandez,1939 QS,57
P6291-294,Groceries,Dark Chocolate Bar,"Not very satisfied, has several problems.",2,23/04/2024,C13010,Robin Brown,9015 DF,31
P7502-221,Home & Kitchen,Air Purifier,"Great quality, very happy with this purchase.",5,2024-03-07,C76060,taylor hernandez,01592,33
P3817-115,Pet Supplies,Grain-Free Dog Food,Good product overall with minor issues.,4,07-06-2023,C90376,taylor brown,7795-68,30
P3011-645,Home & Kitchen,Stainless Steel Knife Block,"Not very satisfied, has several problems.",2,09 Jun 2023,C55139,Chris Dubois,1536,65
P5852-471,Electronics,4K Ultra HD Smart TV,"Very disappointed, would not recommend.",1,30 Sep 2020,C84893,Jordan  Lee,06976,34
P9660-541,Sports,Yoga Mat,Good product overall with minor issues.,4,,C65646,Pat Dubois,5210 UU,26
P5045-859,Home & Kitchen,Stainless Steel Knife Block,Good product overall with minor issues.,4,"Sep 28, 2024",C12338,Jamie  De  Vries,8793-54,51
P3124-237,Home & Kitchen,Air Purifier,"Average experience, nothing special.",3,09/19/2020,C74558,R. Dubois,8470 LO,46
P9623-416,Electronics,Bluetooth Portable Speaker,Good product overall with minor issues.,4,12/03/2020,C34851,Morgan  Taylor,07491,42
P8571-439,Toys,Remote Control Car,"Great quality, very happy with this purchase.",5,"Apr 29, 2024",C96951,morgan hernandez,8779,32
P6087-517,Electronics,Bluetooth Portable Speaker,"Very disappointed, would not recommend.",1,11-10-2024,C94594,Robin Hernandez,07742,39
P2284-994,Clothing,Running Sneakers,"Not very satisfied, has several problems.",2,"Nov 16, 2024",C48086,CHRIS HERNANDEZ,2059,39
P9099-599,Home & Kitchen,Memory Foam Pillow,"Great quality, very happy with this purchase.",5,15/05/2022,C35782,morgan hernandez,6784 ST,23
P1333-145,Groceries,Whole Bean Coffee,"Great quality, very happy with this purchase.",5,10 Jan 2024,C37572,Morgan  Martins,6832-12,35
P3985-427,Books,Personal Finance Basics,"Very disappointed, would not recommend.",1,21-10-2021,C54590,Jamie Lee,01700,28
P6784-627,Electronics,Bluetooth Portable Speaker,Good product overall with minor issues.,4,01/10/2021,C32871,Robin Lee,7456 WV,34
P3544-860,Electronics,USB-C Fast Charger,"Average experience, nothing special.",3,10/05/2020,C43556,taylor taylor,8078 VO,60
P9716-974,Toys,Remote Control Car,Good product overall with minor issues.,4,2021-10-22,C19122,A. Lee,08169,40
P2398-776,Electronics,USB-C Fast Charger,"Great quality, very happy with this purchase.",5,2023-05-06,C44629,Pat Martins,07755,33
P5748-886,Sports,Adjustable Dumbbell Set,"Not very satisfied, has several problems.",2,24-01-2022,C96040,taylor smith,6705-59,79
P4389-427,Groceries,Extra Virgin Olive Oil,"Very disappointed, would not recommend.",1,"Aug 29, 2022",C17259,Robin  Brown,04669,39
P2444-366,Electronics,USB-C Fast Charger,"Great quality, very happy with this purchase.",5,29 Nov 2023,C36818,PAT TAYLOR,7469,75
P6519-502,Books,Productivity Guidebook,Good product overall with minor issues.,4,2021-03-21,C63740,Jordan  Smith,4461-45,21
P5243-157,Beauty,Nourishing Hair Mask,Good product overall with minor issues.,4,11-11-2022,C94931,Alex Lee,9215,36
P7809-473,Sports,Adjustable Dumbbell Set,"Not very satisfied, has several problems.",2,15 Sep 2022,C88079,C. Hernandez,7431 PW,36
P7294-723,Electronics,Fitness Smartwatch,"Great quality, very happy with this purchase.",5,07/15/2020,C81970,SAM DUBOIS,03085,28
P2054-355,Clothing,Slim Fit Jeans,Good product overall with minor issues.,4,"Apr 01, 2024",C47634,Jamie  Garcia,02369,47
P2392-584,Home & Kitchen,Electric Kettle,Good product overall with minor issues.,4,09/26/2023,C88647,sam brown,7039 EW,42
P9961-896,Beauty,Matte Liquid Lipstick,"Not very satisfied, has several problems.",2,30/05/2023,C56768,Sam De Vries,09636,31
P9172-372,Clothing,Waterproof Hiking Jacket,Good product overall with minor issues.,4,21 Jul 2021,C14433,Robin Brown,5020,28
P6178-512,Pet Supplies,Cat Litter Odor Control,"Average experience, nothing special.",3,08/03/2024,C98820,CHRIS DE VRIES,1196 AD,42
P2300-702,Home & Kitchen,Electric Kettle,"Not very satisfied, has several problems.",2,"Jul 03, 2022",C81834,PAT MARTINS,7293-47,35
P4254-591,Books,Thriller Novel,"Great quality, very happy with this purchase.",5,28/10/2024,C66413,SAM DE VRIES,2216 FG,31
P5747-108,Office,Ergonomic Office Chair,"Average experience, nothing special.",3,2023-07-21,C27113,P. Smith,7997,36
P2881-721,Books,Cookbook: Easy Weeknight Meals,"Great quality, very happy with this purchase.",5,09-07-2020,C73529,Taylor  Martins,04358,56
P8416-219,Groceries,Gluten-Free Pasta,"Not very satisfied, has several problems.",2,19 Aug 2020,C43182,Jordan Lee,7394,43
P2300-245,Clothing,Slim Fit Jeans,"Not very satisfied, has several problems.",2,11/05/2022,C68245,Chris Martins,2191-89,42
P3078-848,Beauty,Matte Liquid Lipstick,"Not very satisfied, has several problems.",2,"Jul 25, 2024",C82615,Chris  Smith,03788,32
P7222-429,Electronics,4K Ultra HD Smart TV,"Great quality, very happy with this purchase.",5,01/16/2022,C20260,jamie johnson,4352,34
P2689-237,Electronics,USB-C Fast Charger,"Not very satisfied, has several problems.",2,03/06/2023,C17251,pat garcia,7092-34,20
P3562-615,Electronics,USB-C Fast Charger,"Not very satisfied, has several problems.",2,04 Feb 2024,C16598,Chris  Taylor,4538,80
P3396-896,Clothing,Wool Winter Scarf,Good product overall with minor issues.,4,24-01-2021,C65695,Taylor  Smith,8681 SU,23
P9245-929,Books,Personal Finance Basics,"Average experience, nothing special.",3,2021-11-17,C17241,Jordan Lee,1759 ET,44
P4789-827,Electronics,USB-C Fast Charger,"Not very satisfied, has several problems.",2,13/11/2023,C29361,ROBIN DE VRIES,5745 AK,47
P3696-384,Books,Personal Finance Basics,"Average experience, nothing special.",3,,C87373,M. Dubois,09290,40
P6549-733,Electronics,USB-C Fast Charger,Good product overall with minor issues.,4,17-10-2020,C91161,C. Smith,1393 ZG,21
P8371-900,Clothing,Slim Fit Jeans,"Very disappointed, would not recommend.",1,,C78248,Chris  Taylor,3549,79
P1579-948,Groceries,Whole Bean Coffee,"Great quality, very happy with this purchase.",5,"Jan 31, 2022",C63476,M. Lee,9222,24
P7779-147,Clothing,Waterproof Hiking Jacket,Good product overall with minor issues.,4,30-08-2022,C55861,Casey  Garcia,04989,55
P3143-462,Groceries,Extra Virgin Olive Oil,"Very disappointed, would not recommend.",1,2021-08-24,C79886,Casey  De  Vries,01422,71
P1761-639,Toys,Educational Puzzle Game,"Very disappointed, would not recommend.",1,11/09/2020,C12151,jordan johnson,08649,70
P2408-451,Sports,Yoga Mat,"Average experience, nothing special.",3,13-07-2023,C21708,TAYLOR LEE,5513 UL,26
P8824-123,Books,Thriller Novel,Good product overall with minor issues.,4,"Nov 25, 2024",C14867,P. Lee,06042,36
P4459-675,Beauty,Nourishing Hair Mask,"Not very satisfied, has several problems.",2,04/06/2022,C31593,jordan garcia,9355-22,41
P5270-378,Beauty,Matte Liquid Lipstick,,5,15 Jul 2023,C42477,C. Smith,1571 GS,78
P9123-747,Books,Personal Finance Basics,"Not very satisfied, has several problems.",2,09/20/2024,C89069,taylor dubois,8140 MK,57
P2204-609,Pet Supplies,Cat Scratching Post,"Very disappointed, would not recommend.",1,"Apr 23, 2023",C62166,Pat De Vries,2681,42
P6333-367,Electronics,Bluetooth Portable Speaker,Good product overall with minor issues.,4,27/02/2022,C40360,Jamie Brown,4588 EO,41
P6063-600,Books,Personal Finance Basics,"Average experience, nothing special.",3,2022-01-15,C92689,C. De Vries,8394,68
P2351-371,Home & Kitchen,Electric Kettle,"Average experience, nothing special.",3,2022-07-06,C53642,alex lee,2716 NI,36
P7047-363,Sports,Cycling Helmet,"Very disappointed, would not recommend.",1,13 Sep 2023,C25008,Taylor  Dubois,05166,38
P3699-419,Books,Cookbook: Easy Weeknight Meals,"Not very satisfied, has several problems.",2,30-07-2024,C10318,R. Lee,2983 IY,18
P7314-188,Home & Kitchen,Stainless Steel Knife Block,"Great quality, very happy with this purchase.",5,08/02/2021,C66392,sam johnson,5191-98,27
P8884-447,Books,Thriller Novel,"Very disappointed, would not recommend.",1,23-01-2022,C75970,Alex De Vries,9611-99,30
P4471-600,Electronics,Fitness Smartwatch,"Great quality, very happy with this purchase.",5,03 Aug 2020,C29850,PAT DUBOIS,5054,19
P9334-980,Home & Kitchen,Air Purifier,"Very disappointed, would not recommend.",1,04 Apr 2023,C60436,M. Dubois,8500-84,54
P3572-987,Beauty,Nourishing Hair Mask,Good product overall with minor issues.,4,"Apr 17, 2022",C89106,alex garcia,7925-92,30
P8375-711,Groceries,Extra Virgin Olive Oil,"Very disappointed, would not recommend.",1,30/11/2021,C37180,morgan de vries,4271,28
P9810-159,Home & Kitchen,Memory Foam Pillow,"Very disappointed, would not recommend.",1,"Nov 19, 2024",C79272,Casey Garcia,2179,32
P2383-122,Electronics,Bluetooth Portable Speaker,Good product overall with minor issues.,4,05-05-2024,C87767,Chris  De  Vries,08815,43
P3860-929,Pet Supplies,Cat Litter Odor Control,"Not very satisfied, has several problems.",2,28-09-2021,C89314,Sam Brown,6519,49
P7812-228,Home & Kitchen,Non-Stick Frying Pan Set,"Very disappointed, would not recommend.",1,"May 03, 2020",C20143,Chris Dubois,9133-12,44
P9699-505,Electronics,USB-C Fast Charger,Good product overall with minor issues.,4,2022-02-05,C38104,PAT DE VRIES,07411,19
P2355-387,Clothing,Running Sneakers,"Not very satisfied, has several problems.",2,2023-03-30,C11312,CASEY BROWN,,50
P9415-945,Home & Kitchen,Stainless Steel Knife Block,"Average experience, nothing special.",3,30-08-2023,C80026,MORGAN HERNANDEZ,4785,28
P3861-889,Electronics,USB-C Fast Charger,"Average experience, nothing special.",3,2021-06-08,C34782,J. Brown,3835 FD,56
P5778-340,Clothing,Waterproof Hiking Jacket,"Very disappointed, would not recommend.",1,"Nov 02, 2022",C50800,chris hernandez,9946,43
P4967-589,Books,Sci-Fi Adventure,"Average experience, nothing special.",3,06 Jan 2022,C94977,Alex Lee,06508,36
P2893-554,Books,Thriller Novel,"Not very satisfied, has several problems.",2,13 Jul 2020,C39756,C. Hernandez,1038 GH,36
P4275-313,Clothing,Organic Cotton T-Shirt,"Average experience, nothing special.",3,2021-01-15,C66987,Sam Brown,7278,27
P7211-196,Home & Kitchen,Non-Stick Frying Pan Set,"Average experience, nothing special.",3,"Apr 17, 2020",C34943,JAMIE SMITH,02404,43
P6930-129,Books,Sci-Fi Adventure,"Great quality, very happy with this purchase.",5,"May 30, 2020",C11522,Alex  Garcia,8224-39,50
P3983-370,Clothing,Waterproof Hiking Jacket,"Very disappointed, would not recommend.",1,06 May 2021,C29670,S. De Vries,7166 DB,35
P8271-394,Groceries,Extra Virgin Olive Oil,"Very disappointed, would not recommend.",1,09/22/2023,C58130,Robin  Johnson,4139,60
P9586-709,Clothing,Wool Winter Scarf,"Very disappointed, would not recommend.",1,01 Apr 2022,C42672,Jamie Dubois,6197-24,33
P7823-550,Office,Mechanical Keyboard,"Not very satisfied, has several problems.",2,01 Jun 2020,C68152,Jamie Dubois,5320,18
P8792-858,Electronics,Bluetooth Portable Speaker,"Very disappointed, would not recommend.",1,01/28/2021,C11861,JAMIE HERNANDEZ,03476,30
P2708-311,Clothing,Running Sneakers,"Very disappointed, would not recommend.",1,2020-08-20,C69236,taylor de vries,02482,27
P5252-112,Home & Kitchen,Electric Kettle,"Very disappointed, would not recommend.",1,"May 10, 2020",C38911,Sam Dubois,6608-25,37
P8171-666,Clothing,Organic Cotton T-Shirt,"Not very satisfied, has several problems.",2,10/10/2024,C66732,Jordan Martins,03431,26
P3000-359,Beauty,Hydrating Face Serum,Good product overall with minor issues.,4,10/11/2021,C67212,Sam Lee,9653,26
P5287-509,Electronics,Fitness Smartwatch,"Very disappointed, would not recommend.",1,"Apr 04, 2021",C88328,C. Johnson,06536,38
P2614-543,Home & Kitchen,Memory Foam Pillow,"Average experience, nothing special.",3,04/03/2023,C44116,Robin Taylor,05678,67
P4666-757,Clothing,Organic Cotton T-Shirt,"Average experience, nothing special.",3,05-08-2023,C41732,Jamie Smith,09901,60
P9632-332,Electronics,Fitness Smartwatch,"Very disappointed, would not recommend.",1,2021-07-15,C52298,Jordan  Lee,9164,32
P1564-196,Sports,Running Shorts,Good product overall with minor issues.,4,10/25/2022,C57554,T. Johnson,8924-50,25
P8334-375,Home & Kitchen,Electric Kettle,"Very disappointed, would not recommend.",1,"Feb 19, 2024",C84011,A. Garcia,6804,43
P4366-858,Clothing,Running Sneakers,"Great quality, very happy with this purchase.",5,25 May 2023,C47751,Jamie Martins,2554,33
P8994-625,Toys,Educational Puzzle Game,"Great quality, very happy with this purchase.",5,"Feb 23, 2020",C96000,Alex  Martins,4299,28
P4435-347,Toys,Educational Puzzle Game,"Very disappointed, would not recommend.",1,01/14/2021,C75322,SAM GARCIA,04509,38
P3858-608,Electronics,Bluetooth Portable Speaker,Good product overall with minor issues.,4,21/01/2021,C95269,R. Taylor,5167,54
P2833-478,Groceries,Gluten-Free Pasta,"Great quality, very happy with this purchase.",5,2022-07-21,C90798,jordan brown,6395-27,55
P9968-603,Books,Cookbook: Easy Weeknight Meals,Good product overall with minor issues.,4,29 May 2023,C61823,Jordan  Brown,08542,32
P2393-345,Electronics,4K Ultra HD Smart TV,"Average experience, nothing special.",3,2020-07-31,C93445,J. Taylor,1831,31
P5724-828,Books,Sci-Fi Adventure,"Very disappointed, would not recommend.",1,15/12/2020,C20260,jamie johnson,4352,34
P8774-160,Home & Kitchen,Stainless Steel Knife Block,"Great quality, very happy with this purchase.",5,15/09/2021,C23739,TAYLOR DUBOIS,9630-81,22
P4044-243,Toys,Family Board Game,Good product overall with minor issues.,4,2023-08-23,C90906,Casey  Taylor,7101,39
P1051-302,Toys,Family Board Game,Good product overall with minor issues.,4,07/30/2023,C67366,TAYLOR DE VRIES,4659-67,33
P1249-115,Clothing,Running Sneakers,"Average experience, nothing special.",3,04/21/2021,C76545,Morgan Brown,05322,28
P1949-925,Home & Kitchen,Stainless Steel Knife Block,"Not very satisfied, has several problems.",2,"Feb 02, 2024",C73077,C. De Vries,06580,52
P4544-861,Toys,Educational Puzzle Game,"Very disappointed, would not recommend.",1,2022-07-02,C64538,R. Smith,7579,63
P6445-445,Electronics,Fitness Smartwatch,"Not very satisfied, has several problems.",2,"Feb 22, 2020",C36943,,1935,27
P2597-930,Home & Kitchen,Electric Kettle,"Great quality, very happy with this purchase.",5,04/04/2023,C11909,Jordan  Garcia,1738 ZD,33
P6901-908,Clothing,Slim Fit Jeans,"Average experience, nothing special.",3,04-05-2020,C27616,CASEY HERNANDEZ,4585 OT,49
P9990-932,Books,Personal Finance Basics,"Great quality, very happy with this purchase.",5,16/02/2020,C52050,ALEX DE VRIES,07789,23
P2301-944,Sports,Foam Roller,Good product overall with minor issues.,4,06/23/2021,C14406,CHRIS LEE,6923-57,71
P9166-918,Electronics,USB-C Fast Charger,"Average experience, nothing special.",3,16 May 2023,C41815,ALEX SMITH,5218-20,26
P5452-543,Electronics,Bluetooth Portable Speaker,"Average experience, nothing special.",3,"Sep 25, 2021",C16425,Alex Smith,1612,53
P8220-459,Sports,Foam Roller,"Not very satisfied, has several problems.",2,09-01-2022,C61823,Jordan  Brown,08542,32
P2362-297,Clothing,Organic Cotton T-Shirt,"Great quality, very happy with this purchase.",5,21 Mar 2020,C53437,Jamie Johnson,2836,24
P6405-716,Electronics,Fitness Smartwatch,"Very disappointed, would not recommend.",1,23/09/2021,C69600,J. Taylor,1349,29
P8881-923,Beauty,Daily SPF 50 Sunscreen,Good product overall with minor issues.,4,20 Oct 2024,C34732,J. Smith,4747-30,48
P5161-399,Electronics,Fitness Smartwatch,"Average experience, nothing special.",3,"Feb 16, 2022",C57903,Morgan Hernandez,3949 JC,78
P3080-378,Toys,Plush Teddy Bear,"Average experience, nothing special.",3,20-04-2024,C88079,Sam  Hernandez,6318-21,53
P6071-493,Electronics,Wireless Noise-Cancelling Headphones,"Average experience, nothing special.",3,"Oct 08, 2024",C63107,TAYLOR HERNANDEZ,05738,22
P7849-922,Beauty,Nourishing Hair Mask,"Average experience, nothing special.",3,"Oct 14, 2024",C36971,ROBIN DE VRIES,5067 EL,28
P8499-542,Home & Kitchen,Electric Kettle,Good product overall with minor issues.,4,22-11-2023,C90034,JAMIE HERNANDEZ,4108-30,33
P1253-643,Groceries,Extra Virgin Olive Oil,"Average experience, nothing special.",3,11-05-2022,C25306,Alex Garcia,08144,43
P8822-592,Home & Kitchen,Electric Kettle,"Very disappointed, would not recommend.",1,2021-07-10,C69019,ROBIN SMITH,6983-12,56
P9818-428,Books,Sci-Fi Adventure,Good product overall with minor issues.,4,07/21/2024,C30593,Casey Taylor,9471-16,51
P6515-850,Books,Cookbook: Easy Weeknight Meals,"Average experience, nothing special.",3,24 Dec 2023,C61167,pat taylor,06542,61
P8361-264,Home & Kitchen,Non-Stick Frying Pan Set,Good product overall with minor issues.,4,11-02-2024,C24896,Robin Brown,7488 CI,35
P1986-834,Groceries,Extra Virgin Olive Oil,"Great quality, very happy with this purchase.",5,04/05/2023,C30655,PAT MARTINS,7713-88,30
P5677-301,Groceries,Dark Chocolate Bar,"Average experience, nothing special.",3,2020-04-04,C89057,Pat  Johnson,4668 YO,53
P4162-796,Books,Personal Finance Basics,Good product overall with minor issues.,4,04/06/2023,C13447,M. Martins,2573 NU,29
P6712-537,Clothing,Organic Cotton T-Shirt,"Great quality, very happy with this purchase.",5,"Sep 02, 2022",C26704,Jordan  Brown,3267,29
P1301-244,Electronics,Bluetooth Portable Speaker,"Not very satisfied, has several problems.",2,27-04-2024,C33311,Pat Hernandez,3876-45,48
P2933-760,Books,Productivity Guidebook,"Not very satisfied, has several problems.",2,03/18/2023,C44451,ALEX TAYLOR,02752,44
P1450-929,Electronics,4K Ultra HD Smart TV,"Not very satisfied, has several problems.",2,19/08/2024,C17806,Chris Hernandez,08081,53
P6853-982,Home & Kitchen,Electric Kettle,"Average experience, nothing special.",3,20/12/2024,C49309,Pat  Taylor,8853,55
P2299-564,Clothing,Slim Fit Jeans,"Great quality, very happy with this purchase.",5,2021-02-22,C56891,alex garcia,3587 TT,34
P8985-703,Books,Personal Finance Basics,"Not very satisfied, has several problems.",2,"Feb 11, 2024",C79009,Casey Lee,2298-77,75
P5826-118,Books,Productivity Guidebook,Good product overall with minor issues.,4,16 Feb 2022,C31678,Casey Martins,7240 XJ,35
P8539-925,Home & Kitchen,Non-Stick Frying Pan Set,"Very disappointed, would not recommend.",1,2023-03-06,C66843,M. Lee,8271-66,18
P8172-641,Electronics,Bluetooth Portable Speaker,"Very disappointed, would not recommend.",1,"Aug 19, 2021",C56871,CHRIS SMITH,4432 CV,28
P8817-158,Groceries,Whole Bean Coffee,"Very disappointed, would not recommend.",1,22 Jan 2024,C97042,Robin  Lee,,25
P4491-564,Beauty,Nourishing Hair Mask,"Not very satisfied, has several problems.",2,"Apr 28, 2021",C93049,Alex Johnson,1093,20
P5277-115,Groceries,Whole Bean Coffee,"Very disappointed, would not recommend.",1,2022-05-01,C59973,Chris Lee,7985-16,35
P2367-165,Toys,Plush Teddy Bear,"Great quality, very happy with this purchase.",5,2023-12-27,C14265,JORDAN GARCIA,06174,64
P3475-593,Books,Productivity Guidebook,Good product overall with minor issues.,4,14/05/2023,C45917,R. Dubois,7834,41
P6072-510,Home & Kitchen,Memory Foam Pillow,"Average experience, nothing special.",3,2024-03-30,C44531,M. Martins,9061 ID,50
P1909-477,Toys,Plush Teddy Bear,"It works, but the experience is rough around the edges.",2,2020-02-13,C97970,Chris Garcia,01688,42
P5571-864,Electronics,Bluetooth Portable Speaker,"Not very satisfied, has several problems.",2,07/02/2023,C63006,Robin  Smith,01992,18
P7729-622,Sports,Adjustable Dumbbell Set,"Average experience, nothing special.",3,"Dec 02, 2024",C68228,ALEX LEE,,34
P1722-539,Electronics,Wireless Noise-Cancelling Headphones,"Great quality, very happy with this purchase.",5,06/08/2020,C57179,CASEY DUBOIS,04696,59
P6282-138,Clothing,Organic Cotton T-Shirt,,1,19-06-2024,C20528,R. Garcia,02816,25
P8480-547,Office,Mechanical Keyboard,"Very disappointed, would not recommend.",1,20 Dec 2022,C73333,Robin  Smith,8997,30
P3474-213,Home & Kitchen,Non-Stick Frying Pan Set,"Average experience, nothing special.",3,20-11-2020,C57650,Casey  Dubois,4215 OI,46
P5695-804,Books,Cookbook: Easy Weeknight Meals,Good product overall with minor issues.,4,10-07-2023,C79914,MORGAN SMITH,3706 MZ,42
P2144-970,Home & Kitchen,Non-Stick Frying Pan Set,Good product overall with minor issues.,4,26 Nov 2024,C16195,Pat  Taylor,4710-53,48
P7649-996,Clothing,Wool Winter Scarf,"Average experience, nothing special.",3,14-01-2023,C35278,PAT SMITH,6894,22
P1753-924,Groceries,Gluten-Free Pasta,"Great quality, very happy with this purchase.",5,10-02-2020,C12404,Casey  Dubois,8587-93,21
P1833-755,Groceries,Organic Almond Butter,"Very disappointed, would not recommend.",1,14-06-2022,C48387,Morgan Lee,4946-82,25
P1021-825,Beauty,Nourishing Hair Mask,"Great quality, very happy with this purchase.",5,01 Jun 2023,C92407,robin smith,5013 TZ,34
P1945-369,Books,Thriller Novel,Good product overall with minor issues.,4,31/01/2020,C79437,CASEY SMITH,8462 LD,61
P9936-435,Groceries,Dark Chocolate Bar,Good product overall with minor issues.,4,11/03/2021,C81056,Morgan  Smith,3948 AM,30
P9785-469,Electronics,4K Ultra HD Smart TV,"Very disappointed, would not recommend.",1,10/16/2021,C25344,TAYLOR GARCIA,8669,22
P2972-998,Electronics,Fitness Smartwatch,"Great quality, very happy with this purchase.",5,07/24/2023,C52517,CASEY HERNANDEZ,1861,46
P9070-364,Pet Supplies,Grain-Free Dog Food,"Very disappointed, would not recommend.",1,16 Jul 2021,C18879,Chris  Martins,4487,60
P8341-331,Pet Supplies,Dog Chew Toy,"Great quality, very happy with this purchase.",5,"Aug 11, 2022",C84363,SAM GARCIA,04336,26
P4335-588,Toys,Building Block Set,"Not very satisfied, has several problems.",2,06/02/2023,C27944,Chris De Vries,02138,21
P2376-773,Beauty,Matte Liquid Lipstick,"Average experience, nothing special.",3,02/22/2024,C88142,Jordan Garcia,2922 YR,28
P8846-998,Books,Sci-Fi Adventure,Good product overall with minor issues.,4,18/05/2024,C98314,ALEX BROWN,5607,19
P3378-432,Books,Productivity Guidebook,"Very disappointed, would not recommend.",1,04 Jun 2023,C30127,robin smith,1397-41,58
P3624-575,Electronics,Wireless Noise-Cancelling Headphones,"Average experience, nothing special.",3,03 Sep 2022,C64849,Pat  Taylor,1474 PG,42
P2529-723,Books,Productivity Guidebook,,5,15/01/2023,C75534,alex dubois,09579,28
P7615-571,Clothing,Slim Fit Jeans,"Great quality, very happy with this purchase.",5,05/11/2023,C95219,Jamie  Martins,7344,37
P6104-844,Clothing,Organic Cotton T-Shirt,"Not very satisfied, has several problems.",2,26/01/2022,C44899,Pat  Garcia,1380 YC,49
P4554-226,Books,Productivity Guidebook,"Very disappointed, would not recommend.",1,2023-02-15,C44655,M. Smith,6664-43,41
P5041-297,Groceries,Dark Chocolate Bar,"Average experience, nothing special.",3,05/02/2022,C70013,SAM MARTINS,2637,45
P8807-750,Beauty,Gentle Face Cleanser,"Average experience, nothing special.",3,31 Mar 2021,C16166,,4948,44
P4951-549,Office,Mechanical Keyboard,"Very disappointed, would not recommend.",1,16-09-2020,C78928,MORGAN DUBOIS,2315 KP,28
P8831-784,Office,Ergonomic Office Chair,"Average experience, nothing special.",3,05/03/2022,C87883,Casey Lee,5129,21
P7692-545,Groceries,Extra Virgin Olive Oil,"Not very satisfied, has several problems.",2,"Mar 06, 2020",C11839,robin de vries,7569 AY,39
P8003-451,Clothing,Waterproof Hiking Jacket,"Not very satisfied, has several problems.",2,10/09/2021,C49413,sam lee,7912 FT,44
P1384-201,Home & Kitchen,Electric Kettle,"Average experience, nothing special.",3,05/03/2024,C23311,SAM TAYLOR,6394 BV,20
P3211-922,Clothing,Slim Fit Jeans,"Not very satisfied, has several problems.",2,"Sep 04, 2024",C89406,MORGAN MARTINS,06867,41
P7110-609,Home & Kitchen,Electric Kettle,"Average experience, nothing special.",3,"Aug 06, 2023",C14265,JORDAN GARCIA,06174,64
P3386-592,Books,Personal Finance Basics,"Not very satisfied, has several problems.",2,07/07/2023,C90954,Chris  Smith,1718-73,39
P8109-177,Groceries,Organic Almond Butter,"Average experience, nothing special.",3,2023-05-23,C20955,Alex  Smith,8040 VS,20
P7555-233,Groceries,Gluten-Free Pasta,Good product overall with minor issues.,4,01/29/2024,C95303,Sam Smith,6157,55
P9176-892,Toys,Building Block Set,"Not very satisfied, has several problems.",2,2020-11-19,C62014,Chris  Martins,2736,42
P1015-754,Electronics,Bluetooth Portable Speaker,"Not very satisfied, has several problems.",2,2022-01-02,C63365,JORDAN BROWN,8510-42,43
P1997-967,Beauty,Daily SPF 50 Sunscreen,"Average experience, nothing special.",3,01/29/2021,C74270,JORDAN JOHNSON,7737,43
P6884-713,Sports,Cycling Helmet,"Great quality, very happy with this purchase.",5,10/07/2022,C34549,A. Lee,6640-30,77
P4784-120,Electronics,Bluetooth Portable Speaker,"Not very satisfied, has several problems.",2,08/07/2023,C74881,robin lee,5706,49
P1881-402,Pet Supplies,Dog Chew Toy,Good product overall with minor issues.,4,19/07/2022,C93421,Pat Lee,8877,23
P1356-132,Clothing,Organic Cotton T-Shirt,"Great quality, very happy with this purchase.",5,18-03-2023,C48216,Sam  Hernandez,5057,49
P3948-391,Clothing,Organic Cotton T-Shirt,"Great quality, very happy with this purchase.",5,2023-04-27,C64917,JAMIE HERNANDEZ,2176-77,29
P4745-370,Clothing,Waterproof Hiking Jacket,"Average experience, nothing special.",3,02/14/2022,C95282,sam taylor,5345 WO,45
P4910-430,Books,Cookbook: Easy Weeknight Meals,Good product overall with minor issues.,4,10 Jan 2023,C45321,CHRIS HERNANDEZ,8742,48
P2550-775,Home & Kitchen,Memory Foam Pillow,"Great quality, very happy with this purchase.",5,06/10/2020,C74983,Morgan  De  Vries,08608,40
P3132-494,Sports,Running Shorts,"Not very satisfied, has several problems.",2,14-01-2021,C43471,Taylor  Brown,8422,76
P8224-718,Office,Wireless Mouse,"Great quality, very happy with this purchase.",5,18-10-2022,C31375,Taylor  Hernandez,8121-34,28
P9305-471,Books,Thriller Novel,Good product overall with minor issues.,4,"Jan 10, 2024",C31702,P. Brown,1292,20
P9095-201,Clothing,Wool Winter Scarf,"Average experience, nothing special.",3,08/09/2023,C35305,Taylor Johnson,08306,47
P7930-867,Groceries,Dark Chocolate Bar,"Very disappointed, would not recommend.",1,25-10-2024,C92634,ALEX BROWN,1334-15,41
P1924-886,Clothing,Running Sneakers,"Very disappointed, would not recommend.",1,2021-12-19,C52675,Taylor De Vries,1875-63,44
P3795-847,Office,Wireless Mouse,"Great quality, very happy with this purchase.",5,15 Aug 2022,C99609,sam dubois,7304-32,41
P4381-651,Electronics,Bluetooth Portable Speaker,Good product overall with minor issues.,4,01 Oct 2020,C90525,A. Taylor,7403-72,43
P2884-707,Beauty,Daily SPF 50 Sunscreen,"Great quality, very happy with this purchase.",5,08 Feb 2022,C98936,CASEY MARTINS,05304,25
P6812-561,Pet Supplies,Grain-Free Dog Food,"Not very satisfied, has several problems.",2,25 Sep 2023,C53438,ALEX DUBOIS,2799-29,28
P6818-692,Office,A4 Printer Paper,"Very disappointed, would not recommend.",1,07/14/2021,C58927,Pat Martins,,23
P5458-101,Sports,Adjustable Dumbbell Set,"Very disappointed, would not recommend.",1,03/01/2020,C58763,chris dubois,5982 NU,24
P5929-185,Beauty,Nourishing Hair Mask,"Very disappointed, would not recommend.",1,2021-11-22,C52523,C. Smith,3488,34
P2600-957,Beauty,Nourishing Hair Mask,Good product overall with minor issues.,4,09/02/2024,C70667,taylor smith,5855,40
P7190-214,Electronics,Fitness Smartwatch,"Average experience, nothing special.",3,2024-11-11,C16616,PAT MARTINS,1894,21
P8259-723,Books,Personal Finance Basics,Good product overall with minor issues.,4,13/10/2023,C22336,Sam  Hernandez,7005-67,23
P5442-730,Electronics,USB-C Fast Charger,Good product overall with minor issues.,4,2024-08-21,C29605,casey de vries,09406,41
P8459-456,Electronics,4K Ultra HD Smart TV,,5,"Apr 05, 2022",C80502,Pat  Brown,5155-33,68
P6455-704,Home & Kitchen,Electric Kettle,"Average experience, nothing special.",3,2020-02-02,C35480,Taylor  Martins,03480,35
P3990-400,Electronics,Fitness Smartwatch,Good product overall with minor issues.,4,"Sep 23, 2021",C25600,TAYLOR DUBOIS,6342,30
P9825-187,Beauty,Nourishing Hair Mask,"Not very satisfied, has several problems.",2,29 Aug 2020,C18222,Chris  Johnson,02221,43
P5288-161,Sports,Cycling Helmet,"Average experience, nothing special.",3,"Oct 29, 2023",C59592,TAYLOR LEE,04924,53
P3630-544,Groceries,Organic Almond Butter,"Great quality, very happy with this purchase.",5,2023-05-06,C85297,SAM MARTINS,9739 EO,40
P6051-980,Clothing,Waterproof Hiking Jacket,"Very disappointed, would not recommend.",1,28 May 2022,C60952,,08644,20
P6646-667,Electronics,Fitness Smartwatch,"Not very satisfied, has several problems.",2,27 Jul 2021,C71164,chris dubois,2813-49,70
P1110-134,Clothing,Waterproof Hiking Jacket,"Not very satisfied, has several problems.",2,30/04/2020,C81371,Robin Garcia,9231 IF,44
P3495-802,Books,Thriller Novel,"Average experience, nothing special.",3,06/04/2023,C71373,P. Lee,02647,36
P3232-981,Electronics,Wireless Noise-Cancelling Headphones,Good product overall with minor issues.,4,20/04/2021,C91626,Sam  Brown,08967,42
P7074-370,Books,Cookbook: Easy Weeknight Meals,"Not very satisfied, has several problems.",2,11/22/2023,C33833,Jamie  Taylor,1068,35
P9940-881,Office,Wireless Mouse,"Average experience, nothing special.",3,24/01/2022,C36841,ROBIN GARCIA,04534,39
P5114-815,Electronics,4K Ultra HD Smart TV,"Not very satisfied, has several problems.",2,15 Jul 2020,C55801,Robin Hernandez,6339-31,40
P9572-145,Beauty,Daily SPF 50 Sunscreen,"Average experience, nothing special.",3,"May 20, 2024",C48352,Alex Dubois,9864,36
P8008-997,Sports,Yoga Mat,"Not very satisfied, has several problems.",2,14 Jul 2023,C76406,robin taylor,9578,29
P8539-482,Electronics,USB-C Fast Charger,"Very disappointed, would not recommend.",1,2020-05-10,C27783,Robin Smith,4523-22,24
P7904-316,Beauty,Gentle Face Cleanser,Good product overall with minor issues.,4,02/07/2020,C87347,Casey  De  Vries,9601,24
P3458-770,Electronics,4K Ultra HD Smart TV,"Not very satisfied, has several problems.",2,"Sep 11, 2023",C53266,Robin Garcia,8974-59,34
P4367-903,Electronics,Fitness Smartwatch,Not very user-friendly and the instructions were unclear. Wouldn’t buy again.,2,29-04-2024,C98684,Jordan  Brown,7334,39
P5308-448,Books,Thriller Novel,"Very disappointed, would not recommend.",1,16-03-2020,C79373,T. De Vries,3308,43
P2733-868,Home & Kitchen,Electric Kettle,"Very disappointed, would not recommend.",1,17-05-2021,C93096,alex garcia,06456,58
P6228-272,Electronics,4K Ultra HD Smart TV,"Great quality, very happy with this purchase.",5,"Dec 18, 2022",C98488,,9503-13,27
P1420-350,Pet Supplies,Cat Litter Odor Control,Good product overall with minor issues.,4,2022-11-13,C53737,morgan de vries,5456,19
P7826-317,Clothing,Running Sneakers,"Great quality, very happy with this purchase.",5,19/05/2024,C19523,C. Johnson,9262,41
P7157-624,Office,Mechanical Keyboard,"Average experience, nothing special.",3,2020-12-27,C82894,Alex Johnson,8741 FT,32
P1938-234,Clothing,Slim Fit Jeans,"Not very satisfied, has several problems.",2,06/08/2020,C58427,Taylor  Taylor,7076,24
P9616-657,Electronics,Bluetooth Portable Speaker,"Great quality, very happy with this purchase.",5,2020-07-07,C90089,Sam  Smith,1398-24,29
P4690-199,Electronics,Bluetooth Portable Speaker,"Very disappointed, would not recommend.",1,2020-02-08,C96351,SAM GARCIA,7503-31,42
P2490-952,Groceries,Dark Chocolate Bar,"Great quality, very happy with this purchase.",5,2021-09-30,C63006,Robin  Smith,01992,18
P9115-246,Clothing,Running Sneakers,Good product overall with minor issues.,4,2020-11-16,C47006,C. Smith,1117 GW,56
P6332-169,Electronics,4K Ultra HD Smart TV,"Very disappointed, would not recommend.",1,"Oct 01, 2021",C25665,ROBIN TAYLOR,06950,20
P3454-400,Electronics,Fitness Smartwatch,"Very disappointed, would not recommend.",1,09/05/2022,C86586,P. De Vries,03891,35
P7289-330,Books,Thriller Novel,"Great quality, very happy with this purchase.",5,11-01-2022,C39004,Casey  Johnson,9263,42
P9511-346,Sports,Running Shorts,"Very disappointed, would not recommend.",1,02-07-2021,C12331,taylor hernandez,7064-56,34
P1348-243,Sports,Foam Roller,"Not very satisfied, has several problems.",2,2020-12-12,C54262,PAT JOHNSON,01597,
P8972-884,Toys,Building Block Set,"Average experience, nothing special.",3,07-03-2020,C25726,casey brown,8560 LZ,37
P4215-850,Clothing,Waterproof Hiking Jacket,"Great quality, very happy with this purchase.",5,12-10-2023,C80507,M. Dubois,3697,20
P4727-391,Home & Kitchen,Stainless Steel Knife Block,Good product overall with minor issues.,4,02/10/2022,C72446,casey martins,7336 XH,53
P5840-445,Groceries,Extra Virgin Olive Oil,"Not very satisfied, has several problems.",2,05/11/2020,C58261,Chris Smith,1834,45
P3215-930,Clothing,Waterproof Hiking Jacket,Good product overall with minor issues.,4,09/11/2023,C36624,PAT JOHNSON,01406,69
P4245-528,Clothing,Slim Fit Jeans,"Very disappointed, would not recommend.",1,06/19/2022,C62163,M. Lee,9209-64,47
P4083-360,Pet Supplies,Grain-Free Dog Food,Performance is inconsistent and that’s annoying.,2,10-07-2020,C34472,Morgan Smith,6675 CP,26
P3698-666,Books,Sci-Fi Adventure,"Very disappointed, would not recommend.",1,01/07/2022,C37693,C. Martins,2692,78
P7271-391,Electronics,Wireless Noise-Cancelling Headphones,Would give zero stars if I could. Returned it immediately.,1,22 Jul 2021,C72850,Pat  Lee,6826 KB,36
P3543-464,Home & Kitchen,Air Purifier,Good product overall with minor issues.,4,2024-12-12,C85884,Sam  De  Vries,1135,35
P1183-352,Beauty,Matte Liquid Lipstick,"Not very satisfied, has several problems.",2,09 Oct 2023,C63661,CHRIS HERNANDEZ,3001-82,46
P4190-115,Groceries,Gluten-Free Pasta,Good product overall with minor issues.,4,28/09/2022,C97915,Morgan Taylor,04719,25
P3015-852,Beauty,Hydrating Face Serum,"Very disappointed, would not recommend.",1,2021-11-03,C23310,CASEY DUBOIS,6799-47,70
P5050-622,Office,Mechanical Keyboard,Good product overall with minor issues.,4,23-06-2024,C82391,JORDAN TAYLOR,06200,40
P4712-268,Electronics,USB-C Fast Charger,Good product overall with minor issues.,4,23/03/2021,C39931,ROBIN SMITH,02291,71
P6049-295,Home & Kitchen,Memory Foam Pillow,"Very disappointed, would not recommend.",1,07-07-2022,C40235,S. Hernandez,8273 WR,38
P5391-290,Toys,Educational Puzzle Game,"Not very satisfied, has several problems.",2,26 May 2022,C42814,taylor dubois,1741,77
P3341-523,Sports,Running Shorts,"Very disappointed, would not recommend.",1,2020-05-13,C47611,Robin Martins,3794,39
P6717-912,Home & Kitchen,Stainless Steel Knife Block,Good product overall with minor issues.,4,11/18/2024,C35427,J. Johnson,09386,37
P5399-328,Clothing,Wool Winter Scarf,"Great quality, very happy with this purchase.",5,2021-02-02,C74674,Robin De Vries,1102 LP,59
P9504-642,Groceries,Organic Almond Butter,"Very disappointed, would not recommend.",1,27 Dec 2024,C44681,J. De Vries,1618-95,34
P5297-809,Electronics,4K Ultra HD Smart TV,Good product overall with minor issues.,4,"Mar 10, 2020",C66876,taylor johnson,04197,31
P6560-106,Office,Mechanical Keyboard,"Not very satisfied, has several problems.",2,07 Jan 2020,C40127,JORDAN HERNANDEZ,2325 PN,30
P8783-764,Home & Kitchen,Memory Foam Pillow,"Not very satisfied, has several problems.",2,23 Dec 2024,C73882,Morgan  Johnson,6960 GV,36
P1841-767,Clothing,Running Sneakers,"Not very satisfied, has several problems.",2,"May 15, 2021",C72070,Morgan  Dubois,03531,25
P5066-701,Electronics,Wireless Noise-Cancelling Headphones,"Very disappointed, would not recommend.",1,04-05-2022,C32758,M. De Vries,08278,42
P4011-906,Books,Thriller Novel,Good product overall with minor issues.,4,"Aug 16, 2023",C74905,Chris  Lee,3996-16,42
P4980-894,Clothing,Slim Fit Jeans,"Not very satisfied, has several problems.",2,28-03-2020,C49388,MORGAN MARTINS,2400 ZV,24
P5578-494,Electronics,Fitness Smartwatch,Good product overall with minor issues.,4,2020-03-17,C20152,Sam De Vries,1014 OD,66
P7597-290,Home & Kitchen,Stainless Steel Knife Block,"Not very satisfied, has several problems.",2,29-07-2024,C82896,Pat  Johnson,4626-26,59
P2085-822,Beauty,Daily SPF 50 Sunscreen,"Not very satisfied, has several problems.",2,"Apr 14, 2022",C86300,alex martins,8774 WN,33
P7823-899,Home & Kitchen,Stainless Steel Knife Block,"Very disappointed, would not recommend.",1,"Oct 28, 2024",C39023,Chris  Dubois,9125-56,44
P4143-550,Pet Supplies,Pet Grooming Brush,"Average experience, nothing special.",3,"Oct 01, 2021",C31783,Taylor Hernandez,7182,33
P9471-277,Electronics,USB-C Fast Charger,,5,"Nov 12, 2021",C19387,P. Johnson,4836 NG,54
P5185-192,Home & Kitchen,Electric Kettle,"Not very satisfied, has several problems.",2,"Jun 14, 2022",C81948,A. De Vries,6223 DA,
P4391-739,Sports,Foam Roller,"Not very satisfied, has several problems.",2,2023-10-21,C91589,JORDAN SMITH,8716-85,36
P9543-487,Home & Kitchen,Stainless Steel Knife Block,"Not very satisfied, has several problems.",2,23/07/2023,C11409,R. Smith,7460,20
P1108-897,Electronics,USB-C Fast Charger,"Very disappointed, would not recommend.",1,08-03-2024,C25261,P. Johnson,4173-66,25
P9360-186,Beauty,Hydrating Face Serum,"Average experience, nothing special.",3,12/03/2021,C60733,casey dubois,6446-56,25
P9954-261,Electronics,Fitness Smartwatch,"Average experience, nothing special.",3,30 May 2023,C67047,casey martins,01822,48
P7865-328,Beauty,Matte Liquid Lipstick,"Average experience, nothing special.",3,14-12-2022,C23801,SAM MARTINS,4950-88,30
P4529-171,Beauty,Daily SPF 50 Sunscreen,"Not very satisfied, has several problems.",2,22/06/2020,C52407,C. Dubois,1500-70,37
P7866-456,Electronics,4K Ultra HD Smart TV,Good product overall with minor issues.,4,"Nov 03, 2024",C67941,JAMIE GARCIA,1861 HM,40
P3172-377,Beauty,Matte Liquid Lipstick,"Great quality, very happy with this purchase.",5,23-02-2022,C20428,Casey  Martins,6381-84,65
P5551-405,Books,Sci-Fi Adventure,"Not very satisfied, has several problems.",2,20 Feb 2023,C59423,Casey  Dubois,5568-40,57
P1133-631,Books,Sci-Fi Adventure,Good product overall with minor issues.,4,27-11-2022,C20317,Jordan  Johnson,4921 BX,54
P3256-470,Clothing,Running Sneakers,"Average experience, nothing special.",3,07/12/2021,C72969,MORGAN MARTINS,6473 UF,33
P7255-916,Electronics,Bluetooth Portable Speaker,"Very disappointed, would not recommend.",1,,C83249,alex taylor,9572-87,45
P1481-208,Sports,Cycling Helmet,"Not very satisfied, has several problems.",2,25 Mar 2023,C38245,Casey Brown,7450-67,21
P8903-168,Sports,Running Shorts,"Great quality, very happy with this purchase.",5,05/04/2022,C67624,MORGAN MARTINS,4808-81,42
P9449-531,Home & Kitchen,Air Purifier,"Average experience, nothing special.",3,"Feb 25, 2020",C61970,Chris  Lee,8413,37
P2690-235,Beauty,Daily SPF 50 Sunscreen,"Very disappointed, would not recommend.",1,29-08-2023,C16343,Morgan Smith,,33
P6822-352,Electronics,Wireless Noise-Cancelling Headphones,Good product overall with minor issues.,4,2021-10-20,C56516,Pat  De  Vries,07861,27
P5462-225,Toys,Building Block Set,"Average experience, nothing special.",3,29-07-2023,C44981,Sam  Dubois,7836-21,50
P4706-344,Electronics,4K Ultra HD Smart TV,"Average experience, nothing special.",3,"Jun 11, 2022",C30275,Alex  Johnson,5202-67,37
P1869-848,Toys,Remote Control Car,Good product overall with minor issues.,4,2021-07-30,C90335,A. Smith,03571,40
P7683-477,Home & Kitchen,Memory Foam Pillow,"Not very satisfied, has several problems.",2,03/10/2021,C66102,chris garcia,2041,46
P5959-791,Electronics,Bluetooth Portable Speaker,"Very disappointed, would not recommend.",1,"Jun 04, 2020",C77241,C. Brown,9358-24,23
P8041-228,Toys,Remote Control Car,"Great quality, very happy with this purchase.",5,30-09-2023,C94740,A. Dubois,9375,54
P8589-788,Home & Kitchen,Non-Stick Frying Pan Set,"Average experience, nothing special.",3,2023-06-20,C51588,A. Garcia,9776-27,46
P7578-731,Electronics,Wireless Noise-Cancelling Headphones,"Very disappointed, would not recommend.",1,17 Sep 2023,C24240,Jamie Hernandez,,39
P5100-377,Home & Kitchen,Memory Foam Pillow,"Not very satisfied, has several problems.",2,2023-01-25,C43315,Alex  Smith,3701-36,36
P1441-969,Groceries,Whole Bean Coffee,"Very disappointed, would not recommend.",1,05/06/2021,C92896,T. Brown,3606-28,35
P9273-408,Office,Wireless Mouse,"Great quality, very happy with this purchase.",5,10/16/2022,C55232,R. De Vries,04759,54
P9961-550,Clothing,Running Sneakers,,5,"Jan 17, 2021",C11982,Casey  Garcia,9351,31
P9562-399,Beauty,Gentle Face Cleanser,Good product overall with minor issues.,4,28 Mar 2024,C12323,,7873,37
P8327-465,Books,Sci-Fi Adventure,"Great quality, very happy with this purchase.",5,07/14/2022,C65810,Jamie  Garcia,5488,20
P1747-358,Beauty,Matte Liquid Lipstick,Good product overall with minor issues.,4,"Jun 12, 2024",C70648,Jordan  Taylor,7535-78,40
P1213-798,Groceries,Gluten-Free Pasta,Good product overall with minor issues.,4,27 Apr 2021,C14260,Casey  Taylor,2272 NB,38
P7513-600,Electronics,4K Ultra HD Smart TV,"Not very satisfied, has several problems.",2,04 Jun 2023,C19439,Pat Hernandez,5139-65,37
P3997-553,Books,Cookbook: Easy Weeknight Meals,"Average experience, nothing special.",3,05/10/2022,C57925,Alex Dubois,02661,43
P1084-177,Sports,Yoga Mat,Good product overall with minor issues.,4,12 Jun 2020,C38993,sam johnson,1765,70
P7189-124,Pet Supplies,Pet Grooming Brush,"Average experience, nothing special.",3,"Oct 30, 2020",C40820,Jamie  Martins,4477,73
P8046-565,Toys,Building Block Set,"Not very satisfied, has several problems.",2,03-10-2022,C91075,sam johnson,9902,30
P2715-771,Toys,Building Block Set,"Very disappointed, would not recommend.",1,2022-07-23,C61210,J. Dubois,08021,36
P6246-748,Home & Kitchen,Electric Kettle,"Great quality, very happy with this purchase.",5,16 Mar 2024,C74120,Casey Johnson,1339-89,51
P1704-650,Home & Kitchen,Memory Foam Pillow,,1,08/14/2021,C35375,JORDAN TAYLOR,9922,46
P8113-924,Clothing,Slim Fit Jeans,"Average experience, nothing special.",3,05 Jun 2024,C37604,Alex Johnson,3835-84,33
P1863-297,Toys,Educational Puzzle Game,"Average experience, nothing special.",3,04/11/2022,C32744,J. Dubois,6295,80
P5230-666,Books,Productivity Guidebook,"Very disappointed, would not recommend.",1,01 Jan 2023,C66261,JAMIE JOHNSON,07018,32
P3187-555,Electronics,Wireless Noise-Cancelling Headphones,"Very disappointed, would not recommend.",1,09-12-2023,C10103,Casey De Vries,8436-64,72
P1204-562,Clothing,Organic Cotton T-Shirt,"Very disappointed, would not recommend.",1,"Mar 19, 2022",C94512,Pat  Lee,6032,32
P4043-451,Beauty,Daily SPF 50 Sunscreen,"Not very satisfied, has several problems.",2,12-10-2021,C59785,Morgan Hernandez,09049,19
P5082-772,Home & Kitchen,Memory Foam Pillow,Good product overall with minor issues.,4,2024-02-23,C57408,Sam  Garcia,06193,25
P6753-759,Clothing,Organic Cotton T-Shirt,"Very disappointed, would not recommend.",1,"Jun 25, 2023",C97481,taylor brown,6029 PE,43
P4770-923,Beauty,Matte Liquid Lipstick,"Great quality, very happy with this purchase.",5,05/03/2024,C68442,ALEX DUBOIS,1014-95,29
P4034-660,Sports,Running Shorts,"Great quality, very happy with this purchase.",5,06/27/2020,C63559,P. Smith,4162,78
P4355-517,Home & Kitchen,Air Purifier,"Not very satisfied, has several problems.",2,20-10-2021,C78459,R. Dubois,5076 EJ,69
P1337-732,Sports,Adjustable Dumbbell Set,Good product overall with minor issues.,4,08-08-2021,C88997,taylor brown,04870,25
P1663-669,Beauty,Gentle Face Cleanser,"Average experience, nothing special.",3,12/14/2021,C30232,Pat  Brown,4370,19
P4652-372,Clothing,Running Sneakers,"Very disappointed, would not recommend.",1,2021-06-08,C43070,Jordan  Dubois,3983-26,44
P2182-572,Electronics,Bluetooth Portable Speaker,,1,05/21/2021,C28819,morgan lee,8442,55
P8941-525,Beauty,Hydrating Face Serum,Good product overall with minor issues.,4,"Oct 01, 2021",C49074,Jamie  Taylor,5091,26
P5196-471,Beauty,Matte Liquid Lipstick,"Not very satisfied, has several problems.",2,"Aug 10, 2021",C60711,Alex Taylor,5068 PN,56
P2635-399,Beauty,Hydrating Face Serum,Good product overall with minor issues.,4,05/11/2024,C96567,Jamie Brown,9297-40,71
P2203-238,Electronics,USB-C Fast Charger,Good product overall with minor issues.,4,30 Sep 2022,C58662,Alex  Dubois,8541 KJ,41
P8387-388,Toys,Building Block Set,"Average experience, nothing special.",3,"Sep 25, 2022",C43083,ALEX DE VRIES,4150,24
P7374-433,Home & Kitchen,Non-Stick Frying Pan Set,"Great quality, very happy with this purchase.",5,03/13/2024,C13912,SAM GARCIA,8141 XU,26
P3121-637,Home & Kitchen,Electric Kettle,"Very disappointed, would not recommend.",1,11/12/2020,C60440,CHRIS MARTINS,7783,25
P1113-815,Books,Productivity Guidebook,"Not very satisfied, has several problems.",2,2020-01-01,C35574,ROBIN DE VRIES,7509-71,49
P7948-684,Groceries,Organic Almond Butter,"Not very satisfied, has several problems.",2,06/12/2020,C87374,Robin Martins,7415,27
P8443-851,Clothing,Slim Fit Jeans,"Not very satisfied, has several problems.",2,23 Jun 2023,C87902,J. Brown,7699,32
P8984-760,Groceries,Dark Chocolate Bar,"Average experience, nothing special.",3,06/15/2023,C21592,ALEX HERNANDEZ,4763-56,41
P9448-935,Home & Kitchen,Memory Foam Pillow,"Great quality, very happy with this purchase.",5,18-07-2020,C25328,S. Garcia,9369 TE,38
P7707-188,Beauty,Gentle Face Cleanser,"Average experience, nothing special.",3,"Jan 13, 2024",C17484,CASEY LEE,08667,50
P5502-436,Sports,Yoga Mat,"Average experience, nothing special.",3,2023-01-13,C83718,Casey  Johnson,03649,41
P7895-288,Books,Thriller Novel,"Great quality, very happy with this purchase.",5,"May 16, 2024",C55428,Morgan Smith,09081,62
P4445-880,Groceries,Gluten-Free Pasta,"Average experience, nothing special.",3,07/03/2022,C96192,casey brown,7121-63,
P3092-899,Beauty,Hydrating Face Serum,"Not very satisfied, has several problems.",2,17/02/2022,C34540,J. Hernandez,5676-96,29
P6050-811,Clothing,Slim Fit Jeans,"Average experience, nothing special.",3,18-05-2024,C63426,chris de vries,9732 SN,34
P8505-495,Clothing,Waterproof Hiking Jacket,"Not very satisfied, has several problems.",2,21 Apr 2020,C53686,R. Brown,1485-22,23
P9272-114,Home & Kitchen,Non-Stick Frying Pan Set,"Average experience, nothing special.",3,26/12/2024,C41697,Pat Lee,09879,67
P8089-668,Clothing,Slim Fit Jeans,"Not very satisfied, has several problems.",2,23-10-2022,C68893,chris garcia,06437,37
P8814-637,Office,Desk Organizer,"Not very satisfied, has several problems.",2,09-09-2023,C76866,robin johnson,1840,33
P5350-750,Clothing,Slim Fit Jeans,"Great quality, very happy with this purchase.",5,08/09/2021,C47571,jamie lee,06389,31
P7453-763,Clothing,Wool Winter Scarf,"Very disappointed, would not recommend.",1,"Feb 09, 2021",C57706,casey garcia,5577,28
P8569-836,Beauty,Nourishing Hair Mask,"Very disappointed, would not recommend.",1,"Jun 14, 2020",C88642,MORGAN SMITH,5169-34,45
P5325-658,Electronics,Wireless Noise-Cancelling Headphones,"Great quality, very happy with this purchase.",5,"Jan 06, 2020",C89116,SAM DUBOIS,5231,33
P9736-696,Clothing,Wool Winter Scarf,"Not very satisfied, has several problems.",2,"Jan 04, 2024",C61244,J. De Vries,8526 XK,26
P1594-755,Sports,Running Shorts,"Very disappointed, would not recommend.",1,10/26/2024,C18491,SAM MARTINS,06219,26
P9810-880,Home & Kitchen,Stainless Steel Knife Block,Good product overall with minor issues.,4,"May 17, 2022",C84092,Jamie  Brown,2482,32
P2787-275,Books,Cookbook: Easy Weeknight Meals,"Not very satisfied, has several problems.",2,15 Apr 2024,C52963,casey brown,07058,30
P5423-889,Office,A4 Printer Paper,"Not very satisfied, has several problems.",2,2021-11-12,C47092,Casey  Brown,7744,26
P1728-489,Clothing,Organic Cotton T-Shirt,"Very disappointed, would not recommend.",1,18 May 2024,C60838,taylor lee,4401 NA,37
P9966-779,Clothing,Slim Fit Jeans,Good product overall with minor issues.,4,18/03/2020,C22404,chris johnson,4731-22,31
P6958-273,Beauty,Gentle Face Cleanser,Good product overall with minor issues.,4,15 Apr 2020,C28574,taylor garcia,8710,26
P2259-218,Electronics,USB-C Fast Charger,"Not very satisfied, has several problems.",2,2023-06-09,C50102,Jordan Martins,4559-82,55
P9299-603,Electronics,Wireless Noise-Cancelling Headphones,"Very disappointed, would not recommend.",1,03/20/2024,C97114,taylor taylor,6860 QL,27
P7382-693,Clothing,Wool Winter Scarf,"Great quality, very happy with this purchase.",5,2020-03-27,C57129,Robin Taylor,4316-10,29
P1429-205,Clothing,Waterproof Hiking Jacket,Good product overall with minor issues.,4,07/11/2024,C31668,Morgan Hernandez,2163-49,31
P7516-430,Beauty,Hydrating Face Serum,"Great quality, very happy with this purchase.",5,"Mar 23, 2022",C27441,SAM TAYLOR,3976,26
P2650-856,Groceries,Extra Virgin Olive Oil,"Not very satisfied, has several problems.",2,20/02/2022,C20293,Jamie Lee,3408-29,28
P5416-102,Office,Ergonomic Office Chair,"Not very satisfied, has several problems.",2,07/26/2023,C49052,sam brown,3559,29
P3806-657,Electronics,Fitness Smartwatch,"Not very satisfied, has several problems.",2,26 Jun 2021,C18044,Casey  Dubois,4822 YF,57
P5502-517,Sports,Foam Roller,,4,26-06-2024,C80432,Casey  Dubois,6945,33
P7172-156,Home & Kitchen,Memory Foam Pillow,"Not very satisfied, has several problems.",2,20/09/2022,C53825,Pat Dubois,3684 PX,67
P8452-300,Books,Personal Finance Basics,"Great quality, very happy with this purchase.",5,27 Jan 2024,C49416,TAYLOR DE VRIES,5577 TF,30
P3893-839,Clothing,Waterproof Hiking Jacket,"Not very satisfied, has several problems.",2,03/21/2021,C13663,Pat  Brown,1449-47,62
P4039-704,Home & Kitchen,Memory Foam Pillow,"Not very satisfied, has several problems.",2,05/30/2021,C98519,A. De Vries,04612,36
P5560-215,Electronics,USB-C Fast Charger,"Average experience, nothing special.",3,02/06/2021,C40708,Taylor  De  Vries,6983-20,45
P6661-160,Clothing,Wool Winter Scarf,"Great quality, very happy with this purchase.",5,03/12/2023,C72521,SAM TAYLOR,4130,42
P8477-391,Toys,Plush Teddy Bear,Good product overall with minor issues.,4,12 Jan 2024,C32044,casey johnson,05089,73
P1011-864,Toys,Plush Teddy Bear,"Not very satisfied, has several problems.",2,12/11/2021,C58363,J. Johnson,2017-57,38
P1428-904,Clothing,Wool Winter Scarf,"Great quality, very happy with this purchase.",5,08/21/2024,C51035,casey martins,1580,33
P6245-377,Electronics,USB-C Fast Charger,"Not very satisfied, has several problems.",2,14-10-2020,C48657,Taylor Lee,4403 LE,23
P5054-766,Pet Supplies,Pet Grooming Brush,"Very disappointed, would not recommend.",1,21 Jun 2023,C20227,Sam Brown,03677,53
P5759-388,Books,Personal Finance Basics,"Not very satisfied, has several problems.",2,02-11-2022,C40507,Alex Dubois,1490 CX,27
P7418-720,Sports,Cycling Helmet,"Average experience, nothing special.",3,2020-09-20,C51035,casey martins,1580,33
P2011-549,Electronics,Wireless Noise-Cancelling Headphones,"Not very satisfied, has several problems.",2,01/12/2023,C48461,Casey Brown,05640,38
P4390-176,Beauty,Daily SPF 50 Sunscreen,"Very disappointed, would not recommend.",1,06/27/2024,C11223,taylor johnson,09555,26
P5339-634,Electronics,Wireless Noise-Cancelling Headphones,"Not very satisfied, has several problems.",2,2021-12-08,C12755,CASEY GARCIA,3155-70,29
P8117-278,Electronics,Wireless Noise-Cancelling Headphones,Good product overall with minor issues.,4,2024-09-28,C58468,casey taylor,1585 UN,61
P9139-304,Home & Kitchen,Non-Stick Frying Pan Set,Good product overall with minor issues.,4,01/06/2020,C53642,alex lee,2716 NI,36
P5925-120,Sports,Adjustable Dumbbell Set,"Great quality, very happy with this purchase.",5,25-11-2022,C14519,C. Martins,3102 HH,28
P2611-891,Toys,Family Board Game,"Average experience, nothing special.",3,2024-05-01,C22404,chris johnson,4731-22,31
P3223-777,Office,Desk Organizer,"Not very satisfied, has several problems.",2,"Nov 23, 2022",C50095,J. Garcia,05208,20
P8851-348,Home & Kitchen,Memory Foam Pillow,"Great quality, very happy with this purchase.",5,24-12-2023,C61604,Pat  Lee,2360,30
P9072-582,Electronics,USB-C Fast Charger,Good product overall with minor issues.,4,"Jun 18, 2023",C60516,Robin  Dubois,1189 QW,20
P4129-860,Beauty,Matte Liquid Lipstick,"Very disappointed, would not recommend.",1,28-12-2021,C17177,M. Brown,8082 WM,45
P7248-759,Sports,Adjustable Dumbbell Set,Good product overall with minor issues.,4,28 Apr 2020,C64850,C. Martins,2432-12,25
P7407-595,Pet Supplies,Cat Litter Odor Control,"Not very satisfied, has several problems.",2,31-03-2024,C98011,morgan johnson,3965,36
P7406-819,Home & Kitchen,Electric Kettle,Good product overall with minor issues.,4,09-08-2023,C54612,Chris  Smith,01434,26
P9274-949,Home & Kitchen,Air Purifier,"Very disappointed, would not recommend.",1,12/20/2021,C48665,Jordan  Johnson,5717-26,38
P1693-550,Pet Supplies,Pet Grooming Brush,Good product overall with minor issues.,4,"Jul 07, 2020",C60838,taylor lee,4401 NA,37
P1235-342,Clothing,Waterproof Hiking Jacket,"Not very satisfied, has several problems.",2,2024-09-11,C46579,Casey Johnson,8835 KL,26
P6806-760,Electronics,USB-C Fast Charger,"Not very satisfied, has several problems.",2,"Dec 29, 2020",C80566,taylor de vries,4241-17,40
P6324-176,Home & Kitchen,Memory Foam Pillow,"Average experience, nothing special.",3,05/23/2021,C74723,Jordan  Taylor,3238 QD,39
P1050-355,Groceries,Organic Almond Butter,"Not very satisfied, has several problems.",2,2024-06-30,C41369,Jordan Johnson,7635,45
P7530-186,Electronics,USB-C Fast Charger,"Great quality, very happy with this purchase.",5,07-02-2020,C44174,Jordan Lee,1786 ZS,37
P3166-541,Clothing,Running Sneakers,"Very disappointed, would not recommend.",1,02/08/2020,C94958,A. Brown,01316,34
P6194-492,Beauty,Gentle Face Cleanser,"Great quality, very happy with this purchase.",5,04-11-2022,C91888,Casey Taylor,8369-55,44
P5975-361,Clothing,Waterproof Hiking Jacket,"Not very satisfied, has several problems.",2,07 Feb 2024,C97769,robin taylor,01606,22
P2715-641,Clothing,Slim Fit Jeans,"Not very satisfied, has several problems.",2,09/01/2023,C85029,ALEX SMITH,03718,35
P2824-873,Electronics,4K Ultra HD Smart TV,Good product overall with minor issues.,4,04-10-2022,C78556,CASEY MARTINS,1323 NK,44
P3142-873,Clothing,Wool Winter Scarf,"Great quality, very happy with this purchase.",5,"Mar 23, 2021",C42839,A. Lee,6517,43
P1371-635,Office,A4 Printer Paper,"Very disappointed, would not recommend.",1,06/11/2021,C61288,A. Brown,7626-38,42
P2710-732,Clothing,Running Sneakers,"Very disappointed, would not recommend.",1,06/18/2024,C75036,Morgan Martins,2240 QW,52
P5120-455,Books,Thriller Novel,"Average experience, nothing special.",3,2024-03-23,C36122,Robin  De  Vries,05985,54
P4276-709,Toys,Building Block Set,"Average experience, nothing special.",3,,C69204,JAMIE DE VRIES,9952,39
P6221-595,Sports,Adjustable Dumbbell Set,Good product overall with minor issues.,4,2023-12-31,C61440,robin taylor,7374,33
P6177-547,Sports,Adjustable Dumbbell Set,Good product overall with minor issues.,4,2023-12-22,C76624,S. Lee,7825 KC,30
P7406-130,Clothing,Waterproof Hiking Jacket,"Very disappointed, would not recommend.",1,05 Oct 2022,C21268,casey martins,1986,49
P3071-556,Pet Supplies,Cat Litter Odor Control,"Great quality, very happy with this purchase.",5,25 May 2021,C82988,Robin  Dubois,6381 EH,40
P9711-763,Groceries,Whole Bean Coffee,"Not very satisfied, has several problems.",2,05/06/2022,C94524,PAT GARCIA,4649-58,37
P9358-874,Home & Kitchen,Stainless Steel Knife Block,"Great quality, very happy with this purchase.",5,"May 20, 2021",C91287,chris garcia,05888,26
P9262-997,Groceries,Gluten-Free Pasta,"Not very satisfied, has several problems.",2,03 Jun 2023,C11464,J. De Vries,8675 WT,39
P8384-164,Groceries,Dark Chocolate Bar,"Average experience, nothing special.",3,24 Apr 2024,C45575,JORDAN TAYLOR,8637-40,34
P9775-883,Office,Mechanical Keyboard,"Very disappointed, would not recommend.",1,09 Sep 2021,C78833,P. Hernandez,01766,31
P2697-214,Clothing,Running Sneakers,"Average experience, nothing special.",3,"Jul 01, 2022",C72970,morgan johnson,7662,19
P4235-164,Sports,Running Shorts,"Average experience, nothing special.",3,11 Feb 2020,C38246,J. Hernandez,2922 NY,58
P8856-502,Sports,Running Shorts,"Not very satisfied, has several problems.",2,2024-02-17,C33613,Jordan  Dubois,3971,42
P9500-781,Electronics,Bluetooth Portable Speaker,"Great quality, very happy with this purchase.",5,05-01-2022,C53775,robin de vries,3826,29
P8233-344,Sports,Adjustable Dumbbell Set,"Average experience, nothing special.",3,11/29/2021,C56448,PAT JOHNSON,7581-58,75
P3961-167,Home & Kitchen,Memory Foam Pillow,"Great quality, very happy with this purchase.",5,"Aug 19, 2020",C68276,Jamie Hernandez,8388-65,38
P6123-349,Toys,Remote Control Car,"Great quality, very happy with this purchase.",5,06/02/2021,C48795,sam garcia,1132-56,30
P2130-399,Clothing,Waterproof Hiking Jacket,"Great quality, very happy with this purchase.",5,20 Apr 2023,C84821,ROBIN DUBOIS,02561,36
P4545-437,Electronics,Bluetooth Portable Speaker,"Average experience, nothing special.",3,29-01-2022,C35293,P. Dubois,09447,68
P9319-997,Beauty,Daily SPF 50 Sunscreen,"Very disappointed, would not recommend.",1,03 Mar 2020,C35426,Sam Martins,04160,57
P3296-874,Electronics,Fitness Smartwatch,"Very disappointed, would not recommend.",1,"Jul 02, 2020",C44911,Robin Lee,6590,60
P2546-241,Electronics,Wireless Noise-Cancelling Headphones,"Very disappointed, would not recommend.",1,"Mar 17, 2021",C87600,CASEY DE VRIES,1670,24
P2288-545,Clothing,Running Sneakers,"Great quality, very happy with this purchase.",5,2024-03-20,C60888,Morgan Smith,1624 AA,20
P2941-939,Beauty,Matte Liquid Lipstick,"Average experience, nothing special.",3,08/03/2021,C56887,ROBIN LEE,02677,36
P2765-710,Books,Personal Finance Basics,Good product overall with minor issues.,4,"Sep 21, 2024",C16185,casey johnson,5797,55
P4342-905,Books,Sci-Fi Adventure,,4,"Feb 21, 2020",C19768,PAT DE VRIES,2345 VG,74
P9075-312,Office,Mechanical Keyboard,"Not very satisfied, has several problems.",2,2020-04-30,C64270,alex johnson,6484,45
P9958-859,Pet Supplies,Pet Grooming Brush,"Great quality, very happy with this purchase.",5,17 Aug 2023,C80713,Alex Lee,9117,42
P3670-834,Books,Thriller Novel,"Average experience, nothing special.",3,03/05/2020,C93705,ROBIN LEE,4356 SD,52
P6902-258,Clothing,Organic Cotton T-Shirt,"Very disappointed, would not recommend.",1,11/05/2022,C59641,morgan smith,04098,25
P6315-595,Home & Kitchen,Air Purifier,"Great quality, very happy with this purchase.",5,07/06/2024,C81346,Alex  Taylor,4511 GY,26
P2008-567,Clothing,Slim Fit Jeans,,3,01-12-2022,C20176,Taylor Lee,06719,33
P9098-999,Beauty,Hydrating Face Serum,"Very disappointed, would not recommend.",1,2020-01-05,C77463,C. Lee,02788,49
P3710-425,Books,Cookbook: Easy Weeknight Meals,"Average experience, nothing special.",3,15/12/2024,C60487,Sam Garcia,8067,29
P1959-726,Clothing,Organic Cotton T-Shirt,"Not very satisfied, has several problems.",2,16/09/2023,C72446,casey martins,7336 XH,53
P4836-261,Groceries,Dark Chocolate Bar,"Average experience, nothing special.",3,16 Mar 2024,C53753,CASEY HERNANDEZ,5526 MV,70
P7765-831,Electronics,USB-C Fast Charger,,5,"Sep 03, 2021",C89223,PAT HERNANDEZ,9346 OM,30
P7251-445,Electronics,USB-C Fast Charger,"Average experience, nothing special.",3,05-07-2023,C42209,Sam  Taylor,4148 JD,34
P1913-421,Home & Kitchen,Air Purifier,"Not very satisfied, has several problems.",2,15 Nov 2022,C84894,A. Garcia,7016,53
P3934-187,Pet Supplies,Cat Litter Odor Control,"Very disappointed, would not recommend.",1,"Dec 04, 2023",C71192,Jordan Johnson,07106,72
P6507-193,Electronics,Bluetooth Portable Speaker,"Great quality, very happy with this purchase.",5,"Sep 30, 2021",C58241,Sam  Hernandez,05043,28
P9761-161,Pet Supplies,Cat Scratching Post,"Not very satisfied, has several problems.",2,16/02/2020,C94351,robin brown,02742,33
P2748-397,Office,Wireless Mouse,"Average experience, nothing special.",3,09-04-2024,C58910,Robin Garcia,4054-42,43
P2853-315,Electronics,Wireless Noise-Cancelling Headphones,"Very disappointed, would not recommend.",1,30-07-2021,C50295,sam johnson,08618,25
P1385-776,Groceries,Extra Virgin Olive Oil,"Not very satisfied, has several problems.",2,2022-05-25,C83841,R. Martins,08750,59
P6696-115,Electronics,4K Ultra HD Smart TV,Good product overall with minor issues.,4,16-11-2023,C91019,Casey  Martins,08327,43
P6147-148,Groceries,Extra Virgin Olive Oil,"Average experience, nothing special.",3,24/07/2023,C29346,P. Martins,3756-22,40
P3332-231,Electronics,Bluetooth Portable Speaker,"Average experience, nothing special.",3,13 Mar 2023,C95058,S. Taylor,2404-39,38
P6036-794,Groceries,Extra Virgin Olive Oil,"Average experience, nothing special.",3,02-12-2024,C15199,ROBIN JOHNSON,9635-84,27
P9105-220,Books,Thriller Novel,"Average experience, nothing special.",3,08/18/2023,C77604,PAT SMITH,5938,30
P4383-556,Sports,Foam Roller,"Very disappointed, would not recommend.",1,07/21/2024,C82276,Robin Garcia,09505,39
P1804-161,Beauty,Daily SPF 50 Sunscreen,"Not very satisfied, has several problems.",2,10-02-2024,C76710,CASEY LEE,6027-66,51
P2912-222,Toys,Plush Teddy Bear,"Great quality, very happy with this purchase.",5,2022-12-09,C78954,S. Dubois,4608 OO,38
P2676-755,Home & Kitchen,Memory Foam Pillow,"Great quality, very happy with this purchase.",5,"Aug 25, 2024",C76026,C. Martins,2513,56
P6628-777,Books,Cookbook: Easy Weeknight Meals,Good product overall with minor issues.,4,08-05-2023,C13918,R. Hernandez,1999 OU,34
P5295-206,Clothing,Organic Cotton T-Shirt,"Not very satisfied, has several problems.",2,22/08/2022,C87037,S. Johnson,6855 WE,36
P5730-749,Electronics,USB-C Fast Charger,"Great quality, very happy with this purchase.",5,28-12-2021,C95207,Pat Lee,5418,41
P7648-142,Electronics,Bluetooth Portable Speaker,Good product overall with minor issues.,4,27-11-2020,C18087,Jamie  Lee,7871,32
P6611-499,Electronics,Fitness Smartwatch,"Great quality, very happy with this purchase.",5,03/02/2021,C50306,taylor smith,2290,27
P9863-632,Electronics,Bluetooth Portable Speaker,"Average experience, nothing special.",3,12 Jul 2021,C38497,Pat  Lee,5331,61
P5873-159,Clothing,Organic Cotton T-Shirt,Good product overall with minor issues.,4,21/10/2020,C22660,C. Johnson,8639 TM,30
P5431-282,Pet Supplies,Cat Scratching Post,"Not very satisfied, has several problems.",2,08-03-2020,C47591,T. Johnson,1741-68,29
P7557-598,Clothing,Slim Fit Jeans,"Average experience, nothing special.",3,"Dec 02, 2020",C14322,J. Dubois,08719,31
P3820-803,Home & Kitchen,Stainless Steel Knife Block,"Great quality, very happy with this purchase.",5,04/11/2020,C57724,sam brown,9090 IJ,45
P7713-135,Clothing,Waterproof Hiking Jacket,"Average experience, nothing special.",3,2024-09-24,C32192,pat johnson,7003 JE,32
P2268-859,Home & Kitchen,Electric Kettle,Good product overall with minor issues.,4,08 Jun 2023,C50877,ROBIN MARTINS,3438-64,56
P3735-732,Clothing,Organic Cotton T-Shirt,Good product overall with minor issues.,4,2022-07-27,C36946,C. Martins,3758,30
P5818-650,Toys,Building Block Set,"Average experience, nothing special.",3,2024-11-21,C61505,Chris  Garcia,4827,43
P2167-878,Beauty,Nourishing Hair Mask,"Very disappointed, would not recommend.",1,06-06-2020,C24949,S. Garcia,03807,43
P6704-352,Toys,Educational Puzzle Game,"Great quality, very happy with this purchase.",5,2021-06-10,C53299,ROBIN MARTINS,7639 PF,33
P8143-543,Groceries,Whole Bean Coffee,"Very disappointed, would not recommend.",1,"Oct 20, 2022",C40788,Jordan  Smith,4186 GM,18
P1386-655,Clothing,Wool Winter Scarf,"Very disappointed, would not recommend.",1,"Sep 12, 2022",C54027,TAYLOR SMITH,4054-72,61
P1584-340,Electronics,4K Ultra HD Smart TV,"Not very satisfied, has several problems.",2,2022-07-15,C99419,Jamie Taylor,5729 FP,19
P6369-366,Books,Sci-Fi Adventure,"Not very satisfied, has several problems.",2,18-10-2022,C26510,C. Taylor,5039-83,22
P6662-726,Clothing,Wool Winter Scarf,"Great quality, very happy with this purchase.",5,02 Aug 2020,C64584,JAMIE DE VRIES,9293-13,42
P5950-437,Clothing,Waterproof Hiking Jacket,"Not very satisfied, has several problems.",2,15-01-2021,C43946,Sam  Martins,03193,60
P2578-501,Electronics,Wireless Noise-Cancelling Headphones,"Great quality, very happy with this purchase.",5,"Nov 06, 2024",C34366,casey dubois,2582,55
P6324-999,Electronics,Bluetooth Portable Speaker,"Very disappointed, would not recommend.",1,05/04/2021,C65849,Alex Garcia,6303-92,37
P1062-564,Electronics,4K Ultra HD Smart TV,"Not very satisfied, has several problems.",2,30 Jan 2021,C86408,jamie de vries,7547 LB,51
P8505-855,Electronics,USB-C Fast Charger,Good product overall with minor issues.,4,08/21/2023,C91089,Casey Johnson,7211-62,37
P2706-967,Beauty,Daily SPF 50 Sunscreen,"Average experience, nothing special.",3,25-04-2021,C45248,Taylor Lee,05862,19
P3377-201,Home & Kitchen,Memory Foam Pillow,"Not very satisfied, has several problems.",2,10/24/2023,C37259,Pat  Johnson,1359 PU,38
P1462-338,Beauty,Gentle Face Cleanser,"Average experience, nothing special.",3,27/06/2022,C47298,Casey Hernandez,5869-50,33
P9292-853,Books,Productivity Guidebook,"Not very satisfied, has several problems.",2,26/04/2021,C13197,jordan garcia,6285,38
P2056-489,Clothing,Organic Cotton T-Shirt,"Not very satisfied, has several problems.",2,09/07/2024,C44234,R. Johnson,5267-37,41
P3410-133,Books,Thriller Novel,Good product overall with minor issues.,4,09/01/2023,C94537,casey lee,1680,34
P9425-187,Electronics,Fitness Smartwatch,Good product overall with minor issues.,4,02/03/2024,C48448,CASEY HERNANDEZ,5955 XN,31
P2339-541,Beauty,Nourishing Hair Mask,"Very disappointed, would not recommend.",1,2022-05-29,C41589,T. Dubois,8931-98,21
P4921-923,Sports,Cycling Helmet,"Very disappointed, would not recommend.",1,2020-12-22,C79290,Casey Lee,07354,44
P2067-730,Electronics,4K Ultra HD Smart TV,,1,13-08-2023,C82345,R. Garcia,07309,33
P8422-442,Home & Kitchen,Non-Stick Frying Pan Set,"Average experience, nothing special.",3,2024-06-24,C23475,pat johnson,04833,53
P7851-938,Home & Kitchen,Electric Kettle,"Great quality, very happy with this purchase.",5,2023-07-18,C21667,jordan brown,02012,38
P4110-218,Sports,Adjustable Dumbbell Set,"Not very satisfied, has several problems.",2,"Oct 31, 2020",C66033,robin de vries,6057,36
P9385-501,Home & Kitchen,Stainless Steel Knife Block,"Great quality, very happy with this purchase.",5,30/10/2020,C94823,Jordan  Taylor,7668,41
P6453-455,Groceries,Gluten-Free Pasta,"Not very satisfied, has several problems.",2,05/25/2023,C16246,Pat  Hernandez,06519,53
P6464-433,Beauty,Gentle Face Cleanser,"Average experience, nothing special.",3,05-09-2020,C90772,JORDAN TAYLOR,2944 CL,26
P9103-367,Pet Supplies,Dog Chew Toy,"Very disappointed, would not recommend.",1,2021-09-25,C58503,S. Dubois,8622-12,33
P9003-428,Office,A4 Printer Paper,"Very disappointed, would not recommend.",1,28 Sep 2023,C22208,Robin Garcia,9756 NG,35
P8989-273,Groceries,Organic Almond Butter,"Not very satisfied, has several problems.",2,28-07-2021,C80513,M. Smith,04453,58
P3351-942,Electronics,Wireless Noise-Cancelling Headphones,"Average experience, nothing special.",3,29 Jun 2020,C13719,Alex  Brown,6831,47
P7064-429,Books,Cookbook: Easy Weeknight Meals,"Not very satisfied, has several problems.",2,07-05-2021,C91006,A. Lee,9102 WY,37
P9913-414,Toys,Educational Puzzle Game,Good product overall with minor issues.,4,2021-12-02,C15510,Taylor  Lee,01869,31
P1672-306,Beauty,Daily SPF 50 Sunscreen,"Average experience, nothing special.",3,01 Aug 2023,C48097,J. Dubois,4185,52
P9962-836,Pet Supplies,Grain-Free Dog Food,"Not very satisfied, has several problems.",2,2024-08-30,C79640,Sam Johnson,1276-95,30
P1446-657,Clothing,Organic Cotton T-Shirt,"Very disappointed, would not recommend.",1,11/11/2020,C83021,Taylor Martins,8858-96,36
P4100-457,Beauty,Hydrating Face Serum,"Average experience, nothing special.",3,17-05-2024,C78599,Pat  Taylor,7424,23
P2233-367,Electronics,Bluetooth Portable Speaker,"Average experience, nothing special.",3,"Jan 21, 2020",C97584,Alex  Smith,4791,31
P6570-341,Home & Kitchen,Memory Foam Pillow,"Great quality, very happy with this purchase.",5,2023-08-02,C85884,Sam  De  Vries,1135,35
P5841-653,Home & Kitchen,Memory Foam Pillow,"Very disappointed, would not recommend.",1,25/10/2024,C85560,Pat  Martins,3806,42
P6080-410,Electronics,Bluetooth Portable Speaker,,3,02/01/2023,C28507,alex dubois,7003,59
P1895-237,Clothing,Wool Winter Scarf,,3,05/11/2024,C92197,casey de vries,2219,66
P1897-253,Clothing,Organic Cotton T-Shirt,"Great quality, very happy with this purchase.",5,18/07/2022,C68726,Chris Garcia,2874,26
P1378-915,Sports,Adjustable Dumbbell Set,"Not very satisfied, has several problems.",2,11/20/2020,C43905,Taylor  Dubois,5430 JB,43
P3627-201,Clothing,Running Sneakers,"Not very satisfied, has several problems.",2,03/14/2021,C55563,M. Brown,7021-54,27
P5979-995,Books,Sci-Fi Adventure,"Average experience, nothing special.",3,06/02/2020,C37268,Robin Martins,8403-32,38
P6867-779,Clothing,Running Sneakers,"Average experience, nothing special.",3,18-10-2023,C10586,Chris  Johnson,6985-16,44
P6128-731,Home & Kitchen,Non-Stick Frying Pan Set,"Not very satisfied, has several problems.",2,11/23/2024,C69817,Alex Lee,7959 TP,46
P4610-619,Toys,Plush Teddy Bear,"Not very satisfied, has several problems.",2,10/30/2022,C91526,morgan de vries,03749,
P3587-284,Beauty,Hydrating Face Serum,"Average experience, nothing special.",3,2020-12-23,C39388,MORGAN SMITH,5615 ME,21
P2500-422,Home & Kitchen,Electric Kettle,"Very disappointed, would not recommend.",1,26 Sep 2020,C53097,J. Garcia,04938,32
P2090-543,Books,Sci-Fi Adventure,"Great quality, very happy with this purchase.",5,12/12/2021,C94558,CASEY GARCIA,08757,29
P8495-355,Home & Kitchen,Air Purifier,"Very disappointed, would not recommend.",1,2020-09-07,C89591,pat taylor,01417,48
P2671-733,Home & Kitchen,Electric Kettle,Good product overall with minor issues.,4,08/21/2023,C99117,Chris  Taylor,2719 CR,29
P5465-272,Home & Kitchen,Air Purifier,"Very disappointed, would not recommend.",1,03 Feb 2020,C12188,Morgan Lee,9416,58
P6092-222,Home & Kitchen,Stainless Steel Knife Block,"Average experience, nothing special.",3,2024-12-21,C85204,taylor dubois,8335-10,75
P7942-701,Beauty,Hydrating Face Serum,"Average experience, nothing special.",3,18/08/2020,C23182,sam de vries,4358 TK,72
P3152-239,Beauty,Gentle Face Cleanser,Good product overall with minor issues.,4,11 May 2023,C86401,Casey  Lee,5754,27
P3917-609,Electronics,Fitness Smartwatch,Good product overall with minor issues.,4,2020-09-11,C34316,jordan smith,4505,42
P7287-697,Home & Kitchen,Air Purifier,"Very disappointed, would not recommend.",1,15-11-2021,C44199,Casey Lee,6670-94,31
P8758-823,Electronics,Fitness Smartwatch,"Great quality, very happy with this purchase.",5,2022-10-16,C61288,A. Brown,7626-38,42
P8753-724,Sports,Adjustable Dumbbell Set,"Average experience, nothing special.",3,01 Dec 2024,C37323,taylor johnson,3726 UO,39
P9354-596,Clothing,Slim Fit Jeans,"Great quality, very happy with this purchase.",5,2023-08-15,C18990,TAYLOR BROWN,1827-28,26
P9436-894,Electronics,USB-C Fast Charger,"Great quality, very happy with this purchase.",5,19-07-2020,C86825,CHRIS DUBOIS,1563-28,55
P3180-381,Clothing,Slim Fit Jeans,"Very disappointed, would not recommend.",1,2022-10-18,C80670,taylor johnson,09064,26
P2488-609,Books,Cookbook: Easy Weeknight Meals,"Not very satisfied, has several problems.",2,01/04/2021,C78230,Jamie  Taylor,3675-16,35
P7619-279,Home & Kitchen,Stainless Steel Knife Block,"Very disappointed, would not recommend.",1,08-07-2020,C11139,ALEX MARTINS,9423,29
P4491-498,Beauty,Daily SPF 50 Sunscreen,"Not very satisfied, has several problems.",2,"Aug 23, 2024",C87969,P. Brown,6472-97,21
P7176-654,Home & Kitchen,Air Purifier,"Great quality, very happy with this purchase.",5,2021-10-30,C83848,jamie de vries,5203 VX,44
P5107-905,Electronics,USB-C Fast Charger,"Average experience, nothing special.",3,14 Sep 2020,C98918,Alex Lee,3118 QB,51
P5932-364,Home & Kitchen,Stainless Steel Knife Block,"Average experience, nothing special.",3,11 May 2022,C73568,JORDAN DE VRIES,05790,29
P4757-125,Home & Kitchen,Non-Stick Frying Pan Set,"Average experience, nothing special.",3,2021-05-02,C83151,JORDAN BROWN,2604,44
P8230-855,Clothing,Slim Fit Jeans,"Very disappointed, would not recommend.",1,01/11/2022,C31394,JORDAN JOHNSON,6199-10,51
P3395-144,Groceries,Extra Virgin Olive Oil,Good product overall with minor issues.,4,2021-09-01,C55290,TAYLOR DUBOIS,1851-40,44
P7108-263,Clothing,Slim Fit Jeans,"Very disappointed, would not recommend.",1,"Jan 02, 2020",C79395,taylor dubois,9946-32,68
P1998-670,Home & Kitchen,Non-Stick Frying Pan Set,"Great quality, very happy with this purchase.",5,"Dec 10, 2021",C85815,Morgan  Johnson,2633-87,50
P7745-361,Toys,Building Block Set,"Not very satisfied, has several problems.",2,14 Feb 2021,C95971,CHRIS GARCIA,6057,39
P4534-289,Toys,Family Board Game,"Average experience, nothing special.",3,10/30/2020,C92135,A. Smith,02327,75
P3796-413,Beauty,Nourishing Hair Mask,"Average experience, nothing special.",3,"Sep 10, 2022",C85082,ALEX DUBOIS,3217,72
P5969-971,Electronics,4K Ultra HD Smart TV,"Very disappointed, would not recommend.",1,"Mar 11, 2023",C96382,S. Dubois,5603 TL,26
P2396-192,Groceries,Whole Bean Coffee,"Great quality, very happy with this purchase.",5,07-08-2022,C56771,Jamie  Martins,1923-78,36
P4641-199,Electronics,4K Ultra HD Smart TV,Good product overall with minor issues.,4,10/08/2020,C58220,Jamie Smith,1316,24
P9989-376,Clothing,Slim Fit Jeans,Good product overall with minor issues.,4,2023-08-01,C81668,Jordan  Garcia,7363,30
P3197-438,Office,A4 Printer Paper,"Very disappointed, would not recommend.",1,10/07/2020,C78327,Alex Taylor,2416,32
P6741-263,Sports,Adjustable Dumbbell Set,"Not very satisfied, has several problems.",2,25/03/2023,C61552,Chris  Lee,4646-65,54
P3597-953,Home & Kitchen,Stainless Steel Knife Block,"Not very satisfied, has several problems.",2,22/06/2022,C43506,Pat  Martins,07291,38
P6494-270,Electronics,Bluetooth Portable Speaker,"Not very satisfied, has several problems.",2,25 Aug 2021,C15666,C. Hernandez,5271-28,44
P1655-811,Pet Supplies,Cat Litter Odor Control,"Not very satisfied, has several problems.",2,"Aug 17, 2021",C39113,Jamie  Johnson,3012 KH,22
P5586-931,Pet Supplies,Dog Chew Toy,"Not very satisfied, has several problems.",2,2021-06-06,C83249,taylor dubois,6455 AG,64
P7813-957,Electronics,Fitness Smartwatch,"Great quality, very happy with this purchase.",5,"Feb 24, 2020",C41583,C. De Vries,7049-74,52
P8915-366,Clothing,Wool Winter Scarf,"Not very satisfied, has several problems.",2,16 Dec 2021,C31236,C. Smith,5968,40
P9560-982,Home & Kitchen,Electric Kettle,Good product overall with minor issues.,4,30-06-2024,C51607,T. Smith,2752 AR,21
P4644-795,Toys,Family Board Game,"Not very satisfied, has several problems.",2,07/03/2024,C19309,Casey  Hernandez,8604 GO,18
P4121-425,Groceries,Extra Virgin Olive Oil,"Very disappointed, would not recommend.",1,"Jun 29, 2024",C55988,robin smith,3967,57
P8903-261,Home & Kitchen,Non-Stick Frying Pan Set,"Great quality, very happy with this purchase.",5,29 Aug 2024,C96215,Alex  Taylor,06375,43
P1652-172,Groceries,Gluten-Free Pasta,"Very disappointed, would not recommend.",1,2022-07-23,C14438,TAYLOR DUBOIS,8535,39
P7818-921,Office,Ergonomic Office Chair,"Great quality, very happy with this purchase.",5,15/06/2024,C89903,sam dubois,1775,37
P1901-164,Books,Personal Finance Basics,"Great quality, very happy with this purchase.",5,17/03/2021,C98550,P. Martins,02168,25
P2642-106,Electronics,Wireless Noise-Cancelling Headphones,"Not very satisfied, has several problems.",2,16/03/2024,C95674,Taylor De Vries,06224,26
P1585-224,Electronics,Wireless Noise-Cancelling Headphones,"Very disappointed, would not recommend.",1,"Apr 08, 2024",C59650,C. Taylor,2833,39
P5995-181,Electronics,Fitness Smartwatch,"Very disappointed, would not recommend.",1,08-06-2024,C33523,M. Brown,6944,29
P2778-164,Clothing,Slim Fit Jeans,Good product overall with minor issues.,4,10/02/2020,C43185,jordan hernandez,6354,33
P5315-751,Toys,Remote Control Car,"Great quality, very happy with this purchase.",5,04/13/2020,C55257,CASEY GARCIA,3795 IU,58
P8252-609,Home & Kitchen,Air Purifier,,1,24 Sep 2024,C30137,ALEX BROWN,02476,49
P5588-414,Toys,Plush Teddy Bear,"Great quality, very happy with this purchase.",5,16/12/2024,C74119,Morgan  Smith,04199,34
P3861-681,Groceries,Extra Virgin Olive Oil,Good product overall with minor issues.,4,05 Mar 2020,C89781,Pat Lee,2148-91,40
P9226-969,Office,Mechanical Keyboard,"Average experience, nothing special.",3,02/09/2024,C55111,R. Dubois,2933,23
P9538-969,Home & Kitchen,Memory Foam Pillow,Good product overall with minor issues.,4,25/04/2024,C93471,R. Lee,2961-63,80
P3098-611,Books,Cookbook: Easy Weeknight Meals,"Average experience, nothing special.",3,"Apr 22, 2024",C47963,pat lee,05507,25
P5815-467,Home & Kitchen,Air Purifier,"Not very satisfied, has several problems.",2,"Feb 08, 2023",C38190,sam taylor,06454,37
P6977-888,Office,A4 Printer Paper,Good product overall with minor issues.,4,10/05/2023,C93151,Sam Smith,4622-88,28
P8486-593,Electronics,Bluetooth Portable Speaker,"Very disappointed, would not recommend.",1,07/22/2020,C25099,J. Garcia,9656,29
P7635-445,Home & Kitchen,Electric Kettle,"Very disappointed, would not recommend.",1,2023-03-27,C88661,ROBIN GARCIA,8195-87,49
P1498-759,Toys,Building Block Set,"Great quality, very happy with this purchase.",5,10/16/2024,C11983,Alex  Brown,4691,37
P3836-491,Books,Sci-Fi Adventure,"Not very satisfied, has several problems.",2,03-12-2020,C64680,TAYLOR JOHNSON,5038,35
P5360-970,Electronics,Wireless Noise-Cancelling Headphones,"Not very satisfied, has several problems.",2,03 Jun 2022,C27567,CASEY TAYLOR,07166,23
P2036-522,Groceries,Dark Chocolate Bar,Good product overall with minor issues.,4,07 Sep 2021,C80807,Casey Garcia,1837 JV,32
P3653-767,Pet Supplies,Cat Litter Odor Control,"Average experience, nothing special.",3,"Nov 14, 2021",C83914,Morgan  Hernandez,4066-46,34
P7544-221,Home & Kitchen,Air Purifier,"Very disappointed, would not recommend.",1,07-04-2024,C52168,jordan garcia,01513,44
P4881-680,Toys,Educational Puzzle Game,"Average experience, nothing special.",3,28/06/2024,C11100,A. Brown,6754-86,30
P2728-279,Beauty,Matte Liquid Lipstick,"Average experience, nothing special.",3,11/19/2020,C74159,alex johnson,02556,39
P3889-227,Electronics,Bluetooth Portable Speaker,"Average experience, nothing special.",3,06/26/2020,C50504,Jordan  Taylor,9972 OC,44
P5564-651,Electronics,Bluetooth Portable Speaker,"Not very satisfied, has several problems.",2,08-11-2021,C73426,Taylor  Hernandez,,48
P8792-671,Books,Sci-Fi Adventure,"Average experience, nothing special.",3,09 Nov 2020,C73099,chris johnson,07504,46
P2701-800,Clothing,Wool Winter Scarf,"Not very satisfied, has several problems.",2,"Feb 09, 2024",C61876,Morgan  Garcia,5510 NJ,19
P6114-129,Beauty,Daily SPF 50 Sunscreen,"Not very satisfied, has several problems.",2,03 Mar 2022,C23026,morgan smith,01160,58
P2457-537,Electronics,Fitness Smartwatch,"Average experience, nothing special.",3,2022-03-28,C18104,R. Taylor,9446-20,54
P5788-901,Electronics,USB-C Fast Charger,"Average experience, nothing special.",3,26 Jul 2024,C69077,Robin Dubois,02984,38
P4287-875,Electronics,4K Ultra HD Smart TV,"Not very satisfied, has several problems.",2,12/18/2024,C41748,PAT TAYLOR,08483,41
P1380-567,Groceries,Gluten-Free Pasta,Good product overall with minor issues.,4,25-05-2022,C67883,M. De Vries,07872,56
P7895-625,Clothing,Organic Cotton T-Shirt,"Great quality, very happy with this purchase.",5,04/19/2022,C37418,S. Martins,5172 DU,47
P9434-964,Clothing,Waterproof Hiking Jacket,"Not very satisfied, has several problems.",2,"Oct 13, 2021",C60826,ALEX SMITH,02101,45
P3377-588,Electronics,4K Ultra HD Smart TV,"Very disappointed, would not recommend.",1,2023-03-05,C85458,Taylor De Vries,,44
P8480-531,Clothing,Waterproof Hiking Jacket,"Very disappointed, would not recommend.",1,"Jul 29, 2020",C48795,sam garcia,1132-56,30
P2417-441,Electronics,Fitness Smartwatch,"Not very satisfied, has several problems.",2,"Nov 06, 2023",C32027,Morgan Johnson,7614-53,47
P5030-218,Toys,Remote Control Car,"Not very satisfied, has several problems.",2,29/10/2021,C74082,P. Brown,6646 HP,36
P2806-492,Clothing,Waterproof Hiking Jacket,"Not very satisfied, has several problems.",2,2023-05-05,C71446,jamie garcia,4183 RC,19
P6098-706,Electronics,USB-C Fast Charger,Good product overall with minor issues.,4,27 Sep 2024,C67799,chris dubois,5845 KJ,49
P2732-876,Books,Thriller Novel,"Not very satisfied, has several problems.",2,11/06/2021,C74173,Robin Lee,6756,55
P7850-734,Beauty,Daily SPF 50 Sunscreen,"Great quality, very happy with this purchase.",5,28 May 2022,C81501,robin lee,9060,30
P5319-984,Sports,Adjustable Dumbbell Set,"Very disappointed, would not recommend.",1,22-02-2020,C70126,S. Hernandez,8299 ML,30
P4819-319,Groceries,Dark Chocolate Bar,Good product overall with minor issues.,4,21 Jun 2022,C43544,JORDAN JOHNSON,5127,28
P1576-737,Electronics,Bluetooth Portable Speaker,"Not very satisfied, has several problems.",2,17 Nov 2021,C34009,Robin Johnson,8956,49
P6892-198,Clothing,Running Sneakers,"Great quality, very happy with this purchase.",5,30-06-2021,C76612,Robin  Hernandez,09996,41
P2621-399,Books,Productivity Guidebook,"Great quality, very happy with this purchase.",5,26-06-2020,C88855,JORDAN MARTINS,1887-85,50
P3177-880,Groceries,Whole Bean Coffee,Good product overall with minor issues.,4,"Oct 05, 2023",C61443,Morgan  Martins,9604 AA,37
P2536-198,Pet Supplies,Dog Chew Toy,"Average experience, nothing special.",3,26/03/2024,C66987,Sam Brown,7278,27
P5624-714,Electronics,Fitness Smartwatch,"Average experience, nothing special.",3,02-09-2022,C72551,taylor brown,2038,52
P3696-873,Beauty,Gentle Face Cleanser,"Great quality, very happy with this purchase.",5,2022-09-05,C51594,Taylor De Vries,9892 CE,59
P7619-868,Home & Kitchen,Stainless Steel Knife Block,"Very disappointed, would not recommend.",1,28 Jul 2021,C25793,Chris Taylor,09390,54
P3920-991,Home & Kitchen,Non-Stick Frying Pan Set,"Very disappointed, would not recommend.",1,"Mar 06, 2020",C85625,ALEX LEE,1483-45,39
P2271-309,Sports,Adjustable Dumbbell Set,"Average experience, nothing special.",3,31 Jul 2024,C44690,SAM DUBOIS,04287,40
P3661-965,Groceries,Extra Virgin Olive Oil,"Very disappointed, would not recommend.",1,04-04-2024,C71479,C. Lee,3910,21
P6522-120,Groceries,Extra Virgin Olive Oil,Good product overall with minor issues.,4,"Nov 01, 2023",C20509,taylor brown,01989,53
P7494-501,Beauty,Hydrating Face Serum,"Not very satisfied, has several problems.",2,2022-09-12,C73469,alex martins,9704-65,58
P2581-792,Sports,Running Shorts,Good product overall with minor issues.,4,08/09/2020,C25022,Alex  Smith,08878,42
P9019-752,Sports,Yoga Mat,"Very disappointed, would not recommend.",1,03/01/2020,C67482,,5532 FO,34
P7882-901,Clothing,Organic Cotton T-Shirt,"Average experience, nothing special.",3,05/17/2022,C50306,C. Johnson,9855 UX,20
P3313-270,Electronics,4K Ultra HD Smart TV,Good product overall with minor issues.,4,06-02-2023,C13359,taylor dubois,09046,54
P7857-394,Books,Cookbook: Easy Weeknight Meals,"Not very satisfied, has several problems.",2,"Feb 06, 2020",C68559,C. Lee,2829 BR,52
P6012-870,Electronics,USB-C Fast Charger,"Not very satisfied, has several problems.",2,11/18/2023,C10396,Casey Lee,6164 XU,52
P9049-548,Electronics,Bluetooth Portable Speaker,Good product overall with minor issues.,4,05/01/2020,C29951,Morgan  Smith,2151,35
P4920-712,Books,Sci-Fi Adventure,"Great quality, very happy with this purchase.",5,12-09-2024,C89042,T. Taylor,4327,31
P9672-253,Clothing,Wool Winter Scarf,"Average experience, nothing special.",3,2022-11-16,C37576,Morgan Martins,2679-58,29
P8863-656,Beauty,Matte Liquid Lipstick,Good product overall with minor issues.,4,21 Apr 2021,C27441,J. Hernandez,1410 QI,80
P6748-158,Groceries,Dark Chocolate Bar,"Great quality, very happy with this purchase.",5,19-03-2022,C30219,PAT MARTINS,2444-67,39
P8899-177,Beauty,Matte Liquid Lipstick,"Great quality, very happy with this purchase.",5,"May 18, 2020",C62166,Pat De Vries,2681,42
P4531-808,Home & Kitchen,Stainless Steel Knife Block,Good product overall with minor issues.,4,2021-07-28,C30687,jordan brown,01906,33
P2819-728,Books,Sci-Fi Adventure,"Great quality, very happy with this purchase.",5,14-08-2024,C20624,Taylor  Brown,1351 LP,39
P6288-135,Clothing,Wool Winter Scarf,"Very disappointed, would not recommend.",1,10/08/2022,C98722,Jordan  Taylor,06814,18
P3638-902,Beauty,Gentle Face Cleanser,"Average experience, nothing special.",3,08/13/2023,C52825,J. Lee,06086,32
P7253-961,Toys,Educational Puzzle Game,"Average experience, nothing special.",3,"Jun 20, 2023",C18060,R. Dubois,8284 EF,38
P1559-110,Pet Supplies,Cat Scratching Post,"Not very satisfied, has several problems.",2,2022-10-14,C53376,Chris Hernandez,9968-82,58
P8158-810,Office,A4 Printer Paper,"Great quality, very happy with this purchase.",5,"May 13, 2021",C51835,jamie lee,07182,48
P1104-155,Electronics,Bluetooth Portable Speaker,"Very disappointed, would not recommend.",1,"Apr 04, 2022",C90973,jamie garcia,6675-38,23
P3973-230,Home & Kitchen,Memory Foam Pillow,"Very disappointed, would not recommend.",1,13 Sep 2021,C90613,J. Lee,04105,56
P2296-424,Electronics,Fitness Smartwatch,Good product overall with minor issues.,4,04/10/2023,C15451,robin smith,08132,45
P9501-972,Electronics,4K Ultra HD Smart TV,Good product overall with minor issues.,4,2021-08-19,C75862,Jamie  Johnson,4125-97,44
P7496-238,Groceries,Dark Chocolate Bar,"Great quality, very happy with this purchase.",5,26/03/2023,C65779,Jamie Lee,1408-24,43
P4109-861,Clothing,Organic Cotton T-Shirt,"Very disappointed, would not recommend.",1,2023-03-15,C10244,Jordan Smith,1578,60
P2113-661,Clothing,Waterproof Hiking Jacket,"Average experience, nothing special.",3,2021-07-11,C41694,morgan martins,6043 TY,40
P1605-444,Home & Kitchen,Electric Kettle,Good product overall with minor issues.,4,18/02/2022,C16199,Chris Martins,6058 MD,28
P7467-743,Home & Kitchen,Electric Kettle,"Average experience, nothing special.",3,26-10-2024,C17247,Chris Smith,1341-56,59
P2576-716,Books,Thriller Novel,"Average experience, nothing special.",3,09/25/2022,C29918,CASEY HERNANDEZ,4124 EC,57
P2167-882,Toys,Plush Teddy Bear,"Average experience, nothing special.",3,01/18/2021,C39868,SAM JOHNSON,1805,49
P1121-726,Home & Kitchen,Memory Foam Pillow,"Great quality, very happy with this purchase.",5,2021-05-13,C58495,Sam  Taylor,1214,31
P7433-523,Clothing,Running Sneakers,"Great quality, very happy with this purchase.",5,10 Mar 2020,C53733,MORGAN SMITH,6903-83,51
P5416-326,Electronics,Bluetooth Portable Speaker,"Great quality, very happy with this purchase.",5,10 Nov 2023,C53649,ROBIN DE VRIES,1808-68,53
P6694-785,Clothing,Organic Cotton T-Shirt,"Very disappointed, would not recommend.",1,08/27/2021,C22144,casey hernandez,2810 BA,21
P6139-783,Books,Cookbook: Easy Weeknight Meals,"Average experience, nothing special.",3,26 Apr 2021,C38813,Robin  Dubois,06907,22
P2675-954,Electronics,Fitness Smartwatch,Good product overall with minor issues.,4,05/01/2021,C45307,M. Lee,02764,34
P7128-869,Books,Productivity Guidebook,"Not very satisfied, has several problems.",2,2021-02-15,C20756,T. Johnson,4227 DD,61
P8300-274,Toys,Educational Puzzle Game,"Not very satisfied, has several problems.",2,"Apr 09, 2021",C24449,ROBIN MARTINS,07673,20
P2968-320,Home & Kitchen,Memory Foam Pillow,"Average experience, nothing special.",3,26 Nov 2023,C49899,Alex  De  Vries,8323 OG,49
P1910-494,Clothing,Wool Winter Scarf,"Very disappointed, would not recommend.",1,03/11/2022,C44411,SAM GARCIA,9290,35
P8077-342,Pet Supplies,Pet Grooming Brush,"Average experience, nothing special.",3,01/25/2023,C76060,taylor hernandez,01592,33
P2921-411,Clothing,Wool Winter Scarf,"Average experience, nothing special.",3,28/10/2021,C74520,CHRIS BROWN,6888 DI,28
P9482-376,Electronics,USB-C Fast Charger,"Very disappointed, would not recommend.",1,"Jan 22, 2024",C76173,Jordan Brown,4018 XC,37
P2673-772,Books,Personal Finance Basics,"Average experience, nothing special.",3,2021-12-07,C56980,Jamie  Lee,6884 YG,31
P1812-647,Sports,Foam Roller,"Average experience, nothing special.",3,"May 09, 2021",C18989,pat de vries,3292-31,61
P5108-448,Pet Supplies,Dog Chew Toy,"Very disappointed, would not recommend.",1,2021-04-28,C59500,alex lee,03037,47
P3272-927,Toys,Educational Puzzle Game,Good product overall with minor issues.,4,10/01/2021,C75043,T. Martins,6308,19
P6363-963,Home & Kitchen,Memory Foam Pillow,"Not very satisfied, has several problems.",2,02-12-2020,C96101,Chris  Lee,1858-54,22
P8116-403,Beauty,Gentle Face Cleanser,"Not very satisfied, has several problems.",2,2022-05-11,C18117,Alex  Hernandez,8510,25
P2128-722,Clothing,Organic Cotton T-Shirt,"Great quality, very happy with this purchase.",5,2024-10-16,C66912,chris martins,1809-30,54
P3740-293,Beauty,Matte Liquid Lipstick,"Great quality, very happy with this purchase.",5,15/06/2021,C70620,CASEY HERNANDEZ,6229-48,42
P5436-737,Home & Kitchen,Air Purifier,Good product overall with minor issues.,4,07/27/2022,C51246,Jamie  Brown,09406,55
P4443-182,Sports,Yoga Mat,"Very disappointed, would not recommend.",1,09/06/2020,C56840,PAT GARCIA,5001,47
P3925-175,Toys,Remote Control Car,"Average experience, nothing special.",3,11 Aug 2021,C54013,J. Garcia,8439 QQ,52
P4524-136,Electronics,Bluetooth Portable Speaker,"Great quality, very happy with this purchase.",5,21/10/2024,C42623,Chris Brown,6766,34
P3484-866,Books,Sci-Fi Adventure,"Average experience, nothing special.",3,2022-08-21,C72367,Chris Martins,01281,47
P6541-472,Electronics,Fitness Smartwatch,"Very disappointed, would not recommend.",1,2021-01-01,C64725,casey de vries,4129,33
P2864-402,Electronics,4K Ultra HD Smart TV,"Average experience, nothing special.",3,16/10/2021,C23946,chris smith,3042-60,39
P2645-313,Electronics,Bluetooth Portable Speaker,"Not very satisfied, has several problems.",2,"May 15, 2022",C35649,SAM MARTINS,6821-63,46
P8281-184,Electronics,Bluetooth Portable Speaker,"Great quality, very happy with this purchase.",5,20/07/2022,C81852,jamie garcia,6546,78
P6402-539,Electronics,4K Ultra HD Smart TV,,3,14 Feb 2020,C11906,C. Hernandez,9750 TC,36
P4560-783,Books,Sci-Fi Adventure,"Great quality, very happy with this purchase.",5,"Aug 09, 2020",C26165,Casey  Lee,8538 DF,27
P9514-878,Electronics,Bluetooth Portable Speaker,Good product overall with minor issues.,4,21-03-2021,C36786,Taylor Brown,1561,57
P4482-171,Toys,Remote Control Car,"Very disappointed, would not recommend.",1,27/02/2022,C17782,Pat Garcia,2380 TI,19
P6569-462,Home & Kitchen,Non-Stick Frying Pan Set,Good product overall with minor issues.,4,2022-10-11,C36857,Alex  Brown,7788,78
P5905-308,Office,Desk Organizer,"Average experience, nothing special.",3,25/11/2020,C90613,J. Lee,04105,56
P8098-146,Office,Desk Organizer,Good product overall with minor issues.,4,11 Oct 2020,C10641,CASEY DE VRIES,01729,43
P2701-398,Electronics,Bluetooth Portable Speaker,"Very disappointed, would not recommend.",1,2022-01-03,C11869,J. Taylor,08851,57
P3222-427,Clothing,Running Sneakers,"Average experience, nothing special.",3,12/11/2023,C33370,jordan garcia,7518,33
P7556-640,Home & Kitchen,Memory Foam Pillow,"Average experience, nothing special.",3,19 Mar 2024,C66689,MORGAN BROWN,02603,30
P1641-719,Groceries,Dark Chocolate Bar,Good product overall with minor issues.,4,04/01/2020,C45321,CHRIS HERNANDEZ,8742,48
P2268-176,Electronics,Bluetooth Portable Speaker,,4,30 Nov 2021,C25374,ROBIN SMITH,6739-40,40
P8549-284,Clothing,Waterproof Hiking Jacket,"Average experience, nothing special.",3,10-02-2021,C76965,Taylor Brown,4634-35,56
P6515-491,Pet Supplies,Cat Scratching Post,"Great quality, very happy with this purchase.",5,12-07-2024,C42954,Jamie Taylor,4864,27
P3310-522,Beauty,Matte Liquid Lipstick,Good product overall with minor issues.,4,2021-02-08,C37822,Alex Hernandez,1480-92,70
P8079-608,Electronics,USB-C Fast Charger,"Very disappointed, would not recommend.",1,28-02-2021,C35657,C. Johnson,5939 FQ,49
P8321-880,Home & Kitchen,Memory Foam Pillow,"Great quality, very happy with this purchase.",5,09/03/2023,C88130,Pat Garcia,,30
P2447-247,Pet Supplies,Dog Chew Toy,"Not very satisfied, has several problems.",2,18 Nov 2023,C52397,JORDAN SMITH,5280-74,39
P2884-358,Pet Supplies,Dog Chew Toy,"Very disappointed, would not recommend.",1,2024-11-07,C26432,P. Hernandez,4293-62,66
P5667-307,Pet Supplies,Dog Chew Toy,Good product overall with minor issues.,4,23-09-2022,C73053,Casey  Martins,6009 UF,41
P3209-931,Home & Kitchen,Electric Kettle,"Very disappointed, would not recommend.",1,26-08-2024,C39147,Taylor  Johnson,2320 SY,33
P2540-977,Books,Sci-Fi Adventure,"Great quality, very happy with this purchase.",5,2021-12-21,C70248,Chris Martins,07812,54
P3583-613,Clothing,Slim Fit Jeans,Good product overall with minor issues.,4,03/05/2023,C19388,J. Johnson,7231 VL,51
P1709-533,Books,Cookbook: Easy Weeknight Meals,"Great quality, very happy with this purchase.",5,31/01/2020,C12708,R. Smith,6216,45
P2283-288,Sports,Yoga Mat,"Very disappointed, would not recommend.",1,08-10-2020,C95193,Sam Taylor,06941,23
P3497-250,Pet Supplies,Cat Litter Odor Control,"The product is decent, but it didn’t really wow me in any particular way.",3,03/04/2020,C82541,sam taylor,09862,28
P4991-654,Sports,Running Shorts,Good product overall with minor issues.,4,17/05/2023,C71312,Pat Dubois,3562,42
P6390-206,Toys,Plush Teddy Bear,"Average experience, nothing special.",3,07 Jun 2021,C76712,Pat  Garcia,4243,25
P3021-701,Home & Kitchen,Air Purifier,"Great quality, very happy with this purchase.",5,,C75625,P. De Vries,9592-11,67
P2960-396,Home & Kitchen,Memory Foam Pillow,"Very disappointed, would not recommend.",1,01 Apr 2023,C19890,Robin  Hernandez,4195,25
P3798-551,Home & Kitchen,Memory Foam Pillow,"Very disappointed, would not recommend.",1,"Aug 18, 2024",C83197,A. Brown,5603-93,28
P5472-950,Office,Wireless Mouse,"Very disappointed, would not recommend.",1,30 Nov 2022,C53312,jamie martins,04940,25
P3600-279,Home & Kitchen,Electric Kettle,Good product overall with minor issues.,4,12 Oct 2024,C45094,JAMIE GARCIA,9750,38
P8106-520,Toys,Remote Control Car,"Great quality, very happy with this purchase.",5,16-07-2021,C36813,pat johnson,08784,20
P2654-446,Groceries,Dark Chocolate Bar,"Great quality, very happy with this purchase.",5,30 Apr 2024,C99803,Jamie  Johnson,9612,26
P7507-621,Groceries,Dark Chocolate Bar,"Not very satisfied, has several problems.",2,"Nov 10, 2022",C49592,MORGAN GARCIA,3477,43
P7539-607,Home & Kitchen,Non-Stick Frying Pan Set,Good product overall with minor issues.,4,2022-03-20,C29346,P. Martins,3756-22,40
P9398-889,Home & Kitchen,Electric Kettle,Good product overall with minor issues.,4,"Jul 02, 2020",C12503,Sam Garcia,08293,30
P1206-763,Electronics,Wireless Noise-Cancelling Headphones,"Average experience, nothing special.",3,29/08/2022,C92193,MORGAN SMITH,9473,28
P4834-121,Groceries,Gluten-Free Pasta,"Average experience, nothing special.",3,04/05/2024,C84329,R. De Vries,5860,38
P7877-638,Electronics,USB-C Fast Charger,"Great quality, very happy with this purchase.",5,08/04/2021,C10947,ALEX LEE,6964,26
P7352-801,Clothing,Organic Cotton T-Shirt,Good product overall with minor issues.,4,13 Feb 2023,C64232,J. De Vries,3219-13,77
P7377-687,Clothing,Wool Winter Scarf,Good product overall with minor issues.,4,22/05/2023,C46803,JORDAN LEE,7060 JP,50
P2218-517,Clothing,Organic Cotton T-Shirt,"Very disappointed, would not recommend.",1,09/15/2023,C48606,J. Dubois,3581-18,18
P8174-237,Pet Supplies,Cat Scratching Post,"Very disappointed, would not recommend.",1,"Nov 29, 2023",C82714,Casey Taylor,9414-93,34
P7824-425,Groceries,Whole Bean Coffee,Good product overall with minor issues.,4,10-12-2021,C46472,jamie martins,7385 DK,28
P6531-741,Clothing,Organic Cotton T-Shirt,"Great quality, very happy with this purchase.",5,"Apr 21, 2024",C58132,Casey  Martins,4043-62,35
P4072-455,Toys,Educational Puzzle Game,"Great quality, very happy with this purchase.",5,22 Jun 2024,C43836,Morgan Smith,7845,41
P9126-653,Electronics,Fitness Smartwatch,,3,20/03/2021,C26236,A. Johnson,,31
P6067-953,Groceries,Gluten-Free Pasta,"Great quality, very happy with this purchase.",5,2023-09-16,C21190,Taylor Taylor,2744-88,
P1610-788,Clothing,Running Sneakers,"Great quality, very happy with this purchase.",5,"Apr 05, 2020",C17380,S. Dubois,1113 GM,47
P9693-872,Clothing,Waterproof Hiking Jacket,"Great quality, very happy with this purchase.",5,19-01-2021,C79023,Jamie Hernandez,4100-88,43
P8498-425,Groceries,Extra Virgin Olive Oil,"Not very satisfied, has several problems.",2,09-05-2023,C99271,Casey Lee,03947,56
P2577-806,Sports,Cycling Helmet,"Not very satisfied, has several problems.",2,06/12/2021,C68281,robin smith,9736-70,35
P9730-775,Books,Sci-Fi Adventure,Good product overall with minor issues.,4,"Jun 24, 2022",C58234,alex johnson,2849-35,26
P9813-979,Electronics,Bluetooth Portable Speaker,Too many compromises for the price. I expected more consistency and better finish.,2,"Mar 09, 2021",C32864,Morgan Johnson,6089,34
P4533-520,Pet Supplies,Cat Scratching Post,"Not very satisfied, has several problems.",2,13/09/2022,C75739,casey smith,6218-49,41
P6273-403,Sports,Yoga Mat,"Great quality, very happy with this purchase.",5,"Mar 03, 2022",C73855,ROBIN TAYLOR,08737,44
P5569-506,Beauty,Gentle Face Cleanser,Good product overall with minor issues.,4,2022-05-08,C88209,CASEY GARCIA,1649,21
P1551-245,Office,Desk Organizer,"Great quality, very happy with this purchase.",5,02/22/2020,C87376,CHRIS GARCIA,1897-48,36
P3562-608,Groceries,Extra Virgin Olive Oil,"Average experience, nothing special.",3,07/06/2022,C34560,ALEX BROWN,06231,42
P7429-819,Home & Kitchen,Electric Kettle,"Very disappointed, would not recommend.",1,24-09-2023,C98050,Taylor Brown,05574,49
P7158-497,Clothing,Waterproof Hiking Jacket,"Great quality, very happy with this purchase.",5,27/10/2021,C46344,Jamie  Lee,3559 RT,42
P9677-446,Home & Kitchen,Stainless Steel Knife Block,Good product overall with minor issues.,4,01/29/2023,C49229,C. Johnson,3940 OS,37
P3365-287,Electronics,Bluetooth Portable Speaker,"Great quality, very happy with this purchase.",5,01/10/2022,C21335,Morgan  Dubois,7443,63
P8303-774,Pet Supplies,Cat Scratching Post,"Very disappointed, would not recommend.",1,07/02/2020,C58503,S. Dubois,8622-12,33
P1897-995,Groceries,Extra Virgin Olive Oil,Good product overall with minor issues.,4,"Sep 28, 2023",C78411,P. Dubois,05632,25
P3874-247,Office,A4 Printer Paper,"Very disappointed, would not recommend.",1,09/04/2022,C63341,Chris  Johnson,7630-24,27
P9221-757,Electronics,Fitness Smartwatch,Good product overall with minor issues.,4,2023-06-30,C66383,morgan martins,2770-42,38
P7795-574,Home & Kitchen,Memory Foam Pillow,"Very disappointed, would not recommend.",1,07 Aug 2020,C31621,sam martins,3190 ML,44
P7215-656,Pet Supplies,Grain-Free Dog Food,"Not very satisfied, has several problems.",2,2020-10-12,C33580,S. Dubois,2352,26
P5161-553,Sports,Foam Roller,"Average experience, nothing special.",3,07/28/2024,C99710,robin taylor,4548,44
P7813-499,Toys,Educational Puzzle Game,"Great quality, very happy with this purchase.",5,20 Jul 2024,C91746,morgan taylor,09404,37
P9363-379,Clothing,Waterproof Hiking Jacket,"Average experience, nothing special.",3,24/05/2022,C94909,TAYLOR DUBOIS,3353 JM,22
P5864-578,Home & Kitchen,Non-Stick Frying Pan Set,"Great quality, very happy with this purchase.",5,2021-02-10,C29273,Pat  Lee,06432,43
P2345-245,Groceries,Whole Bean Coffee,"Great quality, very happy with this purchase.",5,11/02/2023,C15620,Casey  Brown,05025,22
P3268-760,Electronics,Wireless Noise-Cancelling Headphones,"Great quality, very happy with this purchase.",5,2021-12-25,C76797,jordan smith,,50
P2266-729,Clothing,Waterproof Hiking Jacket,"Very disappointed, would not recommend.",1,2024-03-17,C30764,Pat  Smith,5701-69,34
P2271-895,Home & Kitchen,Memory Foam Pillow,"Very disappointed, would not recommend.",1,31/07/2024,C68148,Morgan  Smith,08667,32
P4868-156,Clothing,Running Sneakers,"Average experience, nothing special.",3,01/27/2023,C20113,Casey Martins,5548-87,74
P6828-474,Groceries,Whole Bean Coffee,"Great quality, very happy with this purchase.",5,"Oct 24, 2022",C90838,SAM TAYLOR,9903,35
P5917-359,Books,Thriller Novel,"Average experience, nothing special.",3,07 Sep 2021,C71459,Chris Hernandez,2137,20
P3138-405,Electronics,Wireless Noise-Cancelling Headphones,"Not very satisfied, has several problems.",2,03/03/2022,C66263,Taylor Hernandez,08002,31
P9248-829,Books,Cookbook: Easy Weeknight Meals,Good product overall with minor issues.,4,03-10-2020,C34568,ROBIN GARCIA,4068 CT,34
P9967-131,Electronics,Fitness Smartwatch,,4,25-05-2021,C93558,Jordan Hernandez,1685 TK,44
P4614-863,Beauty,Daily SPF 50 Sunscreen,Good everyday product that gets the job done without fuss.,4,27/12/2023,C28814,taylor hernandez,1436,
P3293-283,Electronics,Fitness Smartwatch,"Not very satisfied, has several problems.",2,04/22/2020,C31864,Alex  De  Vries,6887 YB,41
P5685-581,Electronics,Wireless Noise-Cancelling Headphones,"Great quality, very happy with this purchase.",5,01/06/2021,C56195,C. Hernandez,2995-34,37
P1634-287,Home & Kitchen,Electric Kettle,Good product overall with minor issues.,4,2021-02-07,C41276,CHRIS SMITH,6003-53,31
P5511-190,Beauty,Matte Liquid Lipstick,Good product overall with minor issues.,4,05/31/2023,C93323,Chris Martins,07251,37
P3716-831,Pet Supplies,Dog Chew Toy,"Great quality, very happy with this purchase.",5,2021-09-16,C21835,Casey  Hernandez,08581,62
P9013-849,Clothing,Waterproof Hiking Jacket,"Very disappointed, would not recommend.",1,05-02-2020,C33369,TAYLOR BROWN,09883,38
P6398-145,Sports,Cycling Helmet,"Very disappointed, would not recommend.",1,12/02/2021,C12323,robin lee,7873,37
P1585-119,Electronics,Wireless Noise-Cancelling Headphones,"Average experience, nothing special.",3,2023-05-10,C26066,MORGAN MARTINS,5393 YH,51
P4691-188,Office,A4 Printer Paper,"Average experience, nothing special.",3,12/03/2023,C98614,M. Smith,9247 PY,35
P4155-602,Sports,Adjustable Dumbbell Set,"Very disappointed, would not recommend.",1,24 Sep 2023,C45994,Jordan  Martins,6237,47
P3899-730,Books,Cookbook: Easy Weeknight Meals,"Not very satisfied, has several problems.",2,25-11-2020,C52359,ROBIN SMITH,8353,21
P8969-184,Home & Kitchen,Air Purifier,"Not very satisfied, has several problems.",2,"Aug 26, 2022",C92185,ALEX DE VRIES,7358,59
P1361-407,Sports,Running Shorts,"Very disappointed, would not recommend.",1,01-11-2022,C60883,Alex Hernandez,7295 DC,24
P8057-411,Clothing,Wool Winter Scarf,"Not very satisfied, has several problems.",2,"Jan 09, 2022",C12930,casey dubois,04247,33
P7623-222,Books,Sci-Fi Adventure,Good product overall with minor issues.,4,16 Oct 2021,C66620,Taylor Lee,5503-58,66
P6621-641,Beauty,Daily SPF 50 Sunscreen,"Not very satisfied, has several problems.",2,2020-04-21,C55835,M. Smith,8536 UH,34
P9951-345,Home & Kitchen,Air Purifier,"Very disappointed, would not recommend.",1,30/05/2023,C31441,Robin  Dubois,4435 PS,23
P2409-602,Clothing,Running Sneakers,Good product overall with minor issues.,4,2023-09-24,C84235,Alex  De  Vries,02238,30
P6232-565,Electronics,Bluetooth Portable Speaker,"Average experience, nothing special.",3,04-08-2020,C18696,M. Lee,1094,25
P5526-944,Electronics,Wireless Noise-Cancelling Headphones,"Great quality, very happy with this purchase.",5,2023-04-20,C11052,J. Johnson,5050-92,28
P3412-372,Clothing,Running Sneakers,"Average experience, nothing special.",3,26 May 2021,C65116,jordan garcia,09482,54
P4380-506,Sports,Adjustable Dumbbell Set,"Average experience, nothing special.",3,25-06-2023,C15832,casey johnson,08559,50
P7158-455,Pet Supplies,Cat Scratching Post,Good product overall with minor issues.,4,"Sep 05, 2020",C93238,Casey  Martins,2154,44
P8422-790,Sports,Running Shorts,"Very disappointed, would not recommend.",1,"Oct 14, 2023",C65617,Pat  Garcia,5856-64,44
P9306-116,Clothing,Slim Fit Jeans,"Very disappointed, would not recommend.",1,08/04/2022,C51351,C. Dubois,1212,43
P4912-385,Groceries,Dark Chocolate Bar,Good product overall with minor issues.,4,04/30/2024,C97069,Sam  Martins,9193 KO,32
P3546-183,Sports,Cycling Helmet,Good product overall with minor issues.,4,02/12/2024,C31013,Alex  Taylor,09912,53
P9606-115,Electronics,Fitness Smartwatch,"Not very satisfied, has several problems.",2,02 Jan 2024,C87125,C. Garcia,9190 YG,41
P1166-527,Sports,Foam Roller,"Not very satisfied, has several problems.",2,20 Jan 2021,C20892,chris lee,6022 CS,20
P3032-214,Sports,Running Shorts,Good product overall with minor issues.,4,25/03/2024,C79262,chris hernandez,5195,26
P8457-282,Beauty,Nourishing Hair Mask,"Average experience, nothing special.",3,"Jan 23, 2020",C31489,MORGAN DUBOIS,5040,37
P1118-374,Electronics,Wireless Noise-Cancelling Headphones,"Average experience, nothing special.",3,"Jan 05, 2024",C88457,Sam  Smith,2286-87,25
P4126-419,Electronics,Wireless Noise-Cancelling Headphones,Good product overall with minor issues.,4,11 Aug 2020,C90180,CASEY HERNANDEZ,1924,40
P6967-407,Home & Kitchen,Stainless Steel Knife Block,"Average experience, nothing special.",3,24/06/2020,C37058,Chris  Garcia,7799-48,47
P6041-621,Home & Kitchen,Electric Kettle,Good product overall with minor issues.,4,2021-11-12,C71654,Robin Martins,09367,60
P2435-523,Electronics,Fitness Smartwatch,"Average experience, nothing special.",3,18-04-2021,C12579,P. Martins,8862 UD,19
P5500-889,Books,Personal Finance Basics,"Great quality, very happy with this purchase.",5,12 May 2020,C38321,Chris  Smith,5349,27
P7619-472,Electronics,Bluetooth Portable Speaker,"Very disappointed, would not recommend.",1,15/05/2024,C31678,Casey Martins,7240 XJ,35
P4858-628,Clothing,Waterproof Hiking Jacket,"Average experience, nothing special.",3,28-03-2024,C89955,Morgan  Johnson,03592,44
P7406-230,Electronics,4K Ultra HD Smart TV,"Average experience, nothing special.",3,08/04/2023,C74119,Morgan  Smith,04199,34
P5801-687,Pet Supplies,Cat Scratching Post,"Very disappointed, would not recommend.",1,"Oct 13, 2020",C37775,Alex  Smith,4915-24,44
P8155-108,Clothing,Wool Winter Scarf,Good product overall with minor issues.,4,2023-06-24,C52304,ALEX JOHNSON,6087-99,54
P5078-849,Home & Kitchen,Non-Stick Frying Pan Set,"Not very satisfied, has several problems.",2,10/01/2022,C76182,Morgan  Hernandez,2861,43
P6800-814,Electronics,Bluetooth Portable Speaker,"Very disappointed, would not recommend.",1,04/28/2024,C13675,CASEY LEE,08312,38
P7326-660,Electronics,Bluetooth Portable Speaker,"Not very satisfied, has several problems.",2,2024-07-22,C59203,Sam  Hernandez,04472,20
P3660-322,Groceries,Whole Bean Coffee,"Not very satisfied, has several problems.",2,10/09/2020,C66727,Taylor Dubois,4519 XC,33
P8812-455,Toys,Remote Control Car,"Great quality, very happy with this purchase.",5,01/16/2020,C47097,Jamie  Dubois,4519 CA,43
P5042-747,Home & Kitchen,Air Purifier,"Not very satisfied, has several problems.",2,07/03/2021,C96868,,7131,72
P9095-239,Home & Kitchen,Stainless Steel Knife Block,"Great quality, very happy with this purchase.",5,2024-05-25,C97661,Robin Smith,7938,45
P3046-365,Toys,Plush Teddy Bear,,5,11/08/2024,C72380,Sam  Lee,3118 LF,68
P9334-279,Books,Productivity Guidebook,"Very disappointed, would not recommend.",1,23-01-2024,C10565,Casey  De  Vries,,29
P6660-795,Sports,Adjustable Dumbbell Set,"Average experience, nothing special.",3,"Oct 02, 2022",C75325,C. Dubois,1519 YE,37
P6163-188,Books,Thriller Novel,"Very disappointed, would not recommend.",1,01 Feb 2020,C32200,Robin  Hernandez,3231-69,43
P4468-272,Sports,Cycling Helmet,Good product overall with minor issues.,4,2024-06-05,C32378,Jordan  Smith,8664 BA,42
P1221-618,Electronics,USB-C Fast Charger,"Great quality, very happy with this purchase.",5,"Dec 29, 2024",C58388,Casey Brown,01818,36
P8482-806,Office,Ergonomic Office Chair,"Average experience, nothing special.",3,03/29/2023,C23474,robin johnson,2023,41
P2731-249,Beauty,Hydrating Face Serum,"Average experience, nothing special.",3,"May 18, 2023",C46606,morgan taylor,04756,75
P6566-789,Pet Supplies,Cat Scratching Post,"Great quality, very happy with this purchase.",5,"Dec 22, 2024",C52470,R. Johnson,5948 UP,39
P4090-324,Electronics,Bluetooth Portable Speaker,Good product overall with minor issues.,4,26/07/2024,C91798,S. Johnson,8703,35
P7888-353,Beauty,Nourishing Hair Mask,"Very disappointed, would not recommend.",1,10 Sep 2023,C38999,MORGAN DUBOIS,2800,28
P2878-738,Books,Sci-Fi Adventure,"Not very satisfied, has several problems.",2,25 Jan 2024,C98003,CASEY GARCIA,4363,58
P2521-680,Home & Kitchen,Non-Stick Frying Pan Set,"Great quality, very happy with this purchase.",5,2020-04-28,C10629,Pat  Taylor,3968 IH,36
P2974-757,Clothing,Wool Winter Scarf,"Great quality, very happy with this purchase.",5,"Sep 24, 2022",C53298,Chris Johnson,2847 HM,26
P1468-390,Pet Supplies,Cat Scratching Post,"Great quality, very happy with this purchase.",5,2021-07-12,C89729,Jamie Smith,07822,42
P8710-703,Electronics,USB-C Fast Charger,"Not very satisfied, has several problems.",2,08-03-2022,C41149,alex dubois,06517,25
P2713-552,Electronics,Fitness Smartwatch,"Great quality, very happy with this purchase.",5,02/08/2022,C36883,T. Martins,7159,67
P5448-462,Clothing,Wool Winter Scarf,"Average experience, nothing special.",3,"Dec 30, 2023",C34669,jamie de vries,8120 WK,43
P9473-661,Sports,Running Shorts,"Great quality, very happy with this purchase.",5,2024-02-08,C41748,PAT TAYLOR,08483,41
P1652-743,Electronics,USB-C Fast Charger,"Not very satisfied, has several problems.",2,16-02-2020,C78844,J. Dubois,3106,55
P3710-855,Books,Productivity Guidebook,Good product overall with minor issues.,4,06-08-2022,C60814,JAMIE GARCIA,05819,28
P8672-545,Electronics,USB-C Fast Charger,"Very disappointed, would not recommend.",1,05/05/2020,C28211,Chris  Hernandez,7738 CF,34
P7405-165,Toys,Building Block Set,"Average experience, nothing special.",3,"Mar 20, 2023",C78107,Chris  Martins,6346 VW,42
P5926-418,Electronics,Bluetooth Portable Speaker,"Great quality, very happy with this purchase.",5,15/05/2022,C59039,Sam  Johnson,05033,21
P8495-513,Toys,Building Block Set,Good product overall with minor issues.,4,01-03-2024,C29889,JORDAN LEE,,71
P3145-384,Books,Productivity Guidebook,"Average experience, nothing special.",3,2024-03-30,C67365,Morgan  Taylor,6362,58
P7801-275,Electronics,USB-C Fast Charger,"Not very satisfied, has several problems.",2,"Oct 20, 2024",C56940,SAM MARTINS,8554-67,38
P6496-771,Clothing,Slim Fit Jeans,"Average experience, nothing special.",3,06-10-2020,C10713,JAMIE DE VRIES,04313,23
P8717-851,Electronics,USB-C Fast Charger,"Average experience, nothing special.",3,04-02-2020,C72579,chris taylor,6431,46
P3911-960,Home & Kitchen,Electric Kettle,"Great quality, very happy with this purchase.",5,10-12-2024,C99972,jamie de vries,4879,29
P8648-869,Home & Kitchen,Air Purifier,"Very disappointed, would not recommend.",1,13-02-2022,C90153,taylor smith,3172,42
P6508-601,Office,Mechanical Keyboard,"Average experience, nothing special.",3,21 Jul 2024,C33435,J. Martins,2549-66,42
P5757-115,Office,Wireless Mouse,"Very disappointed, would not recommend.",1,"Aug 18, 2022",C87711,Jordan Lee,06601,21
P2678-597,Clothing,Organic Cotton T-Shirt,"Very disappointed, would not recommend.",1,15/03/2024,C61683,Chris Dubois,5470 LW,36
P7236-452,Office,Mechanical Keyboard,"Great quality, very happy with this purchase.",5,16/01/2024,C10762,ALEX BROWN,3920,75
P2384-930,Electronics,Bluetooth Portable Speaker,"Great quality, very happy with this purchase.",5,"Jun 29, 2023",C30951,JAMIE JOHNSON,3187-88,25
P8028-745,Clothing,Running Sneakers,"Average experience, nothing special.",3,2020-09-14,C25284,Jamie Dubois,5023,44
P1767-418,Toys,Educational Puzzle Game,"Great quality, very happy with this purchase.",5,28-11-2021,C80102,PAT GARCIA,04280,31
P3992-855,Home & Kitchen,Air Purifier,"Great quality, very happy with this purchase.",5,17/01/2020,C38110,sam lee,09909,76
P6152-419,Clothing,Running Sneakers,"Not very satisfied, has several problems.",2,03/17/2023,C31521,MORGAN HERNANDEZ,7941,34
P2248-515,Groceries,Organic Almond Butter,"Very disappointed, would not recommend.",1,"Jan 29, 2024",C71012,Morgan  Johnson,3375,53
P9779-411,Beauty,Daily SPF 50 Sunscreen,"Great quality, very happy with this purchase.",5,28 Dec 2021,C91170,Jordan Lee,02316,36
P4594-307,Electronics,Wireless Noise-Cancelling Headphones,"Great quality, very happy with this purchase.",5,06/23/2020,C80133,Sam  Dubois,05614,29
P6489-841,Beauty,Matte Liquid Lipstick,"Great quality, very happy with this purchase.",5,2024-05-12,C67867,Sam Smith,8677 VG,44
P7473-264,Home & Kitchen,Electric Kettle,"Very disappointed, would not recommend.",1,03-01-2024,C37800,Casey Johnson,2428-91,31
P6250-113,Toys,Educational Puzzle Game,Good product overall with minor issues.,4,"Apr 28, 2021",C79759,CHRIS GARCIA,1603 DL,27
P2169-580,Beauty,Matte Liquid Lipstick,Good product overall with minor issues.,4,27 Nov 2020,C33219,Jordan Taylor,3017-49,36
P6618-308,Books,Personal Finance Basics,"Very disappointed, would not recommend.",1,05/22/2020,C37843,taylor de vries,6313 ZA,29
P2640-309,Clothing,Wool Winter Scarf,"Very disappointed, would not recommend.",1,2020-09-19,C89513,Taylor  Smith,09526,43
P2131-928,Pet Supplies,Dog Chew Toy,Good product overall with minor issues.,4,23-05-2022,C87610,Robin Smith,7616-35,50
P8878-599,Electronics,Wireless Noise-Cancelling Headphones,"Not very satisfied, has several problems.",2,02 Nov 2021,C86065,pat brown,06735,49
P8072-846,Home & Kitchen,Memory Foam Pillow,"Average experience, nothing special.",3,07-03-2022,C70949,Alex  Martins,6378-48,31
P9090-284,Home & Kitchen,Stainless Steel Knife Block,"Very disappointed, would not recommend.",1,12/27/2024,C39766,sam johnson,6314-55,29
P7419-155,Clothing,Slim Fit Jeans,Good product overall with minor issues.,4,21/11/2020,C75915,Jordan  Hernandez,3454-78,58
P9687-452,Beauty,Matte Liquid Lipstick,"Average experience, nothing special.",3,30 Sep 2021,C51158,S. Taylor,7967,28
P5271-822,Beauty,Nourishing Hair Mask,"Not very satisfied, has several problems.",2,2020-02-29,C96349,CHRIS SMITH,5813-10,21
P1772-368,Clothing,Organic Cotton T-Shirt,"Great quality, very happy with this purchase.",5,"Jan 26, 2022",C70450,TAYLOR BROWN,4350 QO,31
P9564-389,Home & Kitchen,Electric Kettle,"Very disappointed, would not recommend.",1,2021-09-23,C75461,JAMIE LEE,9392-76,43
P3192-705,Books,Thriller Novel,"Very disappointed, would not recommend.",1,15/08/2023,C86325,alex johnson,9577 AJ,57
P2639-412,Home & Kitchen,Air Purifier,"Very disappointed, would not recommend.",1,05 Oct 2021,C85555,sam de vries,8655-58,39
P6628-947,Sports,Running Shorts,Good product overall with minor issues.,4,25 Feb 2021,C59533,jordan taylor,2860,41
P9554-605,Clothing,Running Sneakers,"Average experience, nothing special.",3,"Oct 01, 2022",C63316,T. Lee,4342,28
P5389-685,Home & Kitchen,Non-Stick Frying Pan Set,"Very disappointed, would not recommend.",1,2021-07-06,C51676,robin johnson,8354 UX,43
P2527-420,Home & Kitchen,Air Purifier,Good product overall with minor issues.,4,10-03-2023,C46344,Jamie  Lee,3559 RT,42
P5219-429,Sports,Adjustable Dumbbell Set,"Great quality, very happy with this purchase.",5,11/11/2020,C72631,Alex De Vries,9160,41
P3923-793,Electronics,Bluetooth Portable Speaker,"Average experience, nothing special.",3,22-10-2023,C58371,C. De Vries,5814,23
P3156-982,Clothing,Running Sneakers,"Very disappointed, would not recommend.",1,17 Sep 2022,C70176,S. Brown,04858,59
P6741-336,Office,Mechanical Keyboard,"Great quality, very happy with this purchase.",5,06/19/2022,C16133,Morgan  Brown,01333,71
P8384-629,Home & Kitchen,Memory Foam Pillow,"Not very satisfied, has several problems.",2,09 May 2022,C94086,T. Brown,05612,25
P8500-713,Beauty,Daily SPF 50 Sunscreen,"Very disappointed, would not recommend.",1,06/24/2021,C20740,Chris Taylor,3731 UA,21
P1225-798,Electronics,Wireless Noise-Cancelling Headphones,"Not very satisfied, has several problems.",2,01-05-2023,C65213,ROBIN DE VRIES,5392 UK,44
P4355-913,Clothing,Organic Cotton T-Shirt,"Average experience, nothing special.",3,"Aug 05, 2024",C32875,SAM TAYLOR,3353,33
P5166-875,Clothing,Organic Cotton T-Shirt,"Great quality, very happy with this purchase.",5,11 Apr 2023,C81033,sam brown,4138,34
P2536-884,Electronics,Fitness Smartwatch,"It’s fine for now, but I’m not sure how long it will last.",3,30/03/2022,C91293,pat martins,04602,20
P2321-897,Beauty,Matte Liquid Lipstick,"Average experience, nothing special.",3,07 Dec 2021,C49573,JORDAN DUBOIS,8832,33
P3708-279,Toys,Remote Control Car,"Average experience, nothing special.",3,10 Jun 2023,C36298,Alex  Taylor,9439-56,51
P7556-774,Sports,Yoga Mat,"Very disappointed, would not recommend.",1,28 Aug 2024,C42312,Alex  Dubois,08122,36
P8664-960,Sports,Cycling Helmet,"Not very satisfied, has several problems.",2,08/04/2021,C39148,Morgan  Taylor,1610,43
P7222-880,Home & Kitchen,Electric Kettle,"Very disappointed, would not recommend.",1,07/06/2023,C78746,J. Brown,1719 UM,42
P6369-536,Electronics,USB-C Fast Charger,"Very disappointed, would not recommend.",1,16-11-2024,C68538,SAM SMITH,1372,35
P8426-832,Electronics,USB-C Fast Charger,"Average experience, nothing special.",3,11/09/2024,C89279,Casey  De  Vries,1695-72,73
P5691-869,Home & Kitchen,Memory Foam Pillow,"Great quality, very happy with this purchase.",5,04/10/2024,C98655,Alex  Smith,4675 RP,18
P1897-895,Books,Thriller Novel,"Not very satisfied, has several problems.",2,2022-11-09,C58388,JORDAN TAYLOR,5084 HD,43
P2774-889,Books,Sci-Fi Adventure,"Great quality, very happy with this purchase.",5,13-01-2023,C84075,casey dubois,03906,40
P9839-505,Beauty,Gentle Face Cleanser,"Not very satisfied, has several problems.",2,"Nov 25, 2024",C90335,A. Smith,03571,40
P4646-655,Pet Supplies,Grain-Free Dog Food,"Very disappointed, would not recommend.",1,10-10-2024,C84898,jordan de vries,1640 MW,58
P1692-208,Books,Productivity Guidebook,"Average experience, nothing special.",3,22 Jun 2021,C32975,Chris Garcia,4744,41
P3643-756,Home & Kitchen,Memory Foam Pillow,Good product overall with minor issues.,4,01/07/2024,C58802,S. Johnson,3753 XV,27
P9882-262,Pet Supplies,Cat Scratching Post,Good product overall with minor issues.,4,04-08-2022,C86380,Robin  Brown,8637,33
P5692-877,Sports,Running Shorts,"Very disappointed, would not recommend.",1,10-06-2023,C40443,Jordan De Vries,9256 NW,37
P6335-347,Electronics,Wireless Noise-Cancelling Headphones,"Great quality, very happy with this purchase.",5,"Jan 05, 2020",C21192,ALEX SMITH,08715,64
P9847-596,Beauty,Hydrating Face Serum,"Very disappointed, would not recommend.",1,01/03/2021,C17412,M. Johnson,04782,40
P5639-593,Home & Kitchen,Stainless Steel Knife Block,"Not very satisfied, has several problems.",2,"Jun 27, 2022",C88604,sam lee,8175-97,27
P3058-988,Sports,Cycling Helmet,"Very disappointed, would not recommend.",1,26-10-2023,C80502,Pat  Brown,5155-33,68
P6196-837,Toys,Educational Puzzle Game,"Great quality, very happy with this purchase.",5,20/10/2024,C81382,Robin De Vries,09089,50
P2829-474,Home & Kitchen,Air Purifier,Good product overall with minor issues.,4,2022-09-06,C73304,Jamie Garcia,5356,73
P3138-916,Electronics,USB-C Fast Charger,"Great quality, very happy with this purchase.",5,11/06/2024,C73868,SAM DE VRIES,9192 XD,20
P3566-612,Office,Desk Organizer,"Very disappointed, would not recommend.",1,11/10/2020,C90976,Pat  Martins,08642,28
P2316-318,Office,Mechanical Keyboard,Good product overall with minor issues.,4,01 May 2022,C43799,morgan johnson,02666,60
P1046-620,Electronics,4K Ultra HD Smart TV,"Average experience, nothing special.",3,26 Jun 2023,C42733,MORGAN GARCIA,5298,78
P2625-148,Beauty,Hydrating Face Serum,Good product overall with minor issues.,4,14/01/2022,C89740,CASEY DUBOIS,6565 XV,46
P8780-272,Beauty,Matte Liquid Lipstick,"Average experience, nothing special.",3,07/05/2021,C84724,C. Garcia,05051,35
P8237-782,Home & Kitchen,Electric Kettle,Good product overall with minor issues.,4,01/12/2022,C68170,Chris  Johnson,9904,37
P8520-313,Groceries,Organic Almond Butter,Good product overall with minor issues.,4,15/01/2024,C24596,robin martins,1246,36
P6453-119,Books,Personal Finance Basics,"Average experience, nothing special.",3,"Mar 10, 2024",C49420,Jamie  Lee,03077,23
P8988-891,Groceries,Organic Almond Butter,"Average experience, nothing special.",3,"Dec 03, 2024",C34822,pat hernandez,,33
P8977-483,Home & Kitchen,Non-Stick Frying Pan Set,"Great quality, very happy with this purchase.",5,2021-01-27,C65324,Jamie  Smith,5305 GU,33
P8968-468,Electronics,Fitness Smartwatch,"Average experience, nothing special.",3,11/01/2022,C71963,C. Hernandez,9828-20,38
P8297-392,Pet Supplies,Pet Grooming Brush,"Average experience, nothing special.",3,15-12-2023,C33683,J. Dubois,9337-47,34
P6558-665,Beauty,Daily SPF 50 Sunscreen,"Great quality, very happy with this purchase.",5,03/10/2023,C58922,P. Lee,4795-69,54
P2383-757,Clothing,Organic Cotton T-Shirt,"Average experience, nothing special.",3,30-07-2024,C62553,Casey  Hernandez,9844,39
P7920-836,Home & Kitchen,Non-Stick Frying Pan Set,"Average experience, nothing special.",3,31-12-2023,C77035,TAYLOR BROWN,3828,27
P4450-627,Home & Kitchen,Air Purifier,"Great quality, very happy with this purchase.",5,16 Feb 2021,C39718,Jamie  Lee,3534 JQ,43
P8039-545,Pet Supplies,Cat Litter Odor Control,,3,03/01/2021,C68780,Jamie  Smith,1351,27
P1214-620,Toys,Plush Teddy Bear,"Great quality, very happy with this purchase.",5,16-08-2024,C50427,Casey Hernandez,7414-28,76
P6807-163,Pet Supplies,Cat Scratching Post,"Very disappointed, would not recommend.",1,11/11/2020,C85221,Jamie Garcia,7036,43
P2904-484,Clothing,Running Sneakers,"Not very satisfied, has several problems.",2,14/08/2021,C34895,TAYLOR DE VRIES,1793-70,18
P7148-371,Books,Cookbook: Easy Weeknight Meals,"Great quality, very happy with this purchase.",5,27-08-2020,C11249,R. De Vries,4312,31
P9028-393,Home & Kitchen,Non-Stick Frying Pan Set,"Very disappointed, would not recommend.",1,2023-07-31,C93535,taylor dubois,5885,38
P4156-763,Books,Personal Finance Basics,"Not very satisfied, has several problems.",2,"Jun 30, 2022",C30887,M. Lee,7768,36
P5301-792,Toys,Building Block Set,"Great quality, very happy with this purchase.",5,"Jan 04, 2024",C52149,Taylor  Garcia,4876-20,57
P6911-794,Groceries,Gluten-Free Pasta,"Great quality, very happy with this purchase.",5,2023-03-08,C29374,JAMIE SMITH,04355,45
P2092-244,Home & Kitchen,Memory Foam Pillow,"Very disappointed, would not recommend.",1,2024-07-05,C51102,JAMIE MARTINS,2175,38
P8071-421,Clothing,Wool Winter Scarf,"Average experience, nothing special.",3,12/25/2020,C53404,pat de vries,3329,55
P4519-714,Groceries,Extra Virgin Olive Oil,"Not very satisfied, has several problems.",2,23/06/2023,C94492,Pat Hernandez,8628-58,41
P6468-184,Office,Wireless Mouse,Good product overall with minor issues.,4,11/30/2024,C17128,Jordan  Dubois,1652 GW,39
P6029-321,Books,Personal Finance Basics,"Great quality, very happy with this purchase.",5,24/04/2021,C61728,sam brown,7973-36,31
P5260-520,Groceries,Organic Almond Butter,"Average experience, nothing special.",3,18-05-2022,C13916,TAYLOR DE VRIES,06353,18
P1321-382,Electronics,Wireless Noise-Cancelling Headphones,"Average experience, nothing special.",3,19/03/2021,C75820,Alex Taylor,3717-27,30
P7699-813,Home & Kitchen,Air Purifier,"Very disappointed, would not recommend.",1,22 Apr 2020,C73011,pat de vries,9629 KQ,49
P5804-419,Home & Kitchen,Electric Kettle,"Not very satisfied, has several problems.",2,05/04/2023,C54731,A. Johnson,3399-26,59
P6821-278,Clothing,Organic Cotton T-Shirt,"Not very satisfied, has several problems.",2,2022-11-08,C89833,MORGAN DUBOIS,5714,32
P5020-629,Home & Kitchen,Stainless Steel Knife Block,Good product overall with minor issues.,4,27/12/2023,C40020,jamie dubois,6754,51
P6247-649,Groceries,Extra Virgin Olive Oil,"Average experience, nothing special.",3,09/11/2022,C66505,Chris Lee,7363-89,27
P9359-428,Beauty,Nourishing Hair Mask,"Great quality, very happy with this purchase.",5,07/29/2020,C98657,Jordan Brown,9585-35,39
P6784-472,Electronics,Bluetooth Portable Speaker,"Very disappointed, would not recommend.",1,29-03-2020,C88008,Morgan  Johnson,7576-87,18
P8474-108,Clothing,Slim Fit Jeans,"Very disappointed, would not recommend.",1,02/02/2024,C76455,taylor johnson,7651,19
P7839-724,Clothing,Running Sneakers,"Very disappointed, would not recommend.",1,12/04/2021,C29945,P. De Vries,,23
P1527-935,Clothing,Organic Cotton T-Shirt,Good product overall with minor issues.,4,19/05/2024,C57903,Morgan Hernandez,3949 JC,78
P5903-620,Toys,Educational Puzzle Game,"Great quality, very happy with this purchase.",5,28 Feb 2023,C28044,Morgan Brown,7336,35
P1940-761,Electronics,Wireless Noise-Cancelling Headphones,"Average experience, nothing special.",3,17-09-2024,C18739,J. De Vries,8452-93,42
P4105-211,Pet Supplies,Dog Chew Toy,"Great quality, very happy with this purchase.",5,06/08/2020,C29480,Chris Lee,1058-83,31
P8365-974,Home & Kitchen,Non-Stick Frying Pan Set,Good product overall with minor issues.,4,04-06-2021,C73426,Taylor  Hernandez,5597,48
P4104-190,Books,Productivity Guidebook,"Average experience, nothing special.",3,12/02/2024,C40658,Casey  Lee,1136-27,59
P5936-155,Home & Kitchen,Air Purifier,"Not very satisfied, has several problems.",2,27/09/2020,C73368,PAT SMITH,1890 NP,30
P1626-515,Home & Kitchen,Non-Stick Frying Pan Set,Good product overall with minor issues.,4,09/28/2022,C18564,ALEX DE VRIES,7813,31
P5416-289,Home & Kitchen,Stainless Steel Knife Block,"Not very satisfied, has several problems.",2,31/07/2022,C43828,CASEY DUBOIS,6103-63,41
P6515-126,Groceries,Whole Bean Coffee,"Not very satisfied, has several problems.",2,07-01-2021,C44282,PAT HERNANDEZ,,28
P6488-243,Beauty,Nourishing Hair Mask,"Not very satisfied, has several problems.",2,2021-01-08,C92129,SAM SMITH,6003,33
P5943-481,Clothing,Slim Fit Jeans,"Not very satisfied, has several problems.",2,2022-01-05,C26419,J. Garcia,7739,37
P5983-731,Home & Kitchen,Air Purifier,"Very disappointed, would not recommend.",1,"May 25, 2023",C52085,J. Taylor,6072 KX,30
P9873-314,Groceries,Whole Bean Coffee,"Very disappointed, would not recommend.",1,28 Oct 2022,C96159,pat johnson,7861 HJ,41
P8608-567,Clothing,Waterproof Hiking Jacket,"Very disappointed, would not recommend.",1,03/28/2024,C43967,CASEY JOHNSON,5270-64,33
P1287-569,Clothing,Waterproof Hiking Jacket,"Average experience, nothing special.",3,03/07/2024,C36254,morgan taylor,6991 SG,44
P1863-708,Beauty,Matte Liquid Lipstick,"Average experience, nothing special.",3,24-09-2022,C15451,robin smith,08132,45
P9981-799,Electronics,Bluetooth Portable Speaker,"Not very satisfied, has several problems.",2,04/16/2021,C50928,P. Dubois,07298,51
P4665-584,Home & Kitchen,Air Purifier,"Not very satisfied, has several problems.",2,03/23/2024,C96223,SAM HERNANDEZ,4681,57
P9588-547,Sports,Running Shorts,"Great quality, very happy with this purchase.",5,11/07/2022,C44531,M. Martins,9061 ID,50
P3344-503,Electronics,Fitness Smartwatch,"Great quality, very happy with this purchase.",5,17 Oct 2022,C34549,A. Lee,6640-30,77
P6746-869,Clothing,Organic Cotton T-Shirt,"Average experience, nothing special.",3,"Jun 07, 2020",C68281,robin smith,9736-70,35
P8881-395,Toys,Building Block Set,"Not very satisfied, has several problems.",2,2022-03-10,C28593,ROBIN LEE,6863,30
P8539-130,Sports,Adjustable Dumbbell Set,"Great quality, very happy with this purchase.",5,2020-08-24,C55306,robin lee,02430,62
P3469-655,Toys,Building Block Set,"Average experience, nothing special.",3,15 Jun 2021,C85356,Robin  Brown,4735,41
P6882-945,Beauty,Matte Liquid Lipstick,Good product overall with minor issues.,4,2023-05-11,C52231,Jordan Smith,7346 XU,32
P2289-650,Clothing,Wool Winter Scarf,Good product overall with minor issues.,4,"Aug 01, 2021",C47022,JAMIE BROWN,4897 MB,31
P4436-490,Electronics,Bluetooth Portable Speaker,"Very disappointed, would not recommend.",1,15/08/2020,C77930,MORGAN DUBOIS,6248 NF,22
P8055-361,Sports,Yoga Mat,Good product overall with minor issues.,4,08/29/2020,C89938,jordan de vries,9397-90,26
P9629-717,Clothing,Running Sneakers,"Average experience, nothing special.",3,17 Apr 2021,C39148,Morgan  Taylor,1610,43
P4416-228,Clothing,Organic Cotton T-Shirt,Good product overall with minor issues.,4,2024-02-07,C81008,P. Johnson,8182-46,67
P2192-663,Clothing,Running Sneakers,Good product overall with minor issues.,4,"Oct 21, 2021",C12797,Robin Lee,02904,38
P7401-299,Sports,Adjustable Dumbbell Set,"Great quality, very happy with this purchase.",5,2023-09-28,C91135,Sam Brown,4453-46,66
P5951-758,Toys,Building Block Set,"Great quality, very happy with this purchase.",5,"Jul 02, 2022",C38168,Robin Smith,2515,39
P1112-182,Clothing,Waterproof Hiking Jacket,"Not very satisfied, has several problems.",2,14/05/2023,C99142,C. Brown,1394,25
P1808-841,Books,Cookbook: Easy Weeknight Meals,Good product overall with minor issues.,4,12/16/2023,C20260,J. Taylor,9823,21
P2434-344,Clothing,Slim Fit Jeans,"Great quality, very happy with this purchase.",5,29 Jan 2020,C33480,Jordan De Vries,06874,45
P7628-171,Sports,Adjustable Dumbbell Set,"Average experience, nothing special.",3,2024-01-13,C98240,P. Johnson,6976-63,35
P3476-917,Books,Cookbook: Easy Weeknight Meals,"Great quality, very happy with this purchase.",5,12/01/2021,C18322,C. Dubois,06618,43
P9484-804,Beauty,Gentle Face Cleanser,"Very disappointed, would not recommend.",1,15-01-2020,C29388,sam dubois,08205,
P5102-255,Home & Kitchen,Stainless Steel Knife Block,"Average experience, nothing special.",3,23-05-2021,C44959,CASEY LEE,09125,40
P2077-483,Electronics,Wireless Noise-Cancelling Headphones,Good product overall with minor issues.,4,"May 20, 2020",C11389,J. Taylor,8284-32,68
P6704-147,Groceries,Whole Bean Coffee,"Average experience, nothing special.",3,27 May 2023,C23944,A. Martins,7943-47,27
P7799-189,Pet Supplies,Pet Grooming Brush,Good product overall with minor issues.,4,25 May 2022,C34506,CASEY MARTINS,1325 YS,42
P9636-844,Electronics,Wireless Noise-Cancelling Headphones,"Not very satisfied, has several problems.",2,"Dec 05, 2021",C37734,alex martins,2897 RF,20
P6078-723,Electronics,Wireless Noise-Cancelling Headphones,Good product overall with minor issues.,4,02/20/2020,C83912,Alex Garcia,9290 US,47
P1358-636,Home & Kitchen,Memory Foam Pillow,Good product overall with minor issues.,4,"Feb 18, 2023",C53445,sam martins,3709-76,20
P1976-320,Electronics,Wireless Noise-Cancelling Headphones,Good product overall with minor issues.,4,12-03-2024,C43031,Alex  Hernandez,3184-37,54
P3849-579,Groceries,Extra Virgin Olive Oil,"Average experience, nothing special.",3,2023-10-02,C58498,Robin Smith,9696,37
P2839-832,Home & Kitchen,Stainless Steel Knife Block,"Great quality, very happy with this purchase.",5,18/03/2023,C55346,C. Dubois,07893,51
P9970-896,Beauty,Daily SPF 50 Sunscreen,"Very disappointed, would not recommend.",1,2022-10-22,C77307,chris taylor,8042,42
P4935-553,Office,Mechanical Keyboard,"Not very satisfied, has several problems.",2,02/05/2021,C85555,sam de vries,8655-58,39
P6587-988,Clothing,Wool Winter Scarf,"Very disappointed, would not recommend.",1,18/10/2024,C11278,morgan smith,09912,49
P2245-659,Home & Kitchen,Stainless Steel Knife Block,"Not very satisfied, has several problems.",2,10/31/2023,C87879,Jamie  Lee,3740,46
P2236-920,Clothing,Running Sneakers,Good product overall with minor issues.,4,2023-07-16,C22193,Alex Taylor,9515 LO,63
P8051-307,Toys,Remote Control Car,"Not very satisfied, has several problems.",2,07/14/2020,C95265,T. Hernandez,6250,35
P5184-123,Pet Supplies,Cat Scratching Post,"Very disappointed, would not recommend.",1,08/03/2020,C35863,Robin Garcia,02370,26
P7094-760,Books,Personal Finance Basics,Good product overall with minor issues.,4,"Dec 11, 2023",C27872,TAYLOR GARCIA,01623,38
P7351-839,Clothing,Organic Cotton T-Shirt,"Not very satisfied, has several problems.",2,30 Dec 2024,C47415,R. Dubois,4062 TN,51
P8623-105,Toys,Remote Control Car,"Average experience, nothing special.",3,07/22/2024,C34738,taylor smith,05098,36
P4612-344,Clothing,Waterproof Hiking Jacket,Good product overall with minor issues.,4,2021-02-26,C92662,A. Brown,4724-16,25
P8670-650,Home & Kitchen,Air Purifier,Good product overall with minor issues.,4,2020-12-10,C38175,jordan de vries,5717,31
P9434-251,Groceries,Organic Almond Butter,"Not very satisfied, has several problems.",2,09/02/2023,C79899,Morgan Johnson,2313,27
P8938-224,Home & Kitchen,Memory Foam Pillow,"Average experience, nothing special.",3,18/02/2022,C48563,sam de vries,9515-37,59
P8888-162,Electronics,4K Ultra HD Smart TV,"Average experience, nothing special.",3,06/02/2023,C28429,ROBIN LEE,7221 RK,53
P9263-462,Electronics,Wireless Noise-Cancelling Headphones,"Average experience, nothing special.",3,"Jan 16, 2024",C52700,jamie lee,09457,32
P9148-193,Home & Kitchen,Stainless Steel Knife Block,"Great quality, very happy with this purchase.",5,11 Nov 2024,C18648,taylor brown,1625 CX,38
P6269-429,Clothing,Slim Fit Jeans,"Average experience, nothing special.",3,26 Mar 2024,C48114,Morgan Johnson,2877-92,39
P8025-524,Electronics,4K Ultra HD Smart TV,"Average experience, nothing special.",3,"Oct 06, 2020",C23773,Jordan  Johnson,9396-33,59
P3460-480,Books,Sci-Fi Adventure,"Very disappointed, would not recommend.",1,26-09-2022,C39742,Robin  Taylor,4296 HP,28
P4377-925,Office,Desk Organizer,"Very disappointed, would not recommend.",1,10/06/2021,C80687,PAT TAYLOR,2085,35
P4733-433,Clothing,Running Sneakers,"Not very satisfied, has several problems.",2,22-07-2020,C30941,Sam Lee,06398,49
P4470-883,Toys,Family Board Game,"Great quality, very happy with this purchase.",5,02/20/2021,C90353,Pat  Lee,4217 TW,20
P7777-565,Toys,Educational Puzzle Game,"Very disappointed, would not recommend.",1,"Dec 12, 2022",C94229,S. Martins,2007,43
P8337-457,Sports,Running Shorts,"Great quality, very happy with this purchase.",5,2021-07-21,C73771,ROBIN BROWN,5588 HO,57
P5008-689,Clothing,Waterproof Hiking Jacket,Good product overall with minor issues.,4,2023-09-10,C38938,Alex Smith,9694-32,31
P6979-984,Clothing,Slim Fit Jeans,Good product overall with minor issues.,4,"Mar 28, 2021",C24214,Morgan  Dubois,02695,43
P8573-317,Home & Kitchen,Air Purifier,"Average experience, nothing special.",3,06-09-2021,C10261,alex hernandez,5276 VY,19
P3526-848,Electronics,USB-C Fast Charger,"Great quality, very happy with this purchase.",5,"Mar 24, 2020",C27398,Casey  Martins,7279,21
P3098-586,Home & Kitchen,Stainless Steel Knife Block,"Not very satisfied, has several problems.",2,2022-04-05,C90034,JAMIE HERNANDEZ,,33
P4791-899,Electronics,Fitness Smartwatch,"Great quality, very happy with this purchase.",5,2023-03-20,C79914,MORGAN SMITH,3706 MZ,42
P1196-609,Groceries,Extra Virgin Olive Oil,Good product overall with minor issues.,4,,C96072,M. De Vries,3025-32,27
P1428-248,Groceries,Dark Chocolate Bar,"Not very satisfied, has several problems.",2,02 Jan 2021,C60847,Pat Johnson,7770 PW,22
P4578-657,Toys,Remote Control Car,"Great quality, very happy with this purchase.",5,15/02/2021,C33011,taylor de vries,2939,44
P3744-554,Office,Mechanical Keyboard,"Not very satisfied, has several problems.",2,09/12/2024,C44323,ALEX DUBOIS,6274 EB,49
P5115-582,Pet Supplies,Cat Litter Odor Control,"Very disappointed, would not recommend.",1,"Oct 23, 2022",C20191,Pat  Martins,9030,46
P1858-283,Pet Supplies,Grain-Free Dog Food,"Not very satisfied, has several problems.",2,2020-01-29,C42763,P. Lee,04558,35
P4046-748,Office,A4 Printer Paper,"Very disappointed, would not recommend.",1,29 Oct 2020,C13039,sam garcia,01431,31
P6234-525,Electronics,USB-C Fast Charger,"Great quality, very happy with this purchase.",5,21/02/2023,C88901,Chris Smith,3895 QT,20
P5698-809,Sports,Yoga Mat,"Not very satisfied, has several problems.",2,2024-10-17,C49242,Taylor  Brown,6999-83,59
P2862-665,Sports,Foam Roller,"Great quality, very happy with this purchase.",5,20/09/2020,C71919,jamie smith,1964 VD,38
P8651-627,Books,Sci-Fi Adventure,"Average experience, nothing special.",3,2023-01-08,C23172,S. Dubois,08928,31
P6584-317,Beauty,Gentle Face Cleanser,"Average experience, nothing special.",3,"Jan 04, 2021",C17055,T. Hernandez,08578,51
P3703-768,Beauty,Matte Liquid Lipstick,Good product overall with minor issues.,4,01 Feb 2024,C90010,JORDAN LEE,1130-27,65
P7146-278,Clothing,Wool Winter Scarf,"Not very satisfied, has several problems.",2,04/02/2021,C78665,jamie hernandez,3739-18,21
P5101-211,Beauty,Hydrating Face Serum,Completely dissatisfied. Quality is terrible and customer support was no help at all.,1,12-12-2024,C10044,Morgan Hernandez,4637 MR,52
P5140-585,Books,Thriller Novel,Good product overall with minor issues.,4,21-08-2020,C39940,C. Taylor,1640-59,33
P6402-369,Toys,Plush Teddy Bear,"Very disappointed, would not recommend.",1,10/04/2021,C10732,Jamie Garcia,3159,26
P1680-321,Home & Kitchen,Stainless Steel Knife Block,"Great quality, very happy with this purchase.",5,2022-04-18,C91188,JORDAN TAYLOR,03285,33
P9797-849,Beauty,Matte Liquid Lipstick,"Average experience, nothing special.",3,"Nov 13, 2021",C91847,taylor johnson,01648,41
P7422-863,Clothing,Waterproof Hiking Jacket,"Very disappointed, would not recommend.",1,"Sep 29, 2020",C63507,Casey Garcia,3587-23,44
P6528-728,Clothing,Wool Winter Scarf,Good product overall with minor issues.,4,2024-03-25,C19523,J. Brown,09788,25
P7559-427,Home & Kitchen,Air Purifier,"Average experience, nothing special.",3,08/16/2021,C55428,Morgan Smith,09081,62
P7340-687,Toys,Building Block Set,"Very disappointed, would not recommend.",1,18/09/2021,C81913,Robin  De  Vries,05728,24
P6993-710,Clothing,Organic Cotton T-Shirt,"Average experience, nothing special.",3,04/09/2020,C27399,Jamie  Hernandez,1302,40
P3667-693,Home & Kitchen,Non-Stick Frying Pan Set,"Not very satisfied, has several problems.",2,27/02/2021,C70940,robin smith,09080,42
P3350-482,Beauty,Matte Liquid Lipstick,"Not very satisfied, has several problems.",2,24/05/2021,C78165,M. De Vries,1284 CN,33
P5932-767,Sports,Cycling Helmet,Not very user-friendly and the instructions were unclear. Wouldn’t buy again.,2,26 Sep 2021,C55943,A. Brown,07678,27
P9023-337,Clothing,Wool Winter Scarf,"Very disappointed, would not recommend.",1,23 Jun 2023,C22495,JORDAN MARTINS,4117-32,26
P3592-177,Pet Supplies,Grain-Free Dog Food,,4,02/12/2023,C93887,TAYLOR LEE,2136 LB,44
P8491-549,Groceries,Extra Virgin Olive Oil,"Average experience, nothing special.",3,02/24/2022,C89986,morgan taylor,4379-29,34
P1027-804,Books,Sci-Fi Adventure,"Great quality, very happy with this purchase.",5,2022-08-24,C51110,Robin  Hernandez,2024-44,25
P4742-736,Beauty,Nourishing Hair Mask,"Not very satisfied, has several problems.",2,29-06-2021,C40305,Jamie Lee,7358 KY,41
P5999-835,Toys,Plush Teddy Bear,Good product overall with minor issues.,4,20-10-2023,C29466,TAYLOR DUBOIS,,52
P7622-120,Beauty,Daily SPF 50 Sunscreen,"Average experience, nothing special.",3,"Mar 22, 2022",C29598,Robin Lee,1442-99,36
P5530-327,Books,Thriller Novel,"Great quality, very happy with this purchase.",5,2023-10-14,C54429,MORGAN SMITH,7421,33
P7823-422,Electronics,4K Ultra HD Smart TV,Good product overall with minor issues.,4,13-11-2020,C90750,Sam Lee,5174-41,56
P7445-496,Electronics,USB-C Fast Charger,"Very disappointed, would not recommend.",1,01 Jan 2022,C38544,C. Dubois,4436 PM,44
P5209-272,Sports,Adjustable Dumbbell Set,Good product overall with minor issues.,4,11/10/2022,C19453,S. De Vries,7753-23,41
P8562-559,Groceries,Dark Chocolate Bar,"Great quality, very happy with this purchase.",5,"Mar 07, 2023",C96339,Morgan  Johnson,1609 RD,39
P3346-431,Clothing,Slim Fit Jeans,"Great quality, very happy with this purchase.",5,"Mar 15, 2022",C78240,jamie smith,3616 CM,37
P2139-286,Clothing,Waterproof Hiking Jacket,"Very disappointed, would not recommend.",1,11/19/2021,C97843,P. Martins,5963 XU,39
P2860-530,Sports,Yoga Mat,"Great quality, very happy with this purchase.",5,07/02/2022,C29786,taylor taylor,9054-61,32
P4304-435,Clothing,Slim Fit Jeans,"Average experience, nothing special.",3,01/11/2024,C18895,Sam Hernandez,6102 ZS,19
P1640-158,Groceries,Gluten-Free Pasta,"Average experience, nothing special.",3,08/22/2024,C12873,P. Martins,1207 QB,43
P9378-352,Home & Kitchen,Air Purifier,"Not very satisfied, has several problems.",2,11/13/2020,C17350,SAM JOHNSON,09894,26
P9288-720,Groceries,Gluten-Free Pasta,Good product overall with minor issues.,4,17-12-2021,C87263,Jamie  Dubois,6993-96,51
P7367-880,Home & Kitchen,Electric Kettle,"Average experience, nothing special.",3,"Aug 06, 2021",C71122,JORDAN TAYLOR,05824,39
P2784-885,Office,Ergonomic Office Chair,"Average experience, nothing special.",3,18-12-2021,C20108,Pat  Smith,7273 BL,40
P7240-973,Pet Supplies,Cat Scratching Post,"Very disappointed, would not recommend.",1,11/08/2024,C71744,Taylor  Smith,09867,44
P8001-739,Electronics,Fitness Smartwatch,"Great quality, very happy with this purchase.",5,16-09-2021,C29988,jamie dubois,07092,43
P4708-805,Home & Kitchen,Stainless Steel Knife Block,"Great quality, very happy with this purchase.",5,16 Feb 2020,C78486,Jordan Johnson,7125 SL,75
P3146-642,Pet Supplies,Cat Litter Odor Control,"Very disappointed, would not recommend.",1,05-12-2021,C42763,P. Lee,04558,35
P4532-709,Groceries,Extra Virgin Olive Oil,"Very disappointed, would not recommend.",1,18 Mar 2022,C91197,Jordan  Hernandez,8386 OV,56
P6839-332,Toys,Plush Teddy Bear,"Average experience, nothing special.",3,"Mar 20, 2020",C93047,Casey  Hernandez,6639,20
P1570-702,Electronics,Wireless Noise-Cancelling Headphones,"Very disappointed, would not recommend.",1,20-12-2024,C33933,Pat  Hernandez,7876-30,59
P7214-312,Toys,Educational Puzzle Game,Good product overall with minor issues.,4,2021-02-12,C77712,SAM LEE,9194-26,18
P2413-753,Office,A4 Printer Paper,"Average experience, nothing special.",3,23 Jan 2024,C11948,J. Brown,9896,53
P6753-143,Clothing,Organic Cotton T-Shirt,"Very disappointed, would not recommend.",1,02 Jun 2022,C61553,Chris  Brown,4280,36
P3482-982,Books,Thriller Novel,"Not very satisfied, has several problems.",2,07 Nov 2024,C12416,P. Garcia,08836,28
P3358-101,Home & Kitchen,Stainless Steel Knife Block,Good product overall with minor issues.,4,"Feb 11, 2024",C32672,JAMIE DUBOIS,8029 PU,48
P1667-371,Electronics,4K Ultra HD Smart TV,Good product overall with minor issues.,4,11/27/2023,C62067,C. Hernandez,01037,48
P3681-271,Clothing,Running Sneakers,"Not very satisfied, has several problems.",2,2024-10-27,C18252,ALEX BROWN,01342,43
P9963-173,Groceries,Dark Chocolate Bar,"Average experience, nothing special.",3,2022-03-23,C83206,S. Lee,5947,54
P8032-968,Toys,Plush Teddy Bear,,4,"Jul 01, 2020",C21476,Taylor Brown,04863,36
P3205-922,Electronics,4K Ultra HD Smart TV,"Very disappointed, would not recommend.",1,03/13/2022,C75835,Alex  De  Vries,07201,55
P1303-377,Pet Supplies,Grain-Free Dog Food,"Average experience, nothing special.",3,"Jul 07, 2023",C99609,sam dubois,7304-32,41
P2434-674,Electronics,Wireless Noise-Cancelling Headphones,"Average experience, nothing special.",3,2023-04-14,C30981,ROBIN TAYLOR,8184-54,21
P9459-419,Sports,Adjustable Dumbbell Set,"Very disappointed, would not recommend.",1,2020-04-21,C84314,Chris Hernandez,4059,30
P6662-687,Clothing,Organic Cotton T-Shirt,"Not very satisfied, has several problems.",2,21/11/2023,C15620,Casey  Brown,05025,22
P3752-456,Books,Sci-Fi Adventure,"Average experience, nothing special.",3,"Nov 11, 2023",C58806,C. Taylor,6345,24
P6637-178,Home & Kitchen,Non-Stick Frying Pan Set,"Great quality, very happy with this purchase.",5,2020-12-24,C15014,MORGAN MARTINS,8403-10,28
P3539-160,Electronics,Bluetooth Portable Speaker,"Average experience, nothing special.",3,2022-08-08,C66466,C. Hernandez,4060 AP,
P9815-874,Clothing,Wool Winter Scarf,"Very disappointed, would not recommend.",1,2024-12-18,C28795,Jamie  Taylor,03966,57
P2298-138,Electronics,Bluetooth Portable Speaker,"Not very satisfied, has several problems.",2,05/05/2022,C48448,CASEY HERNANDEZ,5955 XN,31
P5978-826,Pet Supplies,Grain-Free Dog Food,"Not very satisfied, has several problems.",2,2023-07-29,C41165,Morgan Lee,6398-41,63
P8580-246,Electronics,Fitness Smartwatch,"Great quality, very happy with this purchase.",5,"Jan 12, 2023",C33538,Morgan Dubois,2193,62
P1112-114,Electronics,Fitness Smartwatch,Good product overall with minor issues.,4,23 Jul 2024,C90821,PAT LEE,8546-14,59
P4083-636,Books,Productivity Guidebook,"Average experience, nothing special.",3,10/10/2024,C39594,J. Dubois,5278 VU,28
P3870-481,Home & Kitchen,Non-Stick Frying Pan Set,"Great quality, very happy with this purchase.",5,"Aug 29, 2023",C53424,Jamie  Smith,03494,28
P8100-394,Electronics,Fitness Smartwatch,Good product overall with minor issues.,4,2023-11-30,C68794,sam garcia,9124-52,41
P5511-582,Home & Kitchen,Memory Foam Pillow,"Great quality, very happy with this purchase.",5,12 Jun 2020,C90821,PAT LEE,8546-14,59
P5185-899,Groceries,Extra Virgin Olive Oil,"Average experience, nothing special.",3,"May 13, 2022",C36415,Jamie  Martins,2455-99,27
P6590-218,Home & Kitchen,Stainless Steel Knife Block,,5,16-11-2023,C85487,S. Taylor,07232,44
P6244-265,Office,Wireless Mouse,"Average experience, nothing special.",3,23-10-2024,C70822,jamie hernandez,07270,70
P6573-646,Clothing,Slim Fit Jeans,"Great quality, very happy with this purchase.",5,20/02/2023,C45813,T. Garcia,6919-24,32
P4004-382,Electronics,4K Ultra HD Smart TV,Good product overall with minor issues.,4,07/03/2023,C26161,Pat  Hernandez,9462-94,76
P9225-625,Clothing,Organic Cotton T-Shirt,"Great quality, very happy with this purchase.",5,10/22/2023,C50019,taylor brown,2137,39
P3659-633,Home & Kitchen,Memory Foam Pillow,,3,07/02/2020,C73824,Pat  Hernandez,07077,70
P9441-293,Home & Kitchen,Memory Foam Pillow,Good product overall with minor issues.,4,06/04/2023,C68780,Jamie  Smith,1351,27
P9905-844,Electronics,4K Ultra HD Smart TV,"Not very satisfied, has several problems.",2,2024-02-01,C14691,Alex Garcia,6594 FV,38
P8064-793,Books,Thriller Novel,"Average experience, nothing special.",3,01 May 2020,C53598,M. Smith,06918,34
P9665-409,Toys,Family Board Game,"Great quality, very happy with this purchase.",5,07/31/2022,C51548,Taylor  Smith,1735 MI,45
P7920-517,Home & Kitchen,Memory Foam Pillow,"Very disappointed, would not recommend.",1,23/07/2024,C29242,J. Dubois,3192-23,42
P8428-187,Electronics,4K Ultra HD Smart TV,"Great quality, very happy with this purchase.",5,02/06/2020,C78280,Jamie  Lee,07875,57
P7618-627,Sports,Running Shorts,"Great quality, very happy with this purchase.",5,20 Nov 2021,C44223,pat lee,03549,31
P5463-567,Home & Kitchen,Non-Stick Frying Pan Set,"Very disappointed, would not recommend.",1,19 Feb 2022,C29867,Taylor Lee,3893 XU,18
P2779-191,Electronics,Wireless Noise-Cancelling Headphones,"Not very satisfied, has several problems.",2,04/18/2023,C52407,C. Dubois,1500-70,37
P7817-946,Home & Kitchen,Stainless Steel Knife Block,Good product overall with minor issues.,4,26/08/2023,C74696,A. Lee,04861,39
P8012-858,Home & Kitchen,Stainless Steel Knife Block,,2,15/09/2020,C49390,robin martins,01923,43
P2608-477,Books,Cookbook: Easy Weeknight Meals,"Very disappointed, would not recommend.",1,2021-09-01,C58606,CASEY LEE,6092-87,20
P7190-862,Books,Cookbook: Easy Weeknight Meals,"Great quality, very happy with this purchase.",5,15-08-2024,C57258,Chris Martins,2089,26
P6854-126,Home & Kitchen,Non-Stick Frying Pan Set,Good product overall with minor issues.,4,31/05/2022,C45430,SAM SMITH,2789 YF,34
P9971-769,Groceries,Organic Almond Butter,"Average experience, nothing special.",3,06-08-2022,C72211,TAYLOR LEE,4923-29,39
P9148-626,Clothing,Waterproof Hiking Jacket,"Great quality, very happy with this purchase.",5,06/01/2022,C99487,chris brown,6222-50,44
P4930-660,Pet Supplies,Dog Chew Toy,Good product overall with minor issues.,4,09/17/2020,C80853,Morgan  Lee,07625,33
P7253-692,Toys,Building Block Set,"Not very satisfied, has several problems.",2,23-05-2021,C73672,CASEY SMITH,6824-77,38
P7372-452,Home & Kitchen,Memory Foam Pillow,"Not very satisfied, has several problems.",2,2022-09-15,C43323,R. Martins,02008,37
P3986-568,Home & Kitchen,Non-Stick Frying Pan Set,"Average experience, nothing special.",3,01/12/2022,C98677,Alex Johnson,3906-85,32
P3018-129,Electronics,Wireless Noise-Cancelling Headphones,"Average experience, nothing special.",3,12/09/2021,C78098,alex lee,7465 JU,25
P1882-482,Electronics,USB-C Fast Charger,"Average experience, nothing special.",3,06-10-2022,C85365,alex lee,5845,68
P1767-668,Electronics,Wireless Noise-Cancelling Headphones,"Very disappointed, would not recommend.",1,28 Aug 2020,C15333,Taylor  De  Vries,4132-80,26
P7601-665,Clothing,Wool Winter Scarf,Good product overall with minor issues.,4,23 Jan 2020,C60537,P. De Vries,5888-35,74
P5807-720,Electronics,4K Ultra HD Smart TV,"Very disappointed, would not recommend.",1,08/09/2020,C23590,J. Brown,4213-31,30
P5017-627,Clothing,Running Sneakers,"Average experience, nothing special.",3,"May 23, 2021",C38137,Robin Brown,9474,20
P4350-286,Groceries,Organic Almond Butter,"Not very satisfied, has several problems.",2,13/03/2020,C99972,jamie de vries,4879,29
P9314-463,Electronics,4K Ultra HD Smart TV,"Average experience, nothing special.",3,11/13/2023,C16464,C. Johnson,2506-69,21
P9101-588,Home & Kitchen,Electric Kettle,"Very disappointed, would not recommend.",1,08/21/2024,C21769,Jamie  Smith,01874,37
P6883-514,Home & Kitchen,Air Purifier,"Average experience, nothing special.",3,10/13/2020,C54404,Taylor  Johnson,2149,59
P4137-968,Electronics,Bluetooth Portable Speaker,"Average experience, nothing special.",3,"Jan 24, 2023",C90956,A. Smith,1507-31,25
P3176-482,Clothing,Running Sneakers,"Great quality, very happy with this purchase.",5,28-01-2022,C48777,JORDAN JOHNSON,9240 JF,30
P5197-156,Office,Desk Organizer,"Average experience, nothing special.",3,27-10-2024,C83835,Jamie  Taylor,2813 UN,34
P7288-993,Beauty,Matte Liquid Lipstick,"Not very satisfied, has several problems.",2,"Nov 14, 2023",C26633,robin hernandez,6021 ZL,39
P9420-265,Clothing,Slim Fit Jeans,"Average experience, nothing special.",3,18/09/2024,C81648,Chris  Brown,05786,52
P5274-592,Beauty,Nourishing Hair Mask,"Average experience, nothing special.",3,11-03-2023,C84403,JAMIE TAYLOR,1236,49
P6822-653,Groceries,Dark Chocolate Bar,"Great quality, very happy with this purchase.",5,27/05/2020,C83517,morgan martins,09326,68
P6286-837,Sports,Adjustable Dumbbell Set,"Average experience, nothing special.",3,24 Mar 2023,C57395,robin smith,8694 VD,27
P9374-201,Clothing,Organic Cotton T-Shirt,"Average experience, nothing special.",3,06/10/2020,C39207,Robin  Garcia,05517,56
P2100-516,Beauty,Hydrating Face Serum,"Average experience, nothing special.",3,11/30/2023,C69710,Pat  Garcia,2480-57,47
P8185-248,Beauty,Hydrating Face Serum,"Great quality, very happy with this purchase.",5,03/03/2022,C38400,Pat Smith,8867-48,66
P6417-305,Beauty,Daily SPF 50 Sunscreen,"Very disappointed, would not recommend.",1,01-03-2023,C51599,jamie martins,5761-22,25
P5476-887,Clothing,Organic Cotton T-Shirt,"Not very satisfied, has several problems.",2,08-02-2020,C62150,Jamie  Hernandez,08586,58
P8524-631,Clothing,Wool Winter Scarf,"Very disappointed, would not recommend.",1,13-11-2021,C86618,Jamie Martins,2103 KN,43
P3914-123,Electronics,USB-C Fast Charger,"Not very satisfied, has several problems.",2,02/14/2023,C75036,Morgan Martins,2240 QW,52
P2366-782,Pet Supplies,Dog Chew Toy,"Average experience, nothing special.",3,07-02-2020,C86697,MORGAN GARCIA,09900,37
P6249-219,Home & Kitchen,Non-Stick Frying Pan Set,"Average experience, nothing special.",3,13-06-2023,C69350,C. Dubois,07236,29
P4217-727,Electronics,USB-C Fast Charger,Good product overall with minor issues.,4,"Apr 18, 2023",C22463,Taylor Hernandez,8601,42
P3853-326,Beauty,Hydrating Face Serum,"Great quality, very happy with this purchase.",5,05-04-2024,C80259,CASEY TAYLOR,9802,39
P3362-676,Groceries,Extra Virgin Olive Oil,"Not very satisfied, has several problems.",2,11/04/2020,C84427,Chris  Taylor,3754,43
P8085-506,Electronics,Wireless Noise-Cancelling Headphones,Good product overall with minor issues.,4,01/24/2022,C94869,Alex Garcia,9155,39
P9300-886,Beauty,Hydrating Face Serum,"Great quality, very happy with this purchase.",5,2021-02-21,C83495,sam hernandez,3015-16,43
P2151-539,Sports,Foam Roller,"Not very satisfied, has several problems.",2,14 Jul 2022,C13839,A. Lee,8330,41
P1044-885,Pet Supplies,Cat Litter Odor Control,"Great quality, very happy with this purchase.",5,28-11-2024,C19056,Chris Brown,05917,70
P4519-513,Electronics,Wireless Noise-Cancelling Headphones,Good product overall with minor issues.,4,08/30/2023,C14657,Casey Brown,6581-95,49
P1993-342,Groceries,Dark Chocolate Bar,"Average experience, nothing special.",3,2021-01-20,C23715,J. De Vries,4559-52,54
P9922-928,Home & Kitchen,Air Purifier,Good product overall with minor issues.,4,11/27/2022,C22689,casey dubois,5896 OI,29
P5960-517,Toys,Building Block Set,"Average experience, nothing special.",3,2022-08-03,C73622,jordan brown,09916,18
P8093-784,Electronics,Wireless Noise-Cancelling Headphones,"Very disappointed, would not recommend.",1,2024-07-17,C93468,Jordan Johnson,2721,39
P7696-851,Beauty,Matte Liquid Lipstick,"Not very satisfied, has several problems.",2,08-07-2020,C71469,SAM SMITH,7220,47
P1069-780,Home & Kitchen,Stainless Steel Knife Block,"Average experience, nothing special.",3,21-06-2024,C61192,Jordan Brown,07452,60
P2118-637,Toys,Educational Puzzle Game,"Great quality, very happy with this purchase.",5,12-03-2023,C83680,casey smith,3676,21
P2200-690,Sports,Running Shorts,"Great quality, very happy with this purchase.",5,05 Jun 2020,C72505,T. Lee,2212 CD,39
P3160-945,Toys,Family Board Game,"Great quality, very happy with this purchase.",5,21-01-2020,C91287,chris garcia,05888,26
P3342-404,Home & Kitchen,Stainless Steel Knife Block,Good product overall with minor issues.,4,26-04-2020,C48970,CASEY BROWN,3094 OZ,18
P6899-942,Groceries,Dark Chocolate Bar,"Not very satisfied, has several problems.",2,2021-06-23,C93514,Jordan  Garcia,7688-37,47
P9095-465,Home & Kitchen,Stainless Steel Knife Block,"Great quality, very happy with this purchase.",5,08 Jun 2023,C45806,casey dubois,7631 NI,38
P9362-205,Electronics,Bluetooth Portable Speaker,Good product overall with minor issues.,4,11 Apr 2023,C11585,taylor brown,3323,33
P2965-413,Home & Kitchen,Memory Foam Pillow,Good product overall with minor issues.,4,2020-07-13,C18989,pat de vries,3292-31,61
P4144-532,Clothing,Wool Winter Scarf,"Average experience, nothing special.",3,06/03/2020,C17512,C. Hernandez,9797-71,31
P2494-117,Home & Kitchen,Stainless Steel Knife Block,"Great quality, very happy with this purchase.",5,11-04-2020,C87382,C. Smith,4467-44,72
P3871-845,Books,Cookbook: Easy Weeknight Meals,"Not very satisfied, has several problems.",2,2023-11-10,C83523,chris hernandez,4132-22,28
P5390-171,Home & Kitchen,Memory Foam Pillow,"Great quality, very happy with this purchase.",5,23-11-2023,C22608,morgan brown,06382,29
P1004-309,Electronics,USB-C Fast Charger,"Not very satisfied, has several problems.",2,2023-01-27,C29811,Chris  Taylor,7503,44
P2976-995,Home & Kitchen,Air Purifier,,1,07/22/2020,C63532,Morgan Dubois,7215,40
P6939-433,Home & Kitchen,Memory Foam Pillow,"Great quality, very happy with this purchase.",5,11-05-2023,C39314,J. Taylor,3487,24
P7218-813,Beauty,Nourishing Hair Mask,Good product overall with minor issues.,4,"Sep 19, 2020",C13232,CASEY BROWN,8289,24
P1237-881,Home & Kitchen,Stainless Steel Knife Block,Good product overall with minor issues.,4,2020-01-05,C48199,P. Johnson,1153 RI,34
P9449-211,Electronics,Bluetooth Portable Speaker,"Not very satisfied, has several problems.",2,07 Oct 2024,C40876,Taylor Taylor,5510,28
P5274-622,Electronics,Bluetooth Portable Speaker,,2,02-11-2022,C59244,JAMIE BROWN,6576-72,55
P5098-799,Groceries,Dark Chocolate Bar,"Great quality, very happy with this purchase.",5,04-10-2021,C42548,Pat  Martins,4174,80
P6042-601,Books,Cookbook: Easy Weeknight Meals,"Very disappointed, would not recommend.",1,29 Aug 2020,C20722,Casey Smith,4696-64,68
P5252-265,Groceries,Whole Bean Coffee,,4,"Dec 14, 2020",C29542,MORGAN DE VRIES,6754-57,57
P7301-387,Clothing,Organic Cotton T-Shirt,"Great quality, very happy with this purchase.",5,10/06/2020,C75478,M. Brown,3543 XJ,68
P4652-782,Books,Sci-Fi Adventure,"Great quality, very happy with this purchase.",5,2022-03-08,C29001,Pat  Taylor,3418,29
P6896-529,Home & Kitchen,Stainless Steel Knife Block,"Very disappointed, would not recommend.",1,27/10/2024,C95070,Morgan  Martins,7316 FP,44
P5663-632,Clothing,Waterproof Hiking Jacket,"Not very satisfied, has several problems.",2,01-08-2022,C90692,jamie smith,6487,40
P7541-404,Toys,Educational Puzzle Game,"Average experience, nothing special.",3,23-10-2023,C85818,Jamie  Johnson,5642-15,48
P7176-212,Electronics,Fitness Smartwatch,Good product overall with minor issues.,4,22/08/2023,C81569,sam de vries,5298-31,64
P9891-987,Electronics,4K Ultra HD Smart TV,"Great quality, very happy with this purchase.",5,03/03/2023,C85465,alex dubois,7599,41
P7131-533,Pet Supplies,Cat Litter Odor Control,"Not very satisfied, has several problems.",2,03/12/2022,C18491,SAM MARTINS,06219,26
P3017-771,Electronics,USB-C Fast Charger,"Not very satisfied, has several problems.",2,2022-01-12,C76788,S. Johnson,3249,72
P6423-184,Clothing,Wool Winter Scarf,"Great quality, very happy with this purchase.",5,13 Jun 2024,C93098,sam lee,5335,43
P9402-922,Books,Sci-Fi Adventure,"Great quality, very happy with this purchase.",5,10/05/2021,C32216,C. Brown,8906-33,43
P1623-429,Home & Kitchen,Memory Foam Pillow,"Average experience, nothing special.",3,"Feb 01, 2024",C69267,SAM HERNANDEZ,09257,22
P4530-249,Clothing,Running Sneakers,"Not very satisfied, has several problems.",2,2020-04-14,C67728,Jamie Hernandez,6797-55,21
P3068-172,Clothing,Running Sneakers,"Average experience, nothing special.",3,15-11-2023,C71964,J. De Vries,4361 PB,25
P9378-565,Electronics,USB-C Fast Charger,"Very disappointed, would not recommend.",1,26-10-2023,C75882,jordan smith,02093,35
P8571-379,Electronics,4K Ultra HD Smart TV,Good product overall with minor issues.,4,2020-04-28,C48550,J. Smith,3827-67,32
P6549-115,Books,Cookbook: Easy Weeknight Meals,"Very disappointed, would not recommend.",1,21-05-2023,C95709,Jordan Johnson,1083-58,38
P6248-334,Office,Wireless Mouse,"Average experience, nothing special.",3,2022-05-06,C80912,taylor smith,5850 RW,25
P4022-155,Pet Supplies,Pet Grooming Brush,"Very disappointed, would not recommend.",1,"Jan 11, 2022",C69563,alex smith,03612,78
P8104-752,Electronics,Wireless Noise-Cancelling Headphones,"Great quality, very happy with this purchase.",5,24 Oct 2021,C26172,CHRIS BROWN,4360 ZY,42
P8999-978,Sports,Adjustable Dumbbell Set,Good product overall with minor issues.,4,23-02-2022,C43544,JORDAN JOHNSON,,28
P5747-128,Groceries,Extra Virgin Olive Oil,"Average experience, nothing special.",3,2020-07-14,C33330,MORGAN LEE,02593,46
P6263-330,Sports,Adjustable Dumbbell Set,"Very disappointed, would not recommend.",1,19/07/2022,C48112,pat johnson,6870,27
P9997-679,Electronics,USB-C Fast Charger,"Not very satisfied, has several problems.",2,23-11-2024,C38723,Chris  Brown,9794,80
P5397-432,Office,Desk Organizer,Good product overall with minor issues.,4,11 Nov 2022,C67550,Alex Hernandez,02320,43
P5177-731,Home & Kitchen,Stainless Steel Knife Block,"Not very satisfied, has several problems.",2,11-01-2020,C82482,Jordan  Garcia,9228 TU,50
P7327-943,Office,Mechanical Keyboard,"Average experience, nothing special.",3,2023-11-08,C98488,Sam  De  Vries,2229-74,38
P9842-199,Books,Sci-Fi Adventure,"Not very satisfied, has several problems.",2,"Aug 26, 2022",C65389,TAYLOR LEE,03894,40
P6176-977,Toys,Remote Control Car,"Not very satisfied, has several problems.",2,05 May 2024,C57346,morgan hernandez,8570-30,30
P2417-107,Toys,Building Block Set,"Great quality, very happy with this purchase.",5,07/12/2021,C99020,sam martins,09607,38
P1112-645,Electronics,Wireless Noise-Cancelling Headphones,"Great quality, very happy with this purchase.",5,15 Jan 2023,C71797,P. Lee,2749 OO,30
P5570-677,Beauty,Hydrating Face Serum,"Not very satisfied, has several problems.",2,12/28/2021,C19417,alex dubois,8592 WC,44
P6226-806,Electronics,4K Ultra HD Smart TV,"Not very satisfied, has several problems.",2,21-05-2024,C51733,casey taylor,9909 WL,54
P3201-332,Groceries,Extra Virgin Olive Oil,"Great quality, very happy with this purchase.",5,"Jul 27, 2022",C78384,MORGAN JOHNSON,9271,46
P6212-648,Sports,Cycling Helmet,Good product overall with minor issues.,4,2024-04-26,C58306,Taylor Dubois,07656,76
P1124-280,Electronics,USB-C Fast Charger,"Great quality, very happy with this purchase.",5,22-07-2023,C74943,Sam  Taylor,6910 ED,38
P5343-273,Electronics,4K Ultra HD Smart TV,"Great quality, very happy with this purchase.",5,2023-02-28,C44805,Sam  Martins,5771 AU,57
P3384-172,Toys,Educational Puzzle Game,"Great quality, very happy with this purchase.",5,06 Jun 2020,C40073,Taylor Smith,5871,35
P5640-419,Groceries,Organic Almond Butter,Good product overall with minor issues.,4,12/10/2020,C55061,sam taylor,9809-51,54
P7959-842,Pet Supplies,Grain-Free Dog Food,Good product overall with minor issues.,4,04/21/2024,C73820,ALEX SMITH,4587 AI,75
P1351-483,Groceries,Extra Virgin Olive Oil,"Great quality, very happy with this purchase.",5,23 Feb 2020,C52724,Pat Hernandez,03158,48
P2016-588,Electronics,4K Ultra HD Smart TV,"Average experience, nothing special.",3,2021-04-26,C83593,ROBIN DUBOIS,7213-64,57
P2016-191,Office,A4 Printer Paper,"Average experience, nothing special.",3,2024-01-03,C53659,morgan lee,4853 TS,28
P8154-608,Clothing,Organic Cotton T-Shirt,"Great quality, very happy with this purchase.",5,2020-12-11,C46779,Sam Johnson,8513 YK,34
P1985-781,Clothing,Running Sneakers,"Great quality, very happy with this purchase.",5,"May 31, 2022",C72202,Sam Smith,8160 UK,75
P5155-667,Beauty,Matte Liquid Lipstick,"Very disappointed, would not recommend.",1,2021-04-12,C49806,Taylor Martins,07094,28
P2315-651,Home & Kitchen,Stainless Steel Knife Block,Good product overall with minor issues.,4,20-11-2023,C46979,Alex Lee,7192,18
P7156-193,Clothing,Organic Cotton T-Shirt,"Great quality, very happy with this purchase.",5,08/06/2023,C85225,morgan martins,8010-24,25
P5928-870,Office,A4 Printer Paper,"Not very satisfied, has several problems.",2,27 Feb 2022,C75002,R. Garcia,3514 UO,27
P2303-233,Electronics,Fitness Smartwatch,,3,05/09/2020,C30962,JAMIE BROWN,4934-37,31
P8272-716,Pet Supplies,Pet Grooming Brush,"Average experience, nothing special.",3,02/08/2022,C70505,Chris Martins,05862,43
P1101-297,Books,Cookbook: Easy Weeknight Meals,Good product overall with minor issues.,4,02/28/2022,C20435,Taylor Taylor,9397-42,56
P3052-273,Books,Cookbook: Easy Weeknight Meals,"Great quality, very happy with this purchase.",5,2021-11-29,C40808,PAT TAYLOR,06165,28
P2767-179,Electronics,4K Ultra HD Smart TV,"Very disappointed, would not recommend.",1,06 Oct 2023,C74572,S. Taylor,7888 WT,30
P2251-933,Electronics,4K Ultra HD Smart TV,"Very disappointed, would not recommend.",1,2020-06-05,C13927,casey de vries,01800,31
P2350-745,Toys,Family Board Game,"Great quality, very happy with this purchase.",5,25-02-2023,C12753,Sam Smith,9358,41
P7908-283,Office,Desk Organizer,"Great quality, very happy with this purchase.",5,05/23/2021,C83538,Alex Garcia,9596-67,43
P5280-379,Home & Kitchen,Electric Kettle,"Not very satisfied, has several problems.",2,12 Feb 2021,C85350,morgan martins,5478,50
P3374-915,Groceries,Gluten-Free Pasta,"Not very satisfied, has several problems.",2,08/04/2023,C82411,alex johnson,07338,31
P9347-484,Books,Cookbook: Easy Weeknight Meals,Good product overall with minor issues.,4,"Oct 18, 2023",C23982,J. Smith,05442,35
P7825-294,Electronics,4K Ultra HD Smart TV,"Not very satisfied, has several problems.",2,06/17/2021,C17629,MORGAN JOHNSON,8765 SM,27
P1960-637,Home & Kitchen,Air Purifier,"Great quality, very happy with this purchase.",5,28 Jun 2024,C26107,ALEX DUBOIS,2906,19
P6746-633,Clothing,Running Sneakers,"Average experience, nothing special.",3,10/15/2024,C86973,Chris  Smith,5929 NA,20
P9734-211,Clothing,Organic Cotton T-Shirt,Good product overall with minor issues.,4,08/05/2021,C51447,Robin  Martins,3129 GZ,25
P4616-534,Home & Kitchen,Non-Stick Frying Pan Set,"Average experience, nothing special.",3,15 Jun 2023,C14592,robin dubois,8169-42,34
P4268-311,Toys,Building Block Set,"Not very satisfied, has several problems.",2,07/28/2024,C39798,J. Dubois,08976,58
P7409-227,Electronics,4K Ultra HD Smart TV,"Very disappointed, would not recommend.",1,09/07/2020,C51925,sam martins,3772,39
P5609-528,Clothing,Wool Winter Scarf,"Not very satisfied, has several problems.",2,03/06/2020,C27622,ALEX JOHNSON,7873 QF,37
P5196-210,Books,Personal Finance Basics,"Great quality, very happy with this purchase.",5,"Jun 01, 2020",C26559,R. Johnson,2691-24,41
P5311-542,Home & Kitchen,Air Purifier,"Not very satisfied, has several problems.",2,30-01-2022,C79729,M. Martins,4226 IP,75
P8459-709,Electronics,Bluetooth Portable Speaker,"Not very satisfied, has several problems.",2,10 Sep 2020,C88653,Morgan  Smith,3097,41
P8191-351,Sports,Adjustable Dumbbell Set,"Great quality, very happy with this purchase.",5,"Oct 31, 2023",C97016,A. Lee,5103-53,78
P7528-348,Home & Kitchen,Non-Stick Frying Pan Set,"Not very satisfied, has several problems.",2,"Dec 27, 2024",C52029,C. Lee,9208 AJ,25
P7674-827,Clothing,Running Sneakers,"Very disappointed, would not recommend.",1,21 May 2020,C64753,Pat  Dubois,4068 RV,73
P8977-853,Clothing,Organic Cotton T-Shirt,"Great quality, very happy with this purchase.",5,12 May 2023,C12146,Robin  Hernandez,4842-99,27
P2339-724,Electronics,4K Ultra HD Smart TV,"Average experience, nothing special.",3,06 Jun 2024,C94086,T. Brown,05612,25
P3917-248,Beauty,Matte Liquid Lipstick,"Average experience, nothing special.",3,02/16/2020,C60063,Robin De Vries,05717,25
P9735-683,Electronics,4K Ultra HD Smart TV,"Not very satisfied, has several problems.",2,04/04/2021,C38951,Robin Johnson,3876-46,41
P3570-648,Pet Supplies,Dog Chew Toy,"Great quality, very happy with this purchase.",5,11/09/2024,C84941,P. Hernandez,6185 QV,19
P6204-915,Clothing,Organic Cotton T-Shirt,"Great quality, very happy with this purchase.",5,"Oct 23, 2023",C16250,CHRIS MARTINS,4012,26
P8601-647,Sports,Adjustable Dumbbell Set,"Very disappointed, would not recommend.",1,01-05-2020,C11346,casey martins,03431,36
P1621-805,Groceries,Organic Almond Butter,"Great quality, very happy with this purchase.",5,30 Sep 2020,C53221,Casey Brown,9004 WO,63
P9384-479,Toys,Building Block Set,"Average experience, nothing special.",3,06-09-2023,C47040,S. Taylor,,27
P2787-226,Office,Mechanical Keyboard,"Great quality, very happy with this purchase.",5,06/10/2020,C24770,T. Brown,7106,32
P3224-833,Home & Kitchen,Air Purifier,"Great quality, very happy with this purchase.",5,"Oct 06, 2021",C47109,sam dubois,1593,33
P6561-329,Sports,Foam Roller,"Not very satisfied, has several problems.",2,2020-07-07,C72838,Morgan Lee,3934-94,34
P3001-739,Books,Cookbook: Easy Weeknight Meals,"Great quality, very happy with this purchase.",5,"Aug 17, 2022",C21362,robin martins,02738,48
P2283-783,Beauty,Hydrating Face Serum,"Average experience, nothing special.",3,2020-08-12,C49537,MORGAN DE VRIES,1448 VL,29
P8100-885,Beauty,Matte Liquid Lipstick,"Average experience, nothing special.",3,24 Oct 2020,C83808,Taylor  Hernandez,7115-99,35
P2175-245,Sports,Running Shorts,Good product overall with minor issues.,4,"Aug 01, 2024",C45527,alex johnson,6704-67,31
P1267-505,Electronics,4K Ultra HD Smart TV,"Great quality, very happy with this purchase.",5,"May 21, 2022",C82233,Pat  Johnson,01995,65
P8021-984,Electronics,Wireless Noise-Cancelling Headphones,Good product overall with minor issues.,4,"May 27, 2024",C51902,alex johnson,08074,35
P9903-290,Home & Kitchen,Air Purifier,Good product overall with minor issues.,4,2023-01-29,C72097,A. Garcia,8119 YO,60
P6887-330,Home & Kitchen,Stainless Steel Knife Block,"Not very satisfied, has several problems.",2,01/19/2023,C12741,Casey  Brown,08433,51
P1709-758,Home & Kitchen,Memory Foam Pillow,"Average experience, nothing special.",3,03/30/2022,C78628,alex taylor,1848 ZL,44
P1569-357,Sports,Cycling Helmet,"Average experience, nothing special.",3,20 Mar 2024,C93421,J. Hernandez,3295-12,33
P8417-813,Electronics,Wireless Noise-Cancelling Headphones,"Great quality, very happy with this purchase.",5,10/13/2024,C86502,Jordan Lee,4010-40,43
P7722-859,Pet Supplies,Pet Grooming Brush,"Not very satisfied, has several problems.",2,01/08/2020,C52044,Chris  Smith,5983-78,57
P1219-838,Clothing,Organic Cotton T-Shirt,"Average experience, nothing special.",3,"Jan 14, 2024",C55578,JAMIE BROWN,09256,21
P7392-328,Home & Kitchen,Stainless Steel Knife Block,Good product overall with minor issues.,4,12/11/2024,C93514,Jordan  Garcia,7688-37,47
P7495-941,Electronics,Bluetooth Portable Speaker,"Average experience, nothing special.",3,27-01-2020,C92518,C. Garcia,5681-43,75
P7276-931,Sports,Foam Roller,"Not very satisfied, has several problems.",2,24-01-2022,C44347,JAMIE MARTINS,7936-56,37
P9335-501,Clothing,Waterproof Hiking Jacket,"Very disappointed, would not recommend.",1,2022-07-05,C24090,CHRIS GARCIA,4027 CH,44
P7662-258,Office,Mechanical Keyboard,"Not very satisfied, has several problems.",2,09/29/2021,C88722,Sam De Vries,2368 FW,40
P7794-857,Home & Kitchen,Memory Foam Pillow,"Very disappointed, would not recommend.",1,2020-08-25,C80487,pat dubois,1739 JX,62
P6068-725,Beauty,Daily SPF 50 Sunscreen,"Great quality, very happy with this purchase.",5,09 Jul 2023,C14657,Casey Brown,6581-95,49
P9569-784,Clothing,Organic Cotton T-Shirt,"Average experience, nothing special.",3,18-10-2024,C50092,pat smith,7157-35,54
P2428-567,Books,Thriller Novel,"Not very satisfied, has several problems.",2,19-04-2022,C54122,Pat  Martins,1915 VY,21
P8311-522,Electronics,Bluetooth Portable Speaker,"Very disappointed, would not recommend.",1,14-06-2021,C63902,C. Dubois,7826 FF,29
P3855-373,Home & Kitchen,Electric Kettle,"Average experience, nothing special.",3,2023-05-02,C45505,Morgan  Brown,5935-91,43
P4336-631,Office,Wireless Mouse,"Very disappointed, would not recommend.",1,2022-10-02,C41326,jamie garcia,7844-11,32
P7315-158,Books,Sci-Fi Adventure,,4,10-03-2023,C50315,Casey De Vries,6964 SC,31
P1463-364,Clothing,Wool Winter Scarf,"Very disappointed, would not recommend.",1,07/10/2024,C22801,pat johnson,2600,31
P5763-903,Toys,Building Block Set,"Great quality, very happy with this purchase.",5,2024-05-29,C10798,Chris Dubois,09565,41
P8533-168,Books,Sci-Fi Adventure,"Not very satisfied, has several problems.",2,"Jan 07, 2023",C28649,R. Hernandez,06543,53
P8170-931,Books,Cookbook: Easy Weeknight Meals,"Not very satisfied, has several problems.",2,2023-08-28,C87522,CASEY GARCIA,2227-99,39
P1770-467,Home & Kitchen,Memory Foam Pillow,"Very disappointed, would not recommend.",1,"Oct 10, 2020",C63898,T. Dubois,8134,39
P7463-684,Clothing,Slim Fit Jeans,"Average experience, nothing special.",3,2022-07-05,C92932,alex johnson,1555-41,28
P5290-934,Electronics,4K Ultra HD Smart TV,"Not very satisfied, has several problems.",2,05/05/2021,C21591,Sam Smith,6287 TE,19
P8357-134,Sports,Foam Roller,"Not very satisfied, has several problems.",2,05/31/2021,C52905,T. Johnson,1820 US,60
P5323-333,Clothing,Waterproof Hiking Jacket,"Average experience, nothing special.",3,"Jul 14, 2024",C46406,Chris Dubois,07659,36
P1283-868,Beauty,Hydrating Face Serum,"Very disappointed, would not recommend.",1,24/09/2024,C37925,JAMIE BROWN,4735-73,41
P6613-129,Office,Wireless Mouse,"Not very satisfied, has several problems.",2,23 Jan 2024,C26768,ALEX MARTINS,06626,53
P9608-836,Books,Personal Finance Basics,"Great quality, very happy with this purchase.",5,13/02/2024,C19562,J. Lee,7184 LQ,31
P7540-643,Office,A4 Printer Paper,"Not very satisfied, has several problems.",2,15/06/2023,C92543,S. Brown,8080 XT,21
P8086-969,Toys,Remote Control Car,"Average experience, nothing special.",3,"Apr 20, 2021",C12209,Morgan De Vries,07095,33
P9836-590,Home & Kitchen,Air Purifier,"Average experience, nothing special.",3,2020-12-18,C59881,JORDAN MARTINS,2175,47
P5325-862,Toys,Family Board Game,"Great quality, very happy with this purchase.",5,"Apr 23, 2023",C25722,Morgan Martins,9776,56
P7157-562,Books,Cookbook: Easy Weeknight Meals,Good product overall with minor issues.,4,2024-05-23,C43045,SAM DUBOIS,9434,71
P4542-901,Home & Kitchen,Memory Foam Pillow,"Great quality, very happy with this purchase.",5,2023-08-14,C58124,taylor martins,8269-90,37
P2012-452,Beauty,Gentle Face Cleanser,"Average experience, nothing special.",3,05/27/2021,C86774,Sam  Garcia,05293,25
P6678-633,Home & Kitchen,Non-Stick Frying Pan Set,Good product overall with minor issues.,4,"Mar 07, 2022",C88825,JORDAN MARTINS,5580-59,40
P1490-434,Home & Kitchen,Non-Stick Frying Pan Set,Good product overall with minor issues.,4,22/04/2022,C63944,Sam  Lee,1522,60
P4497-536,Clothing,Running Sneakers,"Very disappointed, would not recommend.",1,24/03/2021,C24576,sam lee,8036,21
P6702-167,Sports,Foam Roller,"Great quality, very happy with this purchase.",5,02-05-2023,C30798,Robin Martins,09735,29
P9349-120,Electronics,4K Ultra HD Smart TV,"Average experience, nothing special.",3,01 Jul 2022,C29967,ROBIN BROWN,04114,55
P8310-166,Books,Sci-Fi Adventure,"Great quality, very happy with this purchase.",5,2022-01-24,C43323,R. Martins,02008,37
P4249-636,Beauty,Gentle Face Cleanser,"Very disappointed, would not recommend.",1,01-05-2023,C87883,Casey Lee,5129,21
P4776-802,Electronics,4K Ultra HD Smart TV,"Average experience, nothing special.",3,01 May 2024,C14805,S. Martins,01744,19
P7139-761,Beauty,Matte Liquid Lipstick,"Average experience, nothing special.",3,"May 04, 2020",C81904,Jordan Brown,05907,33
P4727-868,Clothing,Waterproof Hiking Jacket,"Great quality, very happy with this purchase.",5,18-04-2022,C19986,Jordan Garcia,4482-26,47
P7475-774,Electronics,4K Ultra HD Smart TV,"Average experience, nothing special.",3,2024-09-15,C88735,jordan lee,1985-28,34
P8807-784,Electronics,Bluetooth Portable Speaker,"Great quality, very happy with this purchase.",5,05/26/2022,C79570,Sam Hernandez,2299-11,55
P7991-870,Home & Kitchen,Stainless Steel Knife Block,"Average experience, nothing special.",3,2020-11-07,C26521,Sam  Garcia,5135 ON,49
P9116-155,Pet Supplies,Cat Litter Odor Control,"Not very satisfied, has several problems.",2,2022-06-20,C18796,Alex Hernandez,7139-56,36
P5176-804,Sports,Running Shorts,"Not very satisfied, has several problems.",2,2022-07-28,C72334,jamie de vries,07610,60
P6888-663,Toys,Building Block Set,"Great quality, very happy with this purchase.",5,2024-06-02,C66274,S. Taylor,08643,39
P1156-150,Groceries,Organic Almond Butter,"Very disappointed, would not recommend.",1,13-06-2021,C19171,CASEY LEE,6382-76,43
P5957-533,Pet Supplies,Grain-Free Dog Food,"Not very satisfied, has several problems.",2,2023-04-21,C35278,PAT SMITH,6894,22
P3258-342,Office,A4 Printer Paper,"Very disappointed, would not recommend.",1,01/22/2024,C22166,S. Martins,7065-99,66
P4802-396,Electronics,Wireless Noise-Cancelling Headphones,"Not very satisfied, has several problems.",2,2024-11-13,C76773,robin martins,03412,29
P6403-296,Beauty,Gentle Face Cleanser,"Average experience, nothing special.",3,2023-04-23,C55763,M. Brown,5089 XJ,41
P9165-646,Electronics,Fitness Smartwatch,"Very disappointed, would not recommend.",1,22/01/2024,C25786,ROBIN BROWN,03131,32
P8737-150,Home & Kitchen,Air Purifier,"Average experience, nothing special.",3,10/15/2021,C13523,Chris  Lee,6765,28
P5904-697,Toys,Educational Puzzle Game,"Great quality, very happy with this purchase.",5,08/28/2020,C11651,Robin  Johnson,08522,
P6600-610,Pet Supplies,Dog Chew Toy,"Great quality, very happy with this purchase.",5,31/07/2021,C58461,taylor dubois,4401,43
P3677-262,Clothing,Organic Cotton T-Shirt,Good product overall with minor issues.,4,04/26/2023,C48024,Taylor  Martins,1762,29
P8937-117,Pet Supplies,Cat Scratching Post,"Great quality, very happy with this purchase.",5,03/25/2023,C89855,Robin Smith,5259,40
P7229-723,Toys,Plush Teddy Bear,"Not very satisfied, has several problems.",2,22-06-2021,C73687,JAMIE GARCIA,8856 DX,76
P8936-723,Electronics,Bluetooth Portable Speaker,"Average experience, nothing special.",3,02/22/2020,C51733,casey taylor,9909 WL,54
P7878-748,Electronics,Bluetooth Portable Speaker,"Not very satisfied, has several problems.",2,2022-08-02,C19886,ALEX GARCIA,2622 DT,52
P9592-418,Electronics,Fitness Smartwatch,Good product overall with minor issues.,4,28-03-2023,C37815,jamie johnson,5758 XC,31
P1025-141,Clothing,Running Sneakers,"Great quality, very happy with this purchase.",5,07/21/2022,C82371,Morgan  Martins,3249-97,21
P4168-153,Clothing,Slim Fit Jeans,Good product overall with minor issues.,4,29 Nov 2021,C72044,Morgan Martins,2542 RI,31
P7583-282,Electronics,Bluetooth Portable Speaker,"Very disappointed, would not recommend.",1,10 May 2022,C32542,casey de vries,02390,27
P4297-839,Electronics,USB-C Fast Charger,"Great quality, very happy with this purchase.",5,2023-11-08,C50896,Casey Brown,1893,30
P4023-453,Clothing,Slim Fit Jeans,Good product overall with minor issues.,4,23/12/2022,C64446,MORGAN JOHNSON,1284 HE,19
P1271-591,Electronics,4K Ultra HD Smart TV,"Not very satisfied, has several problems.",2,"Dec 11, 2022",C83592,A. Johnson,3727,31
P1986-179,Pet Supplies,Grain-Free Dog Food,"Very disappointed, would not recommend.",1,26 Jun 2022,C33392,A. Garcia,01564,27
P2364-810,Home & Kitchen,Non-Stick Frying Pan Set,"Very disappointed, would not recommend.",1,09/10/2024,C47109,sam dubois,1593,33
P9252-566,Electronics,4K Ultra HD Smart TV,"Average experience, nothing special.",3,"May 02, 2020",C71279,Alex  Taylor,8946,44
P1516-382,Electronics,Wireless Noise-Cancelling Headphones,"Average experience, nothing special.",3,08/14/2020,C59670,Chris  Johnson,3043,27
P6723-668,Clothing,Organic Cotton T-Shirt,"Not very satisfied, has several problems.",2,06/13/2024,C41381,CHRIS HERNANDEZ,3608 HN,54
P6044-587,Sports,Adjustable Dumbbell Set,"Average experience, nothing special.",3,"Jan 28, 2020",C73442,morgan taylor,7909,53
P2197-202,Home & Kitchen,Air Purifier,"Great quality, very happy with this purchase.",5,01/30/2022,C21123,Robin  Smith,8394 NN,75
P5094-121,Electronics,Wireless Noise-Cancelling Headphones,Good product overall with minor issues.,4,27 Feb 2021,C40674,,9201,59
P8026-719,Clothing,Organic Cotton T-Shirt,"Very disappointed, would not recommend.",1,"May 07, 2020",C44159,robin garcia,8188 QD,34
P4549-711,Clothing,Running Sneakers,"Average experience, nothing special.",3,"Jul 15, 2020",C78459,Jamie  Taylor,4821,80
P3608-573,Sports,Foam Roller,Good product overall with minor issues.,4,22 Aug 2022,C34931,C. De Vries,7743,18
P9217-555,Toys,Plush Teddy Bear,Top-notch product. Packaging was great and everything worked straight out of the box.,5,"Jun 28, 2024",C89384,R. De Vries,03714,43
P1087-976,Home & Kitchen,Non-Stick Frying Pan Set,,4,17 Jan 2021,C86760,J. Martins,7468,24
P3562-982,Home & Kitchen,Stainless Steel Knife Block,"Great quality, very happy with this purchase.",5,"Dec 02, 2022",C70301,MORGAN LEE,1181 DS,33
P9165-683,Office,Wireless Mouse,Good product overall with minor issues.,4,08/04/2024,C58655,M. Johnson,9452-46,30
P3036-968,Books,Cookbook: Easy Weeknight Meals,"Great quality, very happy with this purchase.",5,05/25/2022,C43865,M. Garcia,6201,32
P6644-487,Toys,Building Block Set,"Average experience, nothing special.",3,16/04/2020,C22987,CHRIS SMITH,05204,41
P6221-926,Sports,Yoga Mat,"Not very satisfied, has several problems.",2,08/04/2022,C33933,Pat  Hernandez,7876-30,59
P2703-847,Clothing,Running Sneakers,"Great quality, very happy with this purchase.",5,"Jun 06, 2022",C68786,SAM GARCIA,1444 TO,35
P4449-222,Books,Thriller Novel,"Average experience, nothing special.",3,2020-08-09,C44282,PAT HERNANDEZ,04769,28
P1963-705,Toys,Building Block Set,"Not very satisfied, has several problems.",2,19-11-2023,C24477,robin martins,9310,52
P6822-449,Clothing,Slim Fit Jeans,"Very disappointed, would not recommend.",1,07/12/2022,C85194,TAYLOR HERNANDEZ,8842-30,21
P5498-162,Home & Kitchen,Memory Foam Pillow,"Not very satisfied, has several problems.",2,"Dec 20, 2024",C50997,Casey Hernandez,01925,40
P9315-170,Electronics,4K Ultra HD Smart TV,"Great quality, very happy with this purchase.",5,"May 18, 2022",C17995,Alex Dubois,,55
P3928-637,Toys,Family Board Game,"Great quality, very happy with this purchase.",5,29 Jul 2022,C86055,taylor brown,2875 ZS,41
P9100-585,Home & Kitchen,Air Purifier,Good product overall with minor issues.,4,2020-03-30,C12919,Casey De Vries,3156 GC,71
P2915-808,Electronics,USB-C Fast Charger,"Very disappointed, would not recommend.",1,"Apr 04, 2022",C65464,Pat Garcia,06999,30
P8393-298,Clothing,Wool Winter Scarf,Good product overall with minor issues.,4,09/05/2021,C19656,S. Johnson,05905,59
P2985-794,Groceries,Whole Bean Coffee,"Not very satisfied, has several problems.",2,13 May 2020,C20881,Taylor Hernandez,9609-85,18
P9115-929,Electronics,Wireless Noise-Cancelling Headphones,"Very disappointed, would not recommend.",1,26 Apr 2024,C86459,Alex De Vries,7144 SM,41
P5718-719,Groceries,Gluten-Free Pasta,"Not very satisfied, has several problems.",2,"Oct 09, 2022",C72341,robin lee,4072,39
P9848-359,Books,Personal Finance Basics,Nice product with a thoughtful design. Could be a touch cheaper.,4,18-11-2020,C15567,Jordan Johnson,3851-21,28
P4082-696,Home & Kitchen,Memory Foam Pillow,Good product overall with minor issues.,4,12/03/2021,C15257,ALEX LEE,7086-44,76
P9794-144,Clothing,Organic Cotton T-Shirt,Good product overall with minor issues.,4,"Jun 09, 2024",C28483,T. Hernandez,08765,40
P8871-818,Books,Sci-Fi Adventure,"Average experience, nothing special.",3,"May 28, 2023",C53686,R. Brown,1485-22,23
P7839-945,Clothing,Waterproof Hiking Jacket,"Average experience, nothing special.",3,2023-10-30,C22660,C. Johnson,8639 TM,30
P7922-716,Electronics,Wireless Noise-Cancelling Headphones,"Not very satisfied, has several problems.",2,01/10/2023,C77001,J. Smith,7493,23
P6025-147,Electronics,4K Ultra HD Smart TV,Completely dissatisfied. Quality is terrible and customer support was no help at all.,1,31-07-2021,C76499,CHRIS HERNANDEZ,2833 FJ,25
P5727-195,Clothing,Organic Cotton T-Shirt,"Not very satisfied, has several problems.",2,24-08-2022,C98918,Alex Lee,3118 QB,51
P3759-708,Books,Sci-Fi Adventure,"Very disappointed, would not recommend.",1,11/11/2020,C26223,Jamie De Vries,5554-15,40
P4664-776,Home & Kitchen,Memory Foam Pillow,Good product overall with minor issues.,4,2022-02-26,C92736,taylor garcia,03270,29
P9217-985,Pet Supplies,Cat Scratching Post,"Not very satisfied, has several problems.",2,07/08/2023,C40940,SAM MARTINS,4552,39
P5458-787,Clothing,Waterproof Hiking Jacket,"Very disappointed, would not recommend.",1,06-08-2024,C91679,M. Johnson,9446-83,49
P4709-464,Electronics,USB-C Fast Charger,"Great quality, very happy with this purchase.",5,10/05/2022,C77207,MORGAN TAYLOR,04610,46
P2359-382,Clothing,Waterproof Hiking Jacket,"Average experience, nothing special.",3,12/04/2021,C87867,jordan lee,6012,75
P9732-318,Home & Kitchen,Stainless Steel Knife Block,"Not very satisfied, has several problems.",2,20 Sep 2022,C68640,Taylor  Dubois,2513,27
P6674-490,Pet Supplies,Dog Chew Toy,"Great quality, very happy with this purchase.",5,13-02-2022,C68090,Alex  Garcia,8845,47
P6517-117,Clothing,Waterproof Hiking Jacket,"Very disappointed, would not recommend.",1,02/25/2021,C49988,J. Smith,04977,32
P2360-566,Electronics,Wireless Noise-Cancelling Headphones,"Not very satisfied, has several problems.",2,"Aug 04, 2024",C26527,,07501,58
P9845-517,Toys,Family Board Game,"Not very satisfied, has several problems.",2,03 May 2023,C69376,Chris  Martins,02615,55
P4401-638,Clothing,Wool Winter Scarf,"Not very satisfied, has several problems.",2,2021-10-17,C42089,sam dubois,03105,34
P4973-843,Beauty,Hydrating Face Serum,"Very disappointed, would not recommend.",1,01-10-2024,C35845,taylor brown,7422-87,28
P7313-400,Electronics,Wireless Noise-Cancelling Headphones,"Average experience, nothing special.",3,04/25/2022,C29299,Taylor  Hernandez,7141-86,
P7819-141,Electronics,4K Ultra HD Smart TV,"Very disappointed, would not recommend.",1,"Aug 21, 2024",C79646,Jordan Taylor,2324,80
P4631-203,Books,Sci-Fi Adventure,"Not very satisfied, has several problems.",2,30 Jun 2023,C19587,taylor brown,06645,57
P1341-779,Clothing,Organic Cotton T-Shirt,"Great quality, very happy with this purchase.",5,04/10/2022,C83228,C. Taylor,3808,24
P9030-927,Clothing,Organic Cotton T-Shirt,"Great quality, very happy with this purchase.",5,"Sep 11, 2021",C13426,J. Brown,08169,73
P6473-305,Books,Cookbook: Easy Weeknight Meals,"Very disappointed, would not recommend.",1,07 May 2023,C92865,JORDAN BROWN,4517 XZ,40
P7193-930,Home & Kitchen,Electric Kettle,"Not very satisfied, has several problems.",2,05/02/2021,C70075,Chris  Smith,5476-43,27
P7802-109,Books,Thriller Novel,"Very disappointed, would not recommend.",1,2022-03-26,C77168,robin martins,1507-35,29
P2948-554,Clothing,Wool Winter Scarf,"Very disappointed, would not recommend.",1,28/07/2020,C90558,MORGAN DE VRIES,03352,22
P9679-539,Office,Mechanical Keyboard,"Not very satisfied, has several problems.",2,03/14/2021,C28561,Sam Taylor,3148,25
P6529-873,Home & Kitchen,Electric Kettle,Good product overall with minor issues.,4,14-07-2022,C19068,Taylor Hernandez,07145,44
P1459-654,Home & Kitchen,Non-Stick Frying Pan Set,"Average experience, nothing special.",3,"Apr 25, 2021",C77103,C. Taylor,1437,44
P8790-398,Toys,Plush Teddy Bear,"Great quality, very happy with this purchase.",5,2021-12-08,C23465,R. Martins,7996,37
P3582-543,Clothing,Running Sneakers,"Average experience, nothing special.",3,09 May 2023,C15261,Sam De Vries,8751-68,58
P8664-488,Home & Kitchen,Stainless Steel Knife Block,"Not very satisfied, has several problems.",2,08/26/2021,C97558,MORGAN BROWN,2787,52
P3114-791,Electronics,USB-C Fast Charger,"Average experience, nothing special.",3,2020-12-20,C64989,Chris Taylor,6129,46
P4160-144,Clothing,Wool Winter Scarf,"Very disappointed, would not recommend.",1,24 Oct 2020,C35207,ALEX LEE,1798-72,25
P9234-656,Electronics,4K Ultra HD Smart TV,"Average experience, nothing special.",3,"May 07, 2020",C58561,Chris Smith,8033-72,28
P7373-560,Books,Personal Finance Basics,Good product overall with minor issues.,4,08 Jul 2021,C28374,C. Smith,7911 ML,37
P5970-222,Home & Kitchen,Non-Stick Frying Pan Set,"Average experience, nothing special.",3,22/10/2020,C67475,M. Dubois,1440,33
P4390-627,Clothing,Slim Fit Jeans,"Very disappointed, would not recommend.",1,16/01/2021,C48941,Taylor  Taylor,7435,38
P7869-947,Clothing,Running Sneakers,"Great quality, very happy with this purchase.",5,29/03/2020,C10762,ALEX BROWN,3920,75
P1357-145,Clothing,Running Sneakers,"Average experience, nothing special.",3,"Nov 17, 2021",C18495,casey hernandez,4082-44,47
P3492-526,Clothing,Wool Winter Scarf,"Not very satisfied, has several problems.",2,10/12/2020,C53666,Robin Lee,02758,36
P4803-525,Clothing,Organic Cotton T-Shirt,"Not very satisfied, has several problems.",2,2021-06-28,C21544,Pat Johnson,4575,67
P4094-282,Home & Kitchen,Memory Foam Pillow,Good product overall with minor issues.,4,06/11/2021,C59085,Morgan  Johnson,5478 DZ,30
P5942-767,Home & Kitchen,Electric Kettle,"Very disappointed, would not recommend.",1,14-07-2023,C87020,JORDAN HERNANDEZ,1478 VX,64
P3423-371,Books,Thriller Novel,"Great quality, very happy with this purchase.",5,12 Apr 2023,C50904,Robin Smith,8998 MK,25
P7904-410,Clothing,Running Sneakers,Good product overall with minor issues.,4,15 Jan 2020,C82977,PAT SMITH,6591 EJ,29
P9223-842,Clothing,Slim Fit Jeans,"Very disappointed, would not recommend.",1,24-12-2020,C46016,Sam Brown,5790 MS,36
P5505-372,Sports,Yoga Mat,Good product overall with minor issues.,4,04/20/2021,C15112,Alex Brown,8375-27,59
P9553-614,Office,Mechanical Keyboard,"Great quality, very happy with this purchase.",5,2021-08-19,C35688,pat brown,4447,34
P2777-703,Books,Thriller Novel,"Not very satisfied, has several problems.",2,01/19/2023,C31774,CASEY TAYLOR,2073 FH,36
P5220-992,Sports,Yoga Mat,"Great quality, very happy with this purchase.",5,08 Feb 2024,C79914,MORGAN TAYLOR,3849,55
P5536-455,Electronics,Fitness Smartwatch,"Very disappointed, would not recommend.",1,"Sep 23, 2020",C83884,Taylor  De  Vries,9550-44,25
P3926-552,Clothing,Waterproof Hiking Jacket,"Not very satisfied, has several problems.",2,2020-01-10,C16836,Jamie  De  Vries,8963,51
P1334-189,Electronics,Fitness Smartwatch,Good product overall with minor issues.,4,2023-01-12,C70860,Taylor Brown,2715-69,23
P1303-541,Toys,Family Board Game,Good product overall with minor issues.,4,18 Dec 2021,C55444,casey de vries,7575 LN,34
P8134-799,Electronics,4K Ultra HD Smart TV,Good product overall with minor issues.,4,18-06-2020,C96598,Jordan  De  Vries,05774,27
P2533-815,Home & Kitchen,Memory Foam Pillow,Good product overall with minor issues.,4,2020-07-11,C87398,Morgan Johnson,03820,36
P3372-260,Beauty,Daily SPF 50 Sunscreen,"Great quality, very happy with this purchase.",5,29-06-2021,C82287,Casey  Dubois,2670 NY,42
P4783-553,Electronics,USB-C Fast Charger,"Great quality, very happy with this purchase.",5,01-12-2023,C57057,R. Johnson,6428 SB,27
P8822-252,Clothing,Slim Fit Jeans,Good product overall with minor issues.,4,12/14/2020,C13724,pat taylor,4588,56
P9635-286,Electronics,Fitness Smartwatch,"Average experience, nothing special.",3,06-12-2022,C85818,,5642-15,48
P1928-704,Clothing,Organic Cotton T-Shirt,"Very disappointed, would not recommend.",1,2020-12-06,C43260,chris hernandez,08794,57
P7837-493,Clothing,Organic Cotton T-Shirt,"Not very satisfied, has several problems.",2,20/08/2024,C99024,ALEX SMITH,8269,36
P8461-606,Books,Productivity Guidebook,"Great quality, very happy with this purchase.",5,08/04/2021,C79000,SAM MARTINS,5961 YL,75
P8265-417,Clothing,Running Sneakers,"Not very satisfied, has several problems.",2,08/29/2022,C19280,Jordan  De  Vries,2028,29
P8396-357,Books,Cookbook: Easy Weeknight Meals,"Very disappointed, would not recommend.",1,14 May 2020,C53746,Morgan Martins,07833,22
P4101-959,Electronics,Fitness Smartwatch,"Not very satisfied, has several problems.",2,2021-07-15,C28123,Taylor Smith,2196,23
P1781-252,Office,Ergonomic Office Chair,"Not very satisfied, has several problems.",2,03/16/2023,C28795,Jamie  Taylor,03966,57
P5263-738,Electronics,USB-C Fast Charger,"Very disappointed, would not recommend.",1,07/03/2023,C36558,Sam  Lee,2587,38
P2200-870,Home & Kitchen,Non-Stick Frying Pan Set,Good product overall with minor issues.,4,"Mar 29, 2023",C49128,R. De Vries,,37
P3877-175,Pet Supplies,Cat Litter Odor Control,"Great quality, very happy with this purchase.",5,06 Dec 2023,C73407,C. Smith,1910 QU,37
P6984-625,Pet Supplies,Cat Scratching Post,Good product overall with minor issues.,4,2021-01-30,C72972,Taylor  Garcia,07352,37
P6116-329,Home & Kitchen,Stainless Steel Knife Block,"Very disappointed, would not recommend.",1,24/02/2021,C24475,CHRIS MARTINS,07880,32
P5798-495,Clothing,Wool Winter Scarf,Good product overall with minor issues.,4,2021-09-01,C47719,M. Smith,02781,60
P6221-815,Home & Kitchen,Non-Stick Frying Pan Set,"Not very satisfied, has several problems.",2,30-09-2022,C19480,Chris  Brown,1230 XG,74
P5094-893,Groceries,Extra Virgin Olive Oil,"Not very satisfied, has several problems.",2,15/09/2024,C32531,M. Johnson,08477,63
P7634-568,Clothing,Wool Winter Scarf,"Very disappointed, would not recommend.",1,30-03-2023,C66569,Casey  Dubois,7238,28
P1672-155,Home & Kitchen,Electric Kettle,Good product overall with minor issues.,4,16/03/2021,C24547,SAM DUBOIS,3303,44
P2790-914,Electronics,4K Ultra HD Smart TV,Good product overall with minor issues.,4,30/08/2022,C84377,Casey  Brown,5241,38
P3097-117,Books,Productivity Guidebook,Good product overall with minor issues.,4,04/08/2020,C77158,Robin  Taylor,2743 TV,24
P3056-877,Groceries,Dark Chocolate Bar,Good product overall with minor issues.,4,2023-02-10,C29043,Chris  Hernandez,04520,43
P3601-220,Clothing,Waterproof Hiking Jacket,"Average experience, nothing special.",3,2020-05-18,C27514,Pat Johnson,02085,29
P9042-538,Toys,Educational Puzzle Game,Good product overall with minor issues.,4,12/04/2021,C50254,S. Martins,8375 AC,29
P8499-174,Home & Kitchen,Non-Stick Frying Pan Set,Good product overall with minor issues.,4,17 Oct 2020,C67146,Jordan  Dubois,06039,35
P3514-727,Clothing,Organic Cotton T-Shirt,Good product overall with minor issues.,4,"Oct 20, 2020",C25422,Taylor Garcia,01104,33
P6971-803,Home & Kitchen,Air Purifier,"Very disappointed, would not recommend.",1,21 Feb 2021,C38499,SAM MARTINS,4715 AK,70
P3987-390,Books,Personal Finance Basics,"Very disappointed, would not recommend.",1,08 Feb 2022,C69234,C. Hernandez,05241,26
P6009-142,Sports,Running Shorts,"Very disappointed, would not recommend.",1,25-04-2022,C23890,chris de vries,06213,25
P1277-564,Beauty,Daily SPF 50 Sunscreen,"Average experience, nothing special.",3,04-10-2022,C85759,Pat Taylor,3992,28
P7562-474,Home & Kitchen,Memory Foam Pillow,"Average experience, nothing special.",3,03/04/2024,C44891,jordan dubois,8066-86,34
P7913-604,Electronics,Bluetooth Portable Speaker,"Great quality, very happy with this purchase.",5,21/06/2023,C27618,Jordan Taylor,2593-79,63
P7258-205,Clothing,Wool Winter Scarf,"Average experience, nothing special.",3,"Apr 14, 2022",C25269,jamie hernandez,07249,60
P5374-415,Clothing,Waterproof Hiking Jacket,Good product overall with minor issues.,4,2024-07-02,C84022,jordan johnson,1849 RB,38
P2654-388,Beauty,Nourishing Hair Mask,"Not very satisfied, has several problems.",2,2022-08-14,C20990,C. Johnson,2046,55
P7791-512,Electronics,USB-C Fast Charger,"Not very satisfied, has several problems.",2,2023-09-07,C52797,P. Martins,1711-88,29
P1472-192,Electronics,4K Ultra HD Smart TV,"Average experience, nothing special.",3,10/03/2020,C21789,Chris Garcia,05166,39
P9783-583,Home & Kitchen,Air Purifier,Good product overall with minor issues.,4,17 Aug 2021,C76964,ALEX HERNANDEZ,5132-98,37
P7299-383,Home & Kitchen,Stainless Steel Knife Block,"Very disappointed, would not recommend.",1,10/11/2024,C83309,JAMIE JOHNSON,4422,42
P6626-873,Home & Kitchen,Air Purifier,"Great quality, very happy with this purchase.",5,12 Dec 2023,C92952,casey dubois,4018-54,24
P3392-736,Home & Kitchen,Memory Foam Pillow,"Very disappointed, would not recommend.",1,"Dec 26, 2023",C52667,R. Taylor,07556,56
P8104-193,Home & Kitchen,Stainless Steel Knife Block,"Not very satisfied, has several problems.",2,2022-02-21,C23404,alex smith,05225,23
P1596-150,Pet Supplies,Cat Litter Odor Control,Good product overall with minor issues.,4,13 Aug 2022,C22221,C. Garcia,6415 WG,34
P8480-622,Sports,Cycling Helmet,"Average experience, nothing special.",3,22 Jun 2023,C96976,alex hernandez,01474,26
P6572-850,Toys,Educational Puzzle Game,"Very disappointed, would not recommend.",1,22/04/2020,C86523,Casey  Johnson,9448 GO,34
P8930-591,Electronics,USB-C Fast Charger,Good product overall with minor issues.,4,"Sep 22, 2023",C82572,M. Dubois,7961-21,
P8108-607,Groceries,Dark Chocolate Bar,"Not very satisfied, has several problems.",2,12/26/2020,C79099,CHRIS GARCIA,8340,31
P6615-936,Electronics,4K Ultra HD Smart TV,Good product overall with minor issues.,4,2023-07-05,C79984,Taylor Taylor,6047-45,40
P4015-619,Home & Kitchen,Air Purifier,Good product overall with minor issues.,4,17/01/2024,C86328,Taylor Lee,2310-56,38
P4726-951,Toys,Educational Puzzle Game,"Very disappointed, would not recommend.",1,12/08/2021,C15257,ALEX LEE,7086-44,76
P8472-244,Groceries,Whole Bean Coffee,"Average experience, nothing special.",3,12/04/2022,C42468,Alex  Smith,3423-29,27
P8921-912,Clothing,Organic Cotton T-Shirt,"Average experience, nothing special.",3,2020-11-17,C69031,jordan hernandez,1585-28,25
P4890-529,Clothing,Wool Winter Scarf,"Very disappointed, would not recommend.",1,"Mar 29, 2023",C71612,T. Hernandez,6963,32
P5832-202,Clothing,Waterproof Hiking Jacket,"Not very satisfied, has several problems.",2,2021-04-06,C71912,C. Martins,5943 OX,44
P1467-303,Home & Kitchen,Electric Kettle,"Very disappointed, would not recommend.",1,2020-11-12,C20642,JORDAN LEE,04143,35
P3999-258,Home & Kitchen,Stainless Steel Knife Block,"Average experience, nothing special.",3,"Jan 27, 2022",C85799,MORGAN JOHNSON,4434,44
P5810-790,Home & Kitchen,Non-Stick Frying Pan Set,"Great quality, very happy with this purchase.",5,27/02/2022,C97764,Robin De Vries,03148,20
P1937-978,Books,Personal Finance Basics,"Average experience, nothing special.",3,2023-11-27,C13589,Casey  De  Vries,04688,39
P5637-365,Groceries,Extra Virgin Olive Oil,"Very disappointed, would not recommend.",1,2020-05-07,C42750,JAMIE BROWN,7839 FH,30
P9251-691,Groceries,Whole Bean Coffee,"Not very satisfied, has several problems.",2,15-09-2021,C46701,casey hernandez,4073,40
P9984-361,Electronics,Bluetooth Portable Speaker,"Not very satisfied, has several problems.",2,04/05/2024,C79742,T. Taylor,7092-84,44
P6816-458,Home & Kitchen,Stainless Steel Knife Block,"Great quality, very happy with this purchase.",5,10/21/2022,C87274,Jamie  De  Vries,2022,39
P4466-821,Office,Mechanical Keyboard,"Great quality, very happy with this purchase.",5,2024-04-03,C25626,Sam  Martins,02666,19
P2715-975,Pet Supplies,Cat Scratching Post,Good product overall with minor issues.,4,26 Jul 2020,C64995,Sam Garcia,8464,45
P8160-433,Office,Wireless Mouse,"Not very satisfied, has several problems.",2,"Aug 30, 2023",C42207,morgan de vries,01643,26
P8850-177,Beauty,Gentle Face Cleanser,"Very disappointed, would not recommend.",1,12/30/2021,C14862,Jordan Taylor,1869,74
P3550-249,Home & Kitchen,Electric Kettle,"Not very satisfied, has several problems.",2,27/04/2024,C37633,P. Lee,6726 VJ,36
P6934-152,Clothing,Wool Winter Scarf,Good product overall with minor issues.,4,10/03/2021,C88799,JAMIE MARTINS,1932-71,44
P8407-236,Clothing,Slim Fit Jeans,"Average experience, nothing special.",3,2024-06-04,C19091,SAM SMITH,5657,41
P2037-606,Books,Thriller Novel,"Great quality, very happy with this purchase.",5,12/02/2024,C76206,robin taylor,6754,40
P8246-679,Clothing,Slim Fit Jeans,Good product overall with minor issues.,4,31/08/2022,C15131,Taylor  Martins,03007,43
P8915-638,Electronics,Bluetooth Portable Speaker,"Not very satisfied, has several problems.",2,23/12/2020,C45625,Casey Dubois,9882,29
P9028-550,Home & Kitchen,Electric Kettle,"Average experience, nothing special.",3,"Nov 24, 2021",C46122,Jamie  De  Vries,07210,46
P8795-951,Sports,Yoga Mat,"Average experience, nothing special.",3,08/20/2024,C53993,Taylor Hernandez,3989-54,35
P8792-989,Toys,Educational Puzzle Game,Good product overall with minor issues.,4,13 Apr 2020,C77942,Robin Smith,5094,55
P3057-623,Beauty,Gentle Face Cleanser,"Average experience, nothing special.",3,10 Dec 2022,C71004,Jordan Taylor,7301,44
P6187-106,Electronics,USB-C Fast Charger,Good product overall with minor issues.,4,2024-10-16,C48474,Robin  Johnson,09373,57
P3676-678,Books,Cookbook: Easy Weeknight Meals,Good product overall with minor issues.,4,06/07/2022,C68554,Jordan Martins,09983,57
P3814-562,Beauty,Hydrating Face Serum,Good product overall with minor issues.,4,"Oct 06, 2024",C26044,robin martins,6241-88,29
P2949-634,Books,Cookbook: Easy Weeknight Meals,"Average experience, nothing special.",3,02/05/2022,C37041,MORGAN TAYLOR,9171,32
P5164-221,Sports,Foam Roller,"Great quality, very happy with this purchase.",5,2022-01-02,C74022,jordan garcia,01566,44
P4218-695,Groceries,Dark Chocolate Bar,"Not very satisfied, has several problems.",2,19 Aug 2024,C41735,ALEX TAYLOR,9271-39,47
P3400-745,Sports,Yoga Mat,"Average experience, nothing special.",3,16-08-2023,C80179,JAMIE BROWN,02923,67
P2431-398,Clothing,Organic Cotton T-Shirt,"Very disappointed, would not recommend.",1,24/10/2024,C55837,Taylor Smith,1241-17,38
P5094-351,Pet Supplies,Pet Grooming Brush,"Not very satisfied, has several problems.",2,03/24/2021,C43629,S. Brown,04367,40
P8784-525,Home & Kitchen,Memory Foam Pillow,"Average experience, nothing special.",3,27-08-2023,C12822,ROBIN MARTINS,5169-62,35
P5317-996,Beauty,Hydrating Face Serum,"Very disappointed, would not recommend.",1,05 Apr 2020,C47108,Chris Garcia,4051,53
P6034-933,Electronics,Fitness Smartwatch,Good product overall with minor issues.,4,12/11/2021,C10320,casey brown,09381,52
P8200-959,Sports,Running Shorts,"Very disappointed, would not recommend.",1,"May 08, 2023",C58578,Taylor Lee,06801,26
P7129-878,Electronics,Bluetooth Portable Speaker,"Average experience, nothing special.",3,10/02/2020,C91121,Taylor Smith,9275 GA,57
P3971-986,Toys,Building Block Set,"Very disappointed, would not recommend.",1,14/09/2023,C16543,Casey  Smith,2939,57
P4184-207,Electronics,Bluetooth Portable Speaker,Good product overall with minor issues.,4,24/06/2024,C38198,jordan de vries,6951 SA,39
P7165-358,Clothing,Wool Winter Scarf,"Not very satisfied, has several problems.",2,08/11/2020,C61397,casey martins,9751-22,42
P4312-357,Beauty,Nourishing Hair Mask,,2,"Apr 16, 2020",C81891,MORGAN LEE,2571-97,26
P8380-885,Home & Kitchen,Non-Stick Frying Pan Set,"Not very satisfied, has several problems.",2,2023-01-10,C91197,Jordan  Hernandez,8386 OV,56
P2613-450,Electronics,USB-C Fast Charger,"Not very satisfied, has several problems.",2,"Nov 30, 2021",C86735,C. Hernandez,7529-39,51
P7057-759,Pet Supplies,Pet Grooming Brush,"Great quality, very happy with this purchase.",5,2021-05-27,C47895,Taylor  Johnson,9994 OW,37
P8761-162,Beauty,Daily SPF 50 Sunscreen,"Very disappointed, would not recommend.",1,06 Nov 2021,C47592,Sam Brown,9079,72
P6261-811,Groceries,Organic Almond Butter,"Not very satisfied, has several problems.",2,"Apr 29, 2022",C88097,Alex  De  Vries,5479,68
P5405-767,Beauty,Matte Liquid Lipstick,"Average experience, nothing special.",3,2024-02-03,C58527,Taylor Smith,2764,26
P9137-228,Clothing,Slim Fit Jeans,"Average experience, nothing special.",3,12/26/2024,C11539,Casey Hernandez,8027 LA,38
P6448-808,Home & Kitchen,Stainless Steel Knife Block,Good product overall with minor issues.,4,24-11-2021,C97109,MORGAN JOHNSON,1127,35
P4263-742,Clothing,Waterproof Hiking Jacket,"Great quality, very happy with this purchase.",5,"Feb 21, 2021",C96740,Robin  Smith,06922,36
P5045-804,Books,Thriller Novel,"Not very satisfied, has several problems.",2,"Jan 20, 2023",C85759,Pat Taylor,3992,28
P9937-541,Toys,Building Block Set,"Great quality, very happy with this purchase.",5,"Jul 16, 2024",C81245,T. Hernandez,6628-34,35
P9310-369,Electronics,4K Ultra HD Smart TV,"Very disappointed, would not recommend.",1,11/13/2024,C79445,robin smith,02517,22
P7787-243,Pet Supplies,Grain-Free Dog Food,"Not very satisfied, has several problems.",2,18/09/2024,C13390,C. Hernandez,5003-80,52
P9591-160,Beauty,Daily SPF 50 Sunscreen,"Average experience, nothing special.",3,"Sep 01, 2024",C92445,C. De Vries,06563,34
P5492-513,Home & Kitchen,Electric Kettle,"Average experience, nothing special.",3,30/09/2020,C16856,alex martins,5801 IZ,26
P2781-718,Beauty,Gentle Face Cleanser,,2,06/24/2023,C45403,robin martins,8460 TS,22
P8042-981,Electronics,USB-C Fast Charger,"Very disappointed, would not recommend.",1,"Jul 07, 2021",C42737,morgan johnson,8915 GA,57
P4546-202,Groceries,Extra Virgin Olive Oil,"Very disappointed, would not recommend.",1,2022-10-29,C73961,Jamie Taylor,3721-33,
P4611-944,Electronics,Wireless Noise-Cancelling Headphones,"Great quality, very happy with this purchase.",5,06-11-2022,C18914,Morgan  Martins,1495-11,54
P6580-859,Home & Kitchen,Electric Kettle,"Great quality, very happy with this purchase.",5,15 Sep 2023,C37345,Pat Hernandez,,72
P4475-142,Home & Kitchen,Memory Foam Pillow,"Great quality, very happy with this purchase.",5,2020-05-15,C91552,casey taylor,7654 HS,60
P4688-729,Home & Kitchen,Memory Foam Pillow,Good product overall with minor issues.,4,09/26/2020,C87765,Casey  Johnson,01480,76
P7776-304,Beauty,Matte Liquid Lipstick,"Great quality, very happy with this purchase.",5,2022-05-14,C71317,Jamie  Martins,4159-80,20
P1203-292,Home & Kitchen,Stainless Steel Knife Block,"Average experience, nothing special.",3,18 Jul 2022,C58029,JORDAN BROWN,2908-35,23
P1990-436,Home & Kitchen,Non-Stick Frying Pan Set,Good product overall with minor issues.,4,"Apr 11, 2023",C81908,JORDAN TAYLOR,6586,44
P4877-109,Electronics,Bluetooth Portable Speaker,"Not very satisfied, has several problems.",2,2023-09-01,C13719,Alex  Brown,6831,47
P5735-263,Electronics,Wireless Noise-Cancelling Headphones,"Not very satisfied, has several problems.",2,12/18/2024,C11258,Jordan  Brown,05851,27
P1360-640,Electronics,Wireless Noise-Cancelling Headphones,"Average experience, nothing special.",3,27 Feb 2024,C68026,CHRIS BROWN,4705,53
P1441-677,Groceries,Whole Bean Coffee,Good product overall with minor issues.,4,11 Jun 2022,C78109,Taylor  Garcia,8703-64,41
P5132-632,Books,Thriller Novel,"Very disappointed, would not recommend.",1,10/05/2022,C47571,jamie lee,06389,31
P1530-325,Home & Kitchen,Stainless Steel Knife Block,"Very disappointed, would not recommend.",1,06 May 2022,C77518,Jamie  Garcia,8002 XA,58
P8546-846,Groceries,Organic Almond Butter,"Very disappointed, would not recommend.",1,10/06/2023,C54393,casey garcia,5732-81,41
P6030-983,Books,Productivity Guidebook,"Very disappointed, would not recommend.",1,2023-02-11,C49115,Morgan  Brown,7680,58
P2633-475,Home & Kitchen,Memory Foam Pillow,Good product overall with minor issues.,4,04/17/2021,C89294,Robin Martins,03336,32
P6837-433,Electronics,Fitness Smartwatch,Good product overall with minor issues.,4,12/25/2021,C79367,TAYLOR GARCIA,06643,31
P3089-684,Groceries,Whole Bean Coffee,Good product overall with minor issues.,4,10/03/2023,C10345,,3022-40,59
P9744-722,Electronics,Fitness Smartwatch,Good product overall with minor issues.,4,2024-06-17,C98484,PAT SMITH,6769,28
P9121-585,Clothing,Wool Winter Scarf,Good product overall with minor issues.,4,21/11/2021,C41749,MORGAN MARTINS,8935 MX,28
P1316-932,Groceries,Dark Chocolate Bar,"Average experience, nothing special.",3,13 Dec 2023,C88908,Jamie Dubois,5829-33,46
P9829-206,Electronics,Wireless Noise-Cancelling Headphones,Good product overall with minor issues.,4,09/05/2021,C27161,R. Garcia,9123-13,28
P2290-170,Books,Cookbook: Easy Weeknight Meals,Good product overall with minor issues.,4,"Dec 09, 2024",C70667,taylor smith,5855,40
P5229-695,Beauty,Nourishing Hair Mask,"Very disappointed, would not recommend.",1,07/07/2024,C52909,Robin  Johnson,09509,32
P7141-875,Home & Kitchen,Non-Stick Frying Pan Set,Good product overall with minor issues.,4,03/23/2024,C73707,Alex Taylor,02406,40
P3991-349,Sports,Foam Roller,"Not very satisfied, has several problems.",2,12/13/2022,C73374,TAYLOR MARTINS,01404,57
P4973-225,Clothing,Running Sneakers,"Great quality, very happy with this purchase.",5,01/08/2024,C54509,Sam Johnson,8133,36
P4339-846,Electronics,Bluetooth Portable Speaker,,3,2023-04-14,C36333,jordan brown,3560 JI,31
P7387-111,Beauty,Gentle Face Cleanser,"Very disappointed, would not recommend.",1,04/05/2023,C74269,sam de vries,9179 YN,42
P1381-575,Pet Supplies,Grain-Free Dog Food,"Very disappointed, would not recommend.",1,"Jul 27, 2022",C87872,M. Taylor,9951-54,26
P5804-908,Electronics,USB-C Fast Charger,"Not very satisfied, has several problems.",2,04/04/2020,C57554,T. Johnson,8924-50,25
P4385-406,Home & Kitchen,Non-Stick Frying Pan Set,"Not very satisfied, has several problems.",2,04/17/2024,C70757,R. Martins,4799 WS,32
P9087-608,Toys,Remote Control Car,Good product overall with minor issues.,4,13 Sep 2022,C43106,A. Lee,1499 UT,27
P3907-731,Home & Kitchen,Stainless Steel Knife Block,"Not very satisfied, has several problems.",2,21 Jul 2022,C92604,TAYLOR MARTINS,9993,58
P3473-740,Home & Kitchen,Non-Stick Frying Pan Set,Good product overall with minor issues.,4,21-02-2023,C30558,Pat Taylor,2772 CH,26
P3893-116,Home & Kitchen,Non-Stick Frying Pan Set,"Very disappointed, would not recommend.",1,"May 31, 2020",C12323,robin lee,7873,37
P8605-525,Clothing,Waterproof Hiking Jacket,"Very disappointed, would not recommend.",1,08/24/2020,C47096,C. Dubois,9310-11,28
P7932-840,Beauty,Nourishing Hair Mask,Good product overall with minor issues.,4,"Sep 13, 2022",C23293,casey de vries,7247 GH,39
P4163-188,Clothing,Organic Cotton T-Shirt,"Very disappointed, would not recommend.",1,19-08-2022,C94569,chris taylor,7708 IJ,40
P1935-728,Electronics,4K Ultra HD Smart TV,"Great quality, very happy with this purchase.",5,30 Sep 2024,C31488,CHRIS JOHNSON,9691 LK,37
P3175-906,Clothing,Organic Cotton T-Shirt,,5,"Feb 09, 2020",C35115,Jordan Johnson,2972 RN,27
P8355-669,Beauty,Matte Liquid Lipstick,"Very disappointed, would not recommend.",1,02 Apr 2020,C14908,Morgan  De  Vries,5726,65
P1474-840,Home & Kitchen,Air Purifier,"Average experience, nothing special.",3,"Oct 11, 2022",C32021,JAMIE DE VRIES,6284 WR,20
P2355-577,Electronics,Bluetooth Portable Speaker,"Great quality, very happy with this purchase.",5,02/04/2022,C17055,T. Hernandez,08578,51
P8681-839,Home & Kitchen,Air Purifier,"Great quality, very happy with this purchase.",5,26 Feb 2022,C36519,R. Hernandez,6938 QZ,41
P4576-804,Electronics,USB-C Fast Charger,"Average experience, nothing special.",3,12-12-2022,C59625,JORDAN DE VRIES,1842 DU,34
P3398-930,Sports,Adjustable Dumbbell Set,"Very disappointed, would not recommend.",1,"Jan 18, 2022",C85777,C. Dubois,9572,36
P3952-552,Beauty,Gentle Face Cleanser,Good product overall with minor issues.,4,2024-08-19,C69752,ALEX MARTINS,1073-20,21
P2001-723,Pet Supplies,Pet Grooming Brush,Very poor experience. The product stopped working after just a few uses.,1,14 Jun 2022,C28031,CHRIS LEE,6674 CN,51
P7549-812,Clothing,Slim Fit Jeans,"Average experience, nothing special.",3,11/07/2023,C16253,Jamie Hernandez,8808,30
P9003-402,Home & Kitchen,Non-Stick Frying Pan Set,"Very disappointed, would not recommend.",1,"Jun 20, 2023",C81790,C. Brown,4974,25
P7280-899,Electronics,4K Ultra HD Smart TV,Good product overall with minor issues.,4,10/11/2020,C87723,Pat Martins,1281-67,37
P1152-289,Clothing,Organic Cotton T-Shirt,"Not very satisfied, has several problems.",2,08-08-2023,C71004,Jordan Taylor,7301,44
P2168-392,Sports,Adjustable Dumbbell Set,"Very disappointed, would not recommend.",1,27 Jul 2022,C42625,PAT JOHNSON,4564,43
P6514-261,Clothing,Organic Cotton T-Shirt,"Not very satisfied, has several problems.",2,"May 01, 2024",C83509,CASEY DUBOIS,1344-58,27
P1264-343,Beauty,Hydrating Face Serum,"Very disappointed, would not recommend.",1,05/06/2021,C50934,J. Taylor,2369 HH,35
P1213-220,Clothing,Organic Cotton T-Shirt,"Not very satisfied, has several problems.",2,2022-12-16,C95475,morgan hernandez,7348 TZ,26
P5653-518,Electronics,4K Ultra HD Smart TV,"Great quality, very happy with this purchase.",5,2024-02-19,C13609,pat garcia,3371,70
P9953-834,Office,Desk Organizer,Good product overall with minor issues.,4,13/10/2022,C54360,Taylor  De  Vries,08966,67
P4346-211,Electronics,Fitness Smartwatch,Good product overall with minor issues.,4,"May 24, 2023",C90954,Chris  Smith,1718-73,39
P1478-437,Sports,Adjustable Dumbbell Set,Good product overall with minor issues.,4,"Apr 11, 2022",C93049,Alex Johnson,1093,20
P9832-107,Clothing,Slim Fit Jeans,"Average experience, nothing special.",3,12 May 2021,C15025,TAYLOR MARTINS,,25
P1053-147,Sports,Cycling Helmet,"Great quality, very happy with this purchase.",5,"Jul 04, 2024",C32229,Pat Lee,3349 NO,29
P2282-478,Groceries,Gluten-Free Pasta,Good product overall with minor issues.,4,06/02/2024,C74998,jordan brown,8591-29,48
P2468-688,Home & Kitchen,Stainless Steel Knife Block,"Great quality, very happy with this purchase.",5,30-08-2021,C59064,Pat Taylor,2804-13,50
P5963-207,Pet Supplies,Cat Litter Odor Control,Good product overall with minor issues.,4,15-09-2020,C56698,Sam  De  Vries,9227,50
P6723-252,Beauty,Matte Liquid Lipstick,"Very disappointed, would not recommend.",1,24 Jan 2020,C23946,chris smith,3042-60,39
P1743-655,Books,Sci-Fi Adventure,Good product overall with minor issues.,4,17/01/2023,C40997,Jordan  Martins,01007,77
P2984-570,Electronics,4K Ultra HD Smart TV,"Great quality, very happy with this purchase.",5,29 Dec 2022,C80096,Morgan  Johnson,4011 MT,33
P5707-411,Pet Supplies,Pet Grooming Brush,"Average experience, nothing special.",3,2022-03-29,C41694,morgan martins,6043 TY,40
P2364-551,Clothing,Organic Cotton T-Shirt,"Very disappointed, would not recommend.",1,"Aug 26, 2021",C94361,jordan johnson,4152 DI,27
P3476-196,Electronics,4K Ultra HD Smart TV,"Great quality, very happy with this purchase.",5,12 Aug 2020,C72028,Alex Lee,2702-60,18
P2159-531,Clothing,Waterproof Hiking Jacket,"Average experience, nothing special.",3,2024-03-03,C65683,Jordan Smith,1843 YX,70
P5285-912,Office,Wireless Mouse,"Not very satisfied, has several problems.",2,"Jan 01, 2023",C24437,Pat Martins,5648-86,33
P6992-736,Home & Kitchen,Air Purifier,"Very disappointed, would not recommend.",1,22/03/2024,C75441,Chris  Hernandez,4248,42
P7278-863,Clothing,Waterproof Hiking Jacket,Good product overall with minor issues.,4,04/17/2024,C90376,S. Hernandez,3976 ZO,26
P6304-863,Electronics,Wireless Noise-Cancelling Headphones,"Average experience, nothing special.",3,06/05/2022,C95899,PAT BROWN,8108-65,34
P6101-463,Toys,Educational Puzzle Game,"Average experience, nothing special.",3,27-09-2023,C86979,C. De Vries,9183 DT,43
P8071-130,Home & Kitchen,Air Purifier,"Very disappointed, would not recommend.",1,09/30/2021,C57771,C. Hernandez,09121,33
P8443-564,Electronics,Wireless Noise-Cancelling Headphones,"Average experience, nothing special.",3,"Jun 21, 2020",C28664,Pat Lee,6334-41,65
P1966-433,Beauty,Matte Liquid Lipstick,Good product overall with minor issues.,4,2021-01-04,C46571,CHRIS TAYLOR,8135,27
P3721-557,Home & Kitchen,Memory Foam Pillow,"Great quality, very happy with this purchase.",5,2024-06-16,C11412,C. Garcia,9050,58
P7837-768,Sports,Adjustable Dumbbell Set,"Not very satisfied, has several problems.",2,02/20/2020,C94868,Taylor Taylor,5243,38
P3887-874,Sports,Foam Roller,Good product overall with minor issues.,4,2021-05-16,C16199,Chris Martins,6058 MD,28
P5134-651,Electronics,USB-C Fast Charger,"Great quality, very happy with this purchase.",5,2024-01-19,C64455,Morgan Brown,5569,18
P8887-648,Home & Kitchen,Memory Foam Pillow,"Great quality, very happy with this purchase.",5,08/06/2023,C81387,MORGAN DUBOIS,3270 QZ,25
P7057-319,Sports,Foam Roller,"Very disappointed, would not recommend.",1,05/25/2022,C58995,Casey  Lee,8638 WI,31
P3270-962,Books,Thriller Novel,"Great quality, very happy with this purchase.",5,13 May 2020,C21419,ALEX DE VRIES,9936,31
P4457-493,Books,Thriller Novel,Good product overall with minor issues.,4,"May 13, 2024",C77387,morgan lee,01529,41
P7675-928,Beauty,Hydrating Face Serum,Good product overall with minor issues.,4,10 May 2024,C46849,R. Garcia,5085-55,32
P7538-794,Electronics,Wireless Noise-Cancelling Headphones,"Great quality, very happy with this purchase.",5,24-08-2022,C40956,Alex De Vries,03954,26
P7926-903,Beauty,Daily SPF 50 Sunscreen,"Not very satisfied, has several problems.",2,03 Mar 2022,C12500,Jamie Garcia,7154,43
P8314-293,Beauty,Nourishing Hair Mask,"Very disappointed, would not recommend.",1,"Sep 21, 2023",C25816,Casey Lee,03442,71
P3967-764,Toys,Building Block Set,"Not very satisfied, has several problems.",2,07/07/2020,C94688,S. Johnson,9944,63
P4791-432,Toys,Remote Control Car,"Great quality, very happy with this purchase.",5,29/08/2022,C86380,Robin  Brown,8637,33
P6542-665,Electronics,USB-C Fast Charger,"Average experience, nothing special.",3,10/08/2024,C33899,jordan garcia,01113,25
P6972-800,Toys,Family Board Game,"Not very satisfied, has several problems.",2,16-07-2020,C33844,CASEY MARTINS,03441,34
P3299-563,Beauty,Matte Liquid Lipstick,"Average experience, nothing special.",3,2021-05-13,C61690,Pat Dubois,05130,64
P6991-295,Beauty,Nourishing Hair Mask,"Average experience, nothing special.",3,17-03-2023,C89084,ROBIN SMITH,2138-59,32
P6876-817,Beauty,Nourishing Hair Mask,"Not very satisfied, has several problems.",2,2024-12-04,C55494,PAT BROWN,5879-25,31
P8475-205,Toys,Educational Puzzle Game,"Very disappointed, would not recommend.",1,09 Aug 2021,C94257,morgan brown,07588,18
P3636-932,Sports,Adjustable Dumbbell Set,"Very disappointed, would not recommend.",1,"Jul 22, 2022",C30968,casey de vries,9237-10,63
P7534-307,Home & Kitchen,Non-Stick Frying Pan Set,Good product overall with minor issues.,4,10/25/2022,C87695,casey smith,9320,25
P6188-448,Books,Thriller Novel,"Great quality, very happy with this purchase.",5,25 Mar 2024,C69936,SAM DUBOIS,9068-24,53
P1603-261,Beauty,Gentle Face Cleanser,Good product overall with minor issues.,4,24-07-2024,C33369,TAYLOR BROWN,09883,38
P2190-631,Sports,Cycling Helmet,"Very disappointed, would not recommend.",1,22-06-2021,C30981,ROBIN TAYLOR,8184-54,21
P3410-631,Groceries,Whole Bean Coffee,"Very disappointed, would not recommend.",1,18 Feb 2024,C68710,CASEY DE VRIES,2197,29
P7345-594,Sports,Running Shorts,"Average experience, nothing special.",3,"May 18, 2020",C37499,Robin Martins,1412,50
P6230-938,Home & Kitchen,Electric Kettle,"Very disappointed, would not recommend.",1,03/12/2021,C58922,P. Lee,4795-69,54
P9024-214,Electronics,USB-C Fast Charger,"Average experience, nothing special.",3,2020-06-04,C80759,Morgan  De  Vries,4014-16,30
P6641-478,Electronics,Bluetooth Portable Speaker,Good product overall with minor issues.,4,13-08-2023,C42412,CASEY LEE,02394,35
P5969-949,Clothing,Wool Winter Scarf,Good product overall with minor issues.,4,21/05/2023,C70854,Alex Johnson,3471 MO,35
P4290-426,Pet Supplies,Grain-Free Dog Food,"Very disappointed, would not recommend.",1,11-11-2024,C74119,Morgan  Smith,04199,34
P8199-504,Clothing,Slim Fit Jeans,"Very disappointed, would not recommend.",1,03/20/2021,C30010,Morgan  Johnson,5508 ZW,53
P6665-877,Home & Kitchen,Electric Kettle,"Not very satisfied, has several problems.",2,"Jun 09, 2024",C82697,R. Hernandez,03177,41
P7015-793,Toys,Educational Puzzle Game,"Great quality, very happy with this purchase.",5,06 Feb 2024,C79955,PAT GARCIA,7839,18
P4896-431,Home & Kitchen,Non-Stick Frying Pan Set,"Average experience, nothing special.",3,"Jan 27, 2022",C78230,Jamie  Taylor,3675-16,35
P7936-969,Beauty,Daily SPF 50 Sunscreen,Good product overall with minor issues.,4,10 Sep 2022,C93826,Jamie Taylor,1290,51
P9094-642,Books,Thriller Novel,"Not very satisfied, has several problems.",2,13/05/2024,C24950,A. Hernandez,09183,
P8078-438,Books,Productivity Guidebook,"Very disappointed, would not recommend.",1,"May 08, 2022",C54827,T. Martins,06367,34
P4403-438,Electronics,Fitness Smartwatch,"Great quality, very happy with this purchase.",5,2022-07-10,C17686,SAM SMITH,6756-94,28
P5317-247,Beauty,Matte Liquid Lipstick,"Not very satisfied, has several problems.",2,09/25/2020,C44706,taylor taylor,03803,
P5032-808,Beauty,Matte Liquid Lipstick,"Very disappointed, would not recommend.",1,22-03-2021,C41311,Sam Brown,07923,33
P1195-719,Groceries,Whole Bean Coffee,"Great quality, very happy with this purchase.",5,2020-07-27,C68312,Morgan Smith,8995 MP,35
P9394-404,Home & Kitchen,Electric Kettle,"Not very satisfied, has several problems.",2,2022-07-22,C98979,J. De Vries,1751,57
P1985-325,Clothing,Waterproof Hiking Jacket,"Not very satisfied, has several problems.",2,01/17/2024,C75797,Morgan Brown,5434,58
P6797-796,Groceries,Gluten-Free Pasta,Good product overall with minor issues.,4,04/07/2023,C32016,,05380,38
P3139-996,Clothing,Wool Winter Scarf,Good product overall with minor issues.,4,03 Oct 2020,C13414,S. Brown,,55
P1185-688,Beauty,Daily SPF 50 Sunscreen,"Great quality, very happy with this purchase.",5,04/25/2022,C83085,C. Garcia,5499-55,47
P5781-405,Groceries,Whole Bean Coffee,"Not very satisfied, has several problems.",2,14/01/2024,C83151,JORDAN BROWN,2604,44
P2004-762,Home & Kitchen,Non-Stick Frying Pan Set,"Very disappointed, would not recommend.",1,15 Aug 2021,C91434,CHRIS MARTINS,1473-86,25
P3509-151,Sports,Cycling Helmet,"Very disappointed, would not recommend.",1,13 Sep 2024,C56818,pat hernandez,9379-10,30
P5023-107,Home & Kitchen,Electric Kettle,Arrived damaged and never worked properly. A total waste of money.,1,04/11/2021,C27313,robin martins,01573,76
P8207-495,Beauty,Gentle Face Cleanser,Good product overall with minor issues.,4,04/26/2024,C21622,TAYLOR HERNANDEZ,3396-39,72
P2665-340,Toys,Building Block Set,"Great quality, very happy with this purchase.",5,"Dec 17, 2022",C83534,Jordan Brown,7028,59
P9795-814,Groceries,Organic Almond Butter,"Great quality, very happy with this purchase.",5,"Apr 12, 2024",C98227,TAYLOR DE VRIES,9930-29,26
P2522-981,Toys,Remote Control Car,"Average experience, nothing special.",3,"Dec 21, 2021",C44298,Morgan Dubois,4085-27,77
P9970-629,Toys,Family Board Game,"Average experience, nothing special.",3,03/12/2020,C57544,CASEY LEE,2132 RW,38
P3340-376,Clothing,Slim Fit Jeans,"Average experience, nothing special.",3,05/06/2022,C53720,CHRIS MARTINS,09045,32
P5858-566,Pet Supplies,Pet Grooming Brush,"Great quality, very happy with this purchase.",5,28/10/2023,C56307,casey hernandez,5558 OH,37
P6035-104,Electronics,USB-C Fast Charger,"Great quality, very happy with this purchase.",5,2024-02-25,C60543,A. Brown,8458-16,39
P3374-465,Sports,Adjustable Dumbbell Set,"Great quality, very happy with this purchase.",5,"Mar 23, 2022",C92196,MORGAN SMITH,09886,18
P2207-816,Toys,Remote Control Car,"Very disappointed, would not recommend.",1,01/04/2021,C32872,Sam  Hernandez,1968 TC,42
P2268-671,Home & Kitchen,Memory Foam Pillow,Good product overall with minor issues.,4,31-05-2022,C28812,Taylor  Hernandez,6293 ON,54
P6473-703,Beauty,Daily SPF 50 Sunscreen,Good product overall with minor issues.,4,2020-08-13,C91315,robin brown,9498-77,45
P7746-885,Pet Supplies,Cat Scratching Post,Good product overall with minor issues.,4,17/01/2024,C60515,morgan johnson,2075 VX,57
P3533-946,Toys,Family Board Game,"Very disappointed, would not recommend.",1,09/13/2022,C86971,Chris  Hernandez,5565,29
P2375-376,Toys,Remote Control Car,"Not very satisfied, has several problems.",2,06/16/2020,C54912,J. Garcia,2920 JG,29
P3079-136,Groceries,Dark Chocolate Bar,"Average experience, nothing special.",3,2020-05-21,C19814,chris hernandez,03243,34
P1994-529,Office,A4 Printer Paper,"Very disappointed, would not recommend.",1,02-07-2022,C95065,J. Lee,8841 EH,44
P4714-389,Home & Kitchen,Memory Foam Pillow,,1,30 Jul 2022,C29914,Jamie  Johnson,1590 JK,21
P9815-395,Electronics,Wireless Noise-Cancelling Headphones,"Very disappointed, would not recommend.",1,16-11-2020,C94279,CASEY LEE,2489 DC,60
P2482-476,Beauty,Nourishing Hair Mask,Good product overall with minor issues.,4,08-05-2021,C62245,J. Martins,06539,35
P7326-937,Clothing,Slim Fit Jeans,Good product overall with minor issues.,4,08/06/2024,C83228,Jamie De Vries,8702-19,19
P2510-811,Home & Kitchen,Non-Stick Frying Pan Set,"Not very satisfied, has several problems.",2,07-11-2023,C67251,jordan garcia,9659-36,22
P4916-140,Sports,Yoga Mat,"Not very satisfied, has several problems.",2,07-04-2021,C25155,Pat Johnson,06486,39
P6247-592,Home & Kitchen,Non-Stick Frying Pan Set,Good product overall with minor issues.,4,21 May 2022,C48140,Alex  Martins,3515 BL,42
P2751-553,Groceries,Gluten-Free Pasta,"Average experience, nothing special.",3,06/27/2021,C19792,Taylor De Vries,3126 UF,56
P2640-607,Office,A4 Printer Paper,,4,"Jun 19, 2023",C15872,Jordan  Taylor,2416-11,28
P3038-361,Clothing,Running Sneakers,"Very disappointed, would not recommend.",1,10/06/2023,C76328,Robin Johnson,08105,32
P2762-219,Electronics,Fitness Smartwatch,"Average experience, nothing special.",3,19 May 2023,C28073,Jamie  Martins,01371,77
P5211-500,Home & Kitchen,Electric Kettle,"Great quality, very happy with this purchase.",5,23 Jan 2020,C93144,J. Smith,1581,29
P7127-316,Electronics,4K Ultra HD Smart TV,Good product overall with minor issues.,4,10/10/2021,C27813,robin smith,3163-50,27
P6897-986,Clothing,Running Sneakers,Good product overall with minor issues.,4,13-10-2022,C70974,Morgan  De  Vries,4108-75,51
P8001-620,Electronics,Bluetooth Portable Speaker,"Great quality, very happy with this purchase.",5,,C50643,M. Hernandez,4971 UA,27
P1917-363,Clothing,Waterproof Hiking Jacket,"Not very satisfied, has several problems.",2,"Nov 27, 2024",C21575,CHRIS TAYLOR,1103,42
P6413-436,Books,Thriller Novel,Good product overall with minor issues.,4,05/20/2020,C18288,robin de vries,8393 DY,31
P6817-812,Beauty,Gentle Face Cleanser,"Not very satisfied, has several problems.",2,08/13/2023,C39207,Robin  Garcia,05517,56
P6374-686,Home & Kitchen,Memory Foam Pillow,"Great quality, very happy with this purchase.",5,02/13/2020,C99222,A. Johnson,4961-50,47
P9131-828,Office,Mechanical Keyboard,"Average experience, nothing special.",3,20/08/2024,C33987,chris hernandez,2236,37
P3628-205,Sports,Foam Roller,"Very disappointed, would not recommend.",1,10/06/2022,C82424,CHRIS BROWN,1703,35
P5984-393,Groceries,Organic Almond Butter,"Very disappointed, would not recommend.",1,06/16/2024,C29469,J. Taylor,1299,35
P9000-373,Home & Kitchen,Memory Foam Pillow,"Not very satisfied, has several problems.",2,03-08-2023,C88710,A. De Vries,09588,32
P2793-372,Toys,Family Board Game,"Not very satisfied, has several problems.",2,09/21/2024,C84914,Chris Hernandez,07672,30
P4333-585,Toys,Family Board Game,"Not very satisfied, has several problems.",2,07/03/2022,C16293,Jamie Garcia,4001 PG,42
P6855-253,Books,Productivity Guidebook,"Great quality, very happy with this purchase.",5,"Jul 25, 2020",C47935,ALEX HERNANDEZ,3751 KQ,29
P4793-563,Electronics,Wireless Noise-Cancelling Headphones,"Not very satisfied, has several problems.",2,07/13/2023,C57901,T. Taylor,5141-10,18
P7821-132,Home & Kitchen,Non-Stick Frying Pan Set,"Great quality, very happy with this purchase.",5,15/01/2024,C19052,casey de vries,9286-19,27
P3841-929,Toys,Educational Puzzle Game,"Not very satisfied, has several problems.",2,2024-11-24,C61303,JAMIE GARCIA,6185-20,27
P8636-755,Toys,Remote Control Car,"Very disappointed, would not recommend.",1,24-01-2020,C52264,Alex Johnson,9084 CO,46
P6049-756,Clothing,Organic Cotton T-Shirt,"Average experience, nothing special.",3,2022-09-19,C92571,Alex  Martins,6878 MK,31
P6329-706,Sports,Adjustable Dumbbell Set,"Great quality, very happy with this purchase.",5,01/11/2024,C24544,chris taylor,4934 LV,
P5173-375,Electronics,Bluetooth Portable Speaker,"Average experience, nothing special.",3,24-05-2020,C63920,Jamie  Taylor,4992 RV,40
P5773-347,Office,A4 Printer Paper,"Great quality, very happy with this purchase.",5,"May 14, 2021",C25183,C. Johnson,7227 KS,42
P6478-612,Sports,Foam Roller,Good product overall with minor issues.,4,01-05-2020,C17961,CASEY TAYLOR,4597-12,38
P6517-908,Office,Mechanical Keyboard,"Not very satisfied, has several problems.",2,2023-02-12,C85096,robin de vries,8322-29,19
P3836-107,Electronics,USB-C Fast Charger,"Average experience, nothing special.",3,2024-06-14,C58766,chris johnson,7425-87,38
P3859-173,Home & Kitchen,Electric Kettle,"Average experience, nothing special.",3,01/05/2022,C12301,Robin Taylor,3516,39
P6820-937,Home & Kitchen,Electric Kettle,"Great quality, very happy with this purchase.",5,05/27/2024,C41694,morgan martins,6043 TY,40
P9619-860,Home & Kitchen,Electric Kettle,"Not very satisfied, has several problems.",2,01/06/2023,C95901,Casey  De  Vries,8004 VD,24
P1207-113,Sports,Foam Roller,Good product overall with minor issues.,4,"Jul 06, 2020",C81371,Robin Garcia,9231 IF,44
P2887-520,Toys,Educational Puzzle Game,"Not very satisfied, has several problems.",2,"Jan 22, 2022",C30621,jordan lee,6822-13,35
P4950-737,Toys,Family Board Game,"Great quality, very happy with this purchase.",5,12-04-2023,C57523,JAMIE LEE,9194,49
P1199-111,Sports,Running Shorts,"Very disappointed, would not recommend.",1,09/10/2021,C41715,SAM TAYLOR,2788-27,46
P1244-998,Clothing,Slim Fit Jeans,Good product overall with minor issues.,4,24 May 2020,C63802,P. Smith,04993,33
P1583-922,Books,Personal Finance Basics,"Average experience, nothing special.",3,29-11-2023,C45403,robin martins,8460 TS,22
P7759-800,Sports,Running Shorts,"Not very satisfied, has several problems.",2,"May 02, 2021",C57041,Morgan  Brown,1428-58,22
P3582-507,Books,Cookbook: Easy Weeknight Meals,"Not very satisfied, has several problems.",2,10/13/2023,C26958,alex dubois,02183,23
P4685-260,Clothing,Wool Winter Scarf,"Not very satisfied, has several problems.",2,"Jun 01, 2023",C81668,Jordan  Garcia,7363,
P2384-579,Toys,Family Board Game,Good product overall with minor issues.,4,2023-11-29,C82482,Jordan  Garcia,9228 TU,50
P9131-631,Books,Personal Finance Basics,"Average experience, nothing special.",3,"Jul 21, 2023",C62002,PAT JOHNSON,8380 XX,33
P6503-992,Groceries,Extra Virgin Olive Oil,"Great quality, very happy with this purchase.",5,17/12/2022,C79851,JAMIE TAYLOR,9825-24,25
P8330-293,Beauty,Daily SPF 50 Sunscreen,"Average experience, nothing special.",3,06-12-2020,C68614,Jamie Lee,2373,38
P6258-386,Home & Kitchen,Stainless Steel Knife Block,"Not very satisfied, has several problems.",2,17 May 2020,C17360,Taylor De Vries,7918 EY,39
P6714-224,Groceries,Organic Almond Butter,"Very disappointed, would not recommend.",1,23 Mar 2021,C20892,SAM BROWN,8096,29
P3578-344,Beauty,Matte Liquid Lipstick,"Very disappointed, would not recommend.",1,02/21/2023,C21473,T. Brown,6745 GJ,61
P6055-334,Toys,Remote Control Car,Good product overall with minor issues.,4,24 Oct 2020,C95556,Jordan De Vries,02738,40
P5147-770,Electronics,Fitness Smartwatch,Good product overall with minor issues.,4,01/31/2023,C46808,jordan dubois,5379,31
P3435-561,Toys,Plush Teddy Bear,"Average experience, nothing special.",3,25 Nov 2020,C94378,A. Taylor,2959 BE,28
P8691-335,Groceries,Dark Chocolate Bar,Good product overall with minor issues.,4,"Sep 04, 2021",C46289,Robin Dubois,03493,43
P1920-743,Home & Kitchen,Electric Kettle,"Very disappointed, would not recommend.",1,02 May 2022,C26335,Pat  Brown,9428-16,21
P2086-802,Sports,Cycling Helmet,Good product overall with minor issues.,4,2022-02-26,C81847,Chris De Vries,09578,34
P7619-398,Sports,Foam Roller,"Average experience, nothing special.",3,"Mar 30, 2021",C48392,CHRIS JOHNSON,6405-73,21
P2504-811,Electronics,Bluetooth Portable Speaker,Good product overall with minor issues.,4,"Aug 26, 2024",C33927,JAMIE JOHNSON,9828-80,36
P9054-596,Beauty,Nourishing Hair Mask,"Very disappointed, would not recommend.",1,01/03/2020,C59357,MORGAN DE VRIES,4870 JF,44
P4435-503,Electronics,Wireless Noise-Cancelling Headphones,"Not very satisfied, has several problems.",2,02/09/2022,C62820,JAMIE DE VRIES,02067,42
P8662-219,Home & Kitchen,Stainless Steel Knife Block,"Not very satisfied, has several problems.",2,20 May 2020,C26452,Robin  Garcia,4138,46
P6658-259,Clothing,Wool Winter Scarf,"Great quality, very happy with this purchase.",5,23 Nov 2023,C47180,MORGAN SMITH,4181,19
P4514-781,Home & Kitchen,Air Purifier,"Great quality, very happy with this purchase.",5,22-09-2021,C65194,Taylor Hernandez,9981-25,33
P8137-204,Home & Kitchen,Stainless Steel Knife Block,"Not very satisfied, has several problems.",2,"Jun 09, 2024",C16732,J. Dubois,2907-10,33
P4279-350,Books,Thriller Novel,"Average experience, nothing special.",3,2022-09-03,C66721,MORGAN GARCIA,05441,45
P3525-623,Books,Personal Finance Basics,"Very disappointed, would not recommend.",1,25/06/2023,C69904,JAMIE LEE,1399-97,37
P9338-637,Home & Kitchen,Non-Stick Frying Pan Set,"Average experience, nothing special.",3,10 Jul 2022,C45468,Chris Brown,7398 FU,27
P6220-236,Books,Cookbook: Easy Weeknight Meals,"Very disappointed, would not recommend.",1,2024-02-07,C24745,Chris Hernandez,7924,28
P1737-203,Clothing,Running Sneakers,Good product overall with minor issues.,4,2022-08-14,C91481,Alex Garcia,4221 VD,32
P2029-365,Clothing,Waterproof Hiking Jacket,"Not very satisfied, has several problems.",2,04/15/2022,C84503,PAT HERNANDEZ,06112,43
P1184-402,Books,Cookbook: Easy Weeknight Meals,Good product overall with minor issues.,4,2022-04-29,C96153,Taylor  Smith,6403-63,40
P6742-876,Toys,Family Board Game,Good product overall with minor issues.,4,07/06/2021,C87892,S. Garcia,4781,41
P8262-532,Pet Supplies,Pet Grooming Brush,"Average experience, nothing special.",3,03/09/2022,C75232,chris hernandez,7863,60
P4941-394,Toys,Family Board Game,"Not very satisfied, has several problems.",2,28-07-2023,C25344,TAYLOR GARCIA,8669,22
P2062-491,Home & Kitchen,Air Purifier,"Great quality, very happy with this purchase.",5,31/07/2020,C59780,morgan hernandez,3089 MC,31
P2924-278,Sports,Cycling Helmet,"Average experience, nothing special.",3,09/11/2022,C55785,taylor brown,,22
P1037-725,Electronics,USB-C Fast Charger,"Great quality, very happy with this purchase.",5,02/01/2024,C91955,PAT SMITH,08955,51
P3192-132,Pet Supplies,Pet Grooming Brush,Good product overall with minor issues.,4,2021-12-20,C95447,J. Hernandez,7953 HI,56
P4991-290,Books,Productivity Guidebook,"Very disappointed, would not recommend.",1,08/10/2020,C22984,R. Taylor,2357 WU,70
P5728-106,Beauty,Gentle Face Cleanser,"Average experience, nothing special.",3,14-05-2021,C47314,Jamie  Johnson,9663 HN,21
P1596-147,Pet Supplies,Cat Scratching Post,"Average experience, nothing special.",3,05/08/2022,C58974,Taylor  Brown,02869,28
P2072-774,Office,Desk Organizer,Good product overall with minor issues.,4,05/05/2024,C22250,Jordan Lee,5033,19
P6023-505,Electronics,USB-C Fast Charger,"Great quality, very happy with this purchase.",5,"Sep 10, 2022",C12323,robin lee,7873,37
P8401-967,Beauty,Gentle Face Cleanser,"Great quality, very happy with this purchase.",5,"Jul 25, 2022",C12119,Morgan  Dubois,5749,38
P4607-684,Home & Kitchen,Air Purifier,"Average experience, nothing special.",3,20 Feb 2024,C86853,CHRIS DUBOIS,3149,19
P9665-747,Home & Kitchen,Electric Kettle,"Very disappointed, would not recommend.",1,"May 11, 2021",C86998,TAYLOR TAYLOR,9578 VV,79
P8989-865,Home & Kitchen,Memory Foam Pillow,"Very disappointed, would not recommend.",1,03/31/2020,C48169,Pat  Dubois,4812-74,39
P5095-765,Office,Ergonomic Office Chair,"Very disappointed, would not recommend.",1,2024-05-28,C15487,jordan smith,8670-94,28
P2309-210,Toys,Family Board Game,"Average experience, nothing special.",3,"Aug 17, 2023",C90153,taylor smith,3172,42
P2044-640,Home & Kitchen,Stainless Steel Knife Block,"Average experience, nothing special.",3,2024-03-17,C74435,morgan de vries,8710-38,19
P7028-606,Electronics,Fitness Smartwatch,"Average experience, nothing special.",3,"Mar 01, 2022",C19697,taylor lee,6541,32
P4405-475,Beauty,Matte Liquid Lipstick,"Great quality, very happy with this purchase.",5,06-10-2024,C72690,SAM MARTINS,5425-23,24
P4263-105,Beauty,Nourishing Hair Mask,"Great quality, very happy with this purchase.",5,31 Aug 2022,C63067,JORDAN LEE,3185 YF,24
P6817-943,Groceries,Whole Bean Coffee,"Average experience, nothing special.",3,19-01-2020,C92414,Pat  Dubois,2058 PX,35
P8133-399,Home & Kitchen,Stainless Steel Knife Block,"Average experience, nothing special.",3,08/10/2020,C10578,A. Johnson,07030,42
P6068-306,Beauty,Matte Liquid Lipstick,Good product overall with minor issues.,4,07/10/2021,C65658,Taylor  Smith,1728 SK,34
P7042-168,Home & Kitchen,Electric Kettle,"Average experience, nothing special.",3,2022-08-06,C85710,Sam Taylor,1207-77,33
P8787-417,Home & Kitchen,Non-Stick Frying Pan Set,"Not very satisfied, has several problems.",2,"Aug 01, 2024",C28560,MORGAN SMITH,,25
P8924-585,Office,Desk Organizer,"Great quality, very happy with this purchase.",5,13/04/2020,C66654,jordan hernandez,5939,48
P8973-697,Beauty,Nourishing Hair Mask,Good product overall with minor issues.,4,"Jul 23, 2024",C48457,M. Garcia,4075-70,31
P5681-660,Beauty,Nourishing Hair Mask,"Very disappointed, would not recommend.",1,03-10-2021,C25668,ALEX SMITH,7044 OL,33
P1934-250,Clothing,Organic Cotton T-Shirt,"Very disappointed, would not recommend.",1,13 Jul 2024,C77961,Robin  Smith,9559-59,60
P2707-905,Electronics,Wireless Noise-Cancelling Headphones,"Average experience, nothing special.",3,01/14/2024,C30810,SAM BROWN,3210 BC,36
P1988-728,Pet Supplies,Cat Scratching Post,"Great quality, very happy with this purchase.",5,17 Aug 2024,C54672,TAYLOR DE VRIES,2544,25
P2288-820,Electronics,USB-C Fast Charger,"Great quality, very happy with this purchase.",5,07/08/2021,C73412,Sam  Dubois,8857,31
P8713-339,Electronics,USB-C Fast Charger,"Not very satisfied, has several problems.",2,"Aug 13, 2023",C16360,CASEY BROWN,8249,30
P5392-347,Books,Personal Finance Basics,"Average experience, nothing special.",3,"Jun 24, 2020",C57241,Robin Martins,7081-57,65
P2917-473,Electronics,Bluetooth Portable Speaker,"Very disappointed, would not recommend.",1,31-08-2022,C42255,MORGAN MARTINS,01444,25
P6908-300,Home & Kitchen,Stainless Steel Knife Block,"Great quality, very happy with this purchase.",5,08/07/2022,C10798,Chris Dubois,09565,
P3293-102,Sports,Cycling Helmet,"Great quality, very happy with this purchase.",5,21/12/2020,C84429,R. Taylor,7792 BO,24
P1070-329,Sports,Adjustable Dumbbell Set,"Not very satisfied, has several problems.",2,28/11/2020,C30909,T. Garcia,4666,33
P6109-202,Electronics,USB-C Fast Charger,"Not very satisfied, has several problems.",2,14-06-2020,C76621,sam lee,7270-31,68
P8006-840,Home & Kitchen,Air Purifier,"Very disappointed, would not recommend.",1,"May 08, 2023",C17105,ROBIN HERNANDEZ,2299,72
P7754-875,Books,Productivity Guidebook,"Average experience, nothing special.",3,13 Feb 2021,C85368,M. Garcia,2032-92,65
P6431-109,Electronics,Bluetooth Portable Speaker,"Very disappointed, would not recommend.",1,15/10/2021,C99472,MORGAN SMITH,7829 QN,35
P7557-804,Electronics,USB-C Fast Charger,"Average experience, nothing special.",3,24/05/2023,C87237,P. Taylor,07744,38
P3765-857,Clothing,Waterproof Hiking Jacket,"Average experience, nothing special.",3,06/19/2023,C83711,SAM DE VRIES,9429-29,27
P3981-962,Clothing,Wool Winter Scarf,Good product overall with minor issues.,4,"Nov 17, 2020",C34279,Jamie  Taylor,01363,30
P5506-948,Electronics,4K Ultra HD Smart TV,"Very disappointed, would not recommend.",1,,C23715,J. De Vries,4559-52,54
P2870-305,Beauty,Nourishing Hair Mask,Good product overall with minor issues.,4,04-09-2022,C38385,morgan martins,5288 AI,19
P7858-293,Clothing,Wool Winter Scarf,"Average experience, nothing special.",3,"Dec 02, 2023",C42671,A. Johnson,3120 JD,35
P1659-735,Pet Supplies,Dog Chew Toy,"Great quality, very happy with this purchase.",5,03/08/2024,C18556,P. Brown,4637,25
P5826-687,Electronics,USB-C Fast Charger,"Not very satisfied, has several problems.",2,23/12/2022,C20481,Pat Brown,3384 YE,33
P7930-977,Electronics,USB-C Fast Charger,"Very disappointed, would not recommend.",1,30/10/2024,C33630,JAMIE HERNANDEZ,7729-74,57
P9307-534,Electronics,Fitness Smartwatch,Good product overall with minor issues.,4,09/12/2023,C77742,Alex  Garcia,5009-11,57
P4811-867,Electronics,USB-C Fast Charger,"Very disappointed, would not recommend.",1,"Jan 26, 2023",C91428,Taylor  Dubois,4931,33
P4166-273,Groceries,Whole Bean Coffee,"Average experience, nothing special.",3,23 Oct 2023,C35835,chris smith,9621-48,41
P9907-104,Pet Supplies,Cat Litter Odor Control,Good product overall with minor issues.,4,02/12/2022,C82338,Chris Martins,09961,44
P2561-205,Clothing,Organic Cotton T-Shirt,"Great quality, very happy with this purchase.",5,05/01/2024,C61828,TAYLOR DUBOIS,6250 LN,48
P2244-413,Office,A4 Printer Paper,"Average experience, nothing special.",3,"Feb 13, 2020",C39459,,6815-18,26
P6045-850,Electronics,Bluetooth Portable Speaker,"Not very satisfied, has several problems.",2,"Oct 01, 2023",C61683,Chris Dubois,5470 LW,36
P4710-439,Electronics,USB-C Fast Charger,"Average experience, nothing special.",3,"Jul 25, 2020",C28769,pat taylor,5468 NL,19
P6849-703,Books,Cookbook: Easy Weeknight Meals,Good product overall with minor issues.,4,29/09/2020,C75820,Alex Taylor,3717-27,30
P8149-587,Home & Kitchen,Air Purifier,Good product overall with minor issues.,4,02-12-2024,C25905,CASEY BROWN,8634 OO,36
P7274-491,Beauty,Matte Liquid Lipstick,Good product overall with minor issues.,4,2024-12-06,C40077,casey lee,01070,39
P7517-270,Office,Desk Organizer,"Great quality, very happy with this purchase.",5,2023-08-24,C93568,Casey Taylor,8650 YH,75
P7214-246,Toys,Family Board Game,"Very disappointed, would not recommend.",1,2022-08-24,C78724,Casey  Lee,8633-80,26
P7684-406,Electronics,4K Ultra HD Smart TV,Good product overall with minor issues.,4,20/11/2023,C81198,chris smith,7538 EX,
P8794-423,Beauty,Matte Liquid Lipstick,"Very disappointed, would not recommend.",1,11 Sep 2020,C52324,C. Dubois,5548-75,23
P6925-600,Clothing,Slim Fit Jeans,Good product overall with minor issues.,4,"Aug 31, 2024",C43190,Sam  Hernandez,4473-89,23
P7925-638,Toys,Building Block Set,,4,09/26/2022,C78876,casey hernandez,6508-94,45
P2737-101,Home & Kitchen,Stainless Steel Knife Block,"Very disappointed, would not recommend.",1,03 May 2022,C14379,ROBIN MARTINS,5347-56,26
P2392-244,Clothing,Slim Fit Jeans,"Great quality, very happy with this purchase.",5,05/09/2020,C17753,casey lee,9612,46
P7844-118,Home & Kitchen,Memory Foam Pillow,"Very disappointed, would not recommend.",1,26-11-2020,C67590,J. Garcia,9404 QS,53
P1506-959,Clothing,Slim Fit Jeans,"Not very satisfied, has several problems.",2,"Mar 16, 2024",C25022,Alex  Smith,08878,42
P5703-966,Electronics,Fitness Smartwatch,"Great quality, very happy with this purchase.",5,07/05/2020,C24155,chris smith,3460,32
P7719-568,Books,Cookbook: Easy Weeknight Meals,"Not very satisfied, has several problems.",2,"Jan 23, 2021",C18895,Sam Hernandez,6102 ZS,19
P4398-614,Electronics,Wireless Noise-Cancelling Headphones,"Not very satisfied, has several problems.",2,14 Sep 2024,C18750,jordan martins,5761-61,33
P7702-282,Sports,Running Shorts,"Very disappointed, would not recommend.",1,"May 21, 2022",C94804,Jordan De Vries,8936,30
P5970-837,Home & Kitchen,Electric Kettle,"Very disappointed, would not recommend.",1,11/09/2022,C34285,CHRIS GARCIA,06727,71
P1918-274,Electronics,Wireless Noise-Cancelling Headphones,Good product overall with minor issues.,4,"May 17, 2021",C11706,Jamie  Hernandez,08343,33
P8415-772,Clothing,Organic Cotton T-Shirt,Good product overall with minor issues.,4,2024-09-07,C70520,Sam  Hernandez,4104 BV,41
P4399-728,Sports,Cycling Helmet,Good product overall with minor issues.,4,17/08/2021,C61970,Chris  Lee,8413,
P6263-309,Electronics,Bluetooth Portable Speaker,"Great quality, very happy with this purchase.",5,24/11/2020,C21872,TAYLOR SMITH,04578,41
P5714-296,Electronics,Fitness Smartwatch,Good product overall with minor issues.,4,07/20/2020,C52937,Pat  Brown,9898,31
P7394-714,Home & Kitchen,Stainless Steel Knife Block,"Very disappointed, would not recommend.",1,"Sep 04, 2021",C54029,Pat Taylor,9006,78
P7429-475,Office,A4 Printer Paper,"Average experience, nothing special.",3,22-03-2020,C13515,ALEX BROWN,07598,54
P6206-414,Sports,Yoga Mat,"Not very satisfied, has several problems.",2,08 Nov 2021,C21251,TAYLOR DUBOIS,04831,24
P1695-551,Electronics,Fitness Smartwatch,Good product overall with minor issues.,4,01/14/2023,C76479,Chris Hernandez,02403,43
P1951-332,Office,A4 Printer Paper,"Great quality, very happy with this purchase.",5,16/11/2024,C78862,Pat  Brown,7914-60,26
P1214-771,Groceries,Dark Chocolate Bar,Good product overall with minor issues.,4,30-12-2022,C28775,MORGAN TAYLOR,5413-99,56
P1336-134,Home & Kitchen,Electric Kettle,"Great quality, very happy with this purchase.",5,25-09-2020,C73345,J. Martins,7146,56
P9901-858,Toys,Educational Puzzle Game,"Not very satisfied, has several problems.",2,03 Mar 2024,C40083,alex johnson,05173,27
P4151-392,Home & Kitchen,Non-Stick Frying Pan Set,"Not very satisfied, has several problems.",2,04-01-2023,C92832,pat dubois,02855,48
P2239-452,Beauty,Nourishing Hair Mask,"Average experience, nothing special.",3,"Mar 16, 2020",C96229,C. Martins,2359,31
P4095-213,Home & Kitchen,Air Purifier,Good product overall with minor issues.,4,26 Sep 2021,C28201,ALEX HERNANDEZ,9693 WY,20
P2472-303,Sports,Foam Roller,Good product overall with minor issues.,4,03 Sep 2024,C78451,casey garcia,08250,62
P4048-727,Clothing,Running Sneakers,Good product overall with minor issues.,4,31/07/2020,C11585,taylor brown,3323,33
P2533-982,Home & Kitchen,Memory Foam Pillow,"Very disappointed, would not recommend.",1,2020-11-23,C33983,M. De Vries,03758,34
P3910-195,Pet Supplies,Cat Scratching Post,"Not very satisfied, has several problems.",2,"Oct 18, 2021",C95739,JORDAN TAYLOR,5524 GX,50
P9983-697,Home & Kitchen,Non-Stick Frying Pan Set,"Great quality, very happy with this purchase.",5,19 Nov 2023,C45381,A. De Vries,2353 OF,31
P6199-929,Clothing,Organic Cotton T-Shirt,"Not very satisfied, has several problems.",2,14 Aug 2021,C65604,robin hernandez,6650 VA,20
P2973-632,Books,Productivity Guidebook,Good product overall with minor issues.,4,18 Jul 2020,C39753,alex smith,5862,28
P7345-212,Electronics,4K Ultra HD Smart TV,"Great quality, very happy with this purchase.",5,2024-04-22,C87807,Robin  Dubois,5706-35,41
P6704-260,Home & Kitchen,Stainless Steel Knife Block,"Not very satisfied, has several problems.",2,2024-03-28,C37317,CHRIS SMITH,4729,26
P9300-254,Home & Kitchen,Stainless Steel Knife Block,"Not very satisfied, has several problems.",2,20/06/2020,C58596,JAMIE JOHNSON,9854-10,55
P2538-827,Home & Kitchen,Electric Kettle,"Average experience, nothing special.",3,2024-11-10,C15567,Jordan Johnson,3851-21,28
P7593-648,Books,Productivity Guidebook,"Great quality, very happy with this purchase.",5,2020-11-15,C50230,J. Dubois,8878 VX,29
P2980-487,Clothing,Slim Fit Jeans,"Very disappointed, would not recommend.",1,06-04-2020,C47875,jamie martins,8610,20
P2805-749,Groceries,Gluten-Free Pasta,Good product overall with minor issues.,4,"Jun 27, 2022",C53547,taylor smith,6142 YL,47
P4257-426,Sports,Adjustable Dumbbell Set,"Very disappointed, would not recommend.",1,03 Jan 2023,C21770,Jamie Brown,5257-93,57
P7776-107,Electronics,USB-C Fast Charger,"Average experience, nothing special.",3,"Nov 22, 2023",C35375,Sam  Johnson,5461 MG,77
P8192-831,Clothing,Wool Winter Scarf,Good product overall with minor issues.,4,"Jun 11, 2024",C49052,sam brown,3559,29
P1533-279,Books,Cookbook: Easy Weeknight Meals,"Great quality, very happy with this purchase.",5,"Apr 22, 2023",C64999,CHRIS SMITH,5081,35
P9394-755,Electronics,Wireless Noise-Cancelling Headphones,Good product overall with minor issues.,4,29/12/2021,C69515,Robin Lee,7378,38
P1870-800,Beauty,Nourishing Hair Mask,"Great quality, very happy with this purchase.",5,15/06/2022,C41852,sam de vries,9064-85,20
P7831-188,Toys,Family Board Game,"Great quality, very happy with this purchase.",5,17/12/2022,C63553,alex martins,08104,58
P8553-613,Pet Supplies,Pet Grooming Brush,Good product overall with minor issues.,4,2022-11-03,C79049,Morgan  Dubois,3651 SQ,39
P8744-171,Electronics,Bluetooth Portable Speaker,Good product overall with minor issues.,4,12/06/2022,C59858,Robin Brown,3245 NZ,55
P5400-304,Clothing,Organic Cotton T-Shirt,"Very disappointed, would not recommend.",1,"May 02, 2023",C39991,Sam  Johnson,4883,56
P5308-656,Sports,Cycling Helmet,"Not very satisfied, has several problems.",2,22/07/2024,C83629,Alex  Martins,2699 FL,77
P2658-952,Beauty,Nourishing Hair Mask,Good product overall with minor issues.,4,09/05/2023,C26411,J. Smith,06744,32
P6964-939,Home & Kitchen,Air Purifier,,1,04/09/2020,C18404,M. Garcia,01158,31
P4810-960,Home & Kitchen,Electric Kettle,"Average experience, nothing special.",3,13-12-2022,C89384,R. De Vries,03714,43
P5207-667,Home & Kitchen,Non-Stick Frying Pan Set,Good product overall with minor issues.,4,23 May 2023,C44682,Jamie Taylor,8778,25
P3455-496,Electronics,Fitness Smartwatch,"Very disappointed, would not recommend.",1,02 Jun 2022,C89214,Morgan  De  Vries,7852,43
P9188-120,Clothing,Running Sneakers,"Average experience, nothing special.",3,03-12-2024,C32133,ALEX GARCIA,02002,
P2992-729,Electronics,Wireless Noise-Cancelling Headphones,"Great quality, very happy with this purchase.",5,17-01-2020,C83146,R. Smith,01657,50
P6057-446,Home & Kitchen,Electric Kettle,"Very disappointed, would not recommend.",1,23 Jul 2023,C14367,R. Hernandez,03413,19
P8739-940,Toys,Building Block Set,Good product overall with minor issues.,4,20 Jun 2021,C55042,CASEY TAYLOR,7883-92,31
P2396-754,Clothing,Waterproof Hiking Jacket,Good product overall with minor issues.,4,16-12-2024,C47533,Chris  Hernandez,9473-90,69
P9090-792,Clothing,Organic Cotton T-Shirt,"Average experience, nothing special.",3,"Feb 08, 2022",C98067,Pat De Vries,2048-43,56
P1267-981,Electronics,Bluetooth Portable Speaker,"Very disappointed, would not recommend.",1,20/09/2022,C70010,Chris Hernandez,02690,38
P1587-192,Home & Kitchen,Electric Kettle,Good product overall with minor issues.,4,2020-02-28,C96592,C. Hernandez,7063-48,72
P1471-952,Books,Thriller Novel,Good product overall with minor issues.,4,"Jan 02, 2022",C86883,Chris Lee,01059,43
P6023-977,Electronics,Bluetooth Portable Speaker,"Great quality, very happy with this purchase.",5,02 May 2024,C65843,Taylor  Smith,8843-27,55
P5945-936,Books,Thriller Novel,"Great quality, very happy with this purchase.",5,2020-06-09,C60935,Taylor  Hernandez,7841 HL,43
P3790-259,Electronics,Fitness Smartwatch,"Not very satisfied, has several problems.",2,18 Aug 2023,C84100,JAMIE DUBOIS,9230-82,40
P3605-551,Clothing,Wool Winter Scarf,"Average experience, nothing special.",3,"Apr 03, 2023",C59332,Morgan  Smith,2122,32
P7172-860,Home & Kitchen,Air Purifier,"Not very satisfied, has several problems.",2,06/26/2021,C32252,T. Martins,7145,41
P8979-469,Home & Kitchen,Stainless Steel Knife Block,"Great quality, very happy with this purchase.",5,13-01-2024,C79694,Pat  De  Vries,7013,35
P1304-769,Sports,Yoga Mat,"Very disappointed, would not recommend.",1,19/02/2020,C60010,Jamie Smith,6478 NN,64
P9682-502,Clothing,Slim Fit Jeans,"Not very satisfied, has several problems.",2,09/20/2020,C82177,Robin De Vries,4923 YB,46
P4008-925,Home & Kitchen,Air Purifier,"Great quality, very happy with this purchase.",5,05/24/2020,C92451,Jamie Dubois,3744-70,42
P9869-351,Clothing,Slim Fit Jeans,Good product overall with minor issues.,4,05-01-2020,C65358,M. De Vries,5478-79,34
P5566-824,Clothing,Slim Fit Jeans,"Great quality, very happy with this purchase.",5,04-03-2020,C69830,jordan taylor,09355,31
P5745-240,Home & Kitchen,Memory Foam Pillow,"Very disappointed, would not recommend.",1,07/21/2024,C28322,T. Lee,,19
P6699-158,Sports,Cycling Helmet,"Not very satisfied, has several problems.",2,18-10-2024,C58894,ALEX HERNANDEZ,7291-82,30
P3912-803,Pet Supplies,Cat Scratching Post,"Great quality, very happy with this purchase.",5,2022-07-13,C66051,chris martins,5663 JO,18
P3539-321,Toys,Educational Puzzle Game,"Great quality, very happy with this purchase.",5,"Oct 26, 2023",C46716,JORDAN GARCIA,3630,25
P5761-395,Clothing,Running Sneakers,"Not very satisfied, has several problems.",2,2024-04-09,C14926,ROBIN DUBOIS,07072,52
P1045-455,Electronics,USB-C Fast Charger,"Average experience, nothing special.",3,17/09/2020,C23248,Sam Martins,6790-44,80
P6944-562,Home & Kitchen,Non-Stick Frying Pan Set,"Average experience, nothing special.",3,2023-09-07,C40430,jordan brown,9213,25
P8378-807,Toys,Remote Control Car,"Average experience, nothing special.",3,29 Oct 2024,C48818,pat garcia,3800 UE,77
P1398-933,Clothing,Waterproof Hiking Jacket,"Average experience, nothing special.",3,"Jul 23, 2022",C93410,M. Dubois,4238-54,28
P8092-305,Groceries,Extra Virgin Olive Oil,"Very disappointed, would not recommend.",1,"Nov 30, 2020",C65402,pat garcia,02255,24
P5351-632,Clothing,Organic Cotton T-Shirt,Good product overall with minor issues.,4,"Feb 14, 2023",C40855,morgan garcia,6649,52
P9895-779,Pet Supplies,Dog Chew Toy,"Very disappointed, would not recommend.",1,2022-12-18,C73498,S. Dubois,8054,28
P1431-851,Electronics,Wireless Noise-Cancelling Headphones,"Great quality, very happy with this purchase.",5,"Jul 01, 2021",C69812,Casey Taylor,4674-76,29
P5330-541,Clothing,Wool Winter Scarf,"Very disappointed, would not recommend.",1,08/23/2024,C13572,jamie lee,08258,31
P8295-998,Electronics,Fitness Smartwatch,"Average experience, nothing special.",3,"Jan 15, 2020",C93447,A. Martins,2718-38,36
P8025-491,Electronics,Wireless Noise-Cancelling Headphones,"Average experience, nothing special.",3,2020-04-30,C33326,chris hernandez,5184 OT,49
P6255-689,Electronics,4K Ultra HD Smart TV,"Average experience, nothing special.",3,29-07-2024,C22987,CHRIS SMITH,05204,41
P3047-871,Electronics,Bluetooth Portable Speaker,"Very disappointed, would not recommend.",1,12-12-2020,C48199,P. Johnson,1153 RI,34
P6899-243,Clothing,Organic Cotton T-Shirt,Good product overall with minor issues.,4,20/12/2020,C75397,Chris Lee,6317 PR,62
P4537-444,Clothing,Wool Winter Scarf,"Great quality, very happy with this purchase.",5,05/12/2022,C82347,Jordan  Dubois,7613-51,27
P5309-749,Electronics,4K Ultra HD Smart TV,"Great quality, very happy with this purchase.",5,09 Aug 2023,C24770,Jordan  Brown,3101-52,28
P4555-569,Electronics,USB-C Fast Charger,"Not very satisfied, has several problems.",2,02/17/2020,C13663,Pat  Brown,1449-47,62
P5745-637,Groceries,Organic Almond Butter,"Great quality, very happy with this purchase.",5,2024-11-09,C49008,J. Taylor,9011 LR,69
P9328-230,Electronics,Wireless Noise-Cancelling Headphones,"Great quality, very happy with this purchase.",5,16/03/2021,C16868,ALEX HERNANDEZ,4581,42
P9130-261,Sports,Running Shorts,"Very disappointed, would not recommend.",1,14/01/2023,C19876,Chris  Dubois,3015-52,37
P5604-345,Clothing,Wool Winter Scarf,"Great quality, very happy with this purchase.",5,21-01-2024,C30951,C. De Vries,4400 CS,28
P6056-357,Books,Personal Finance Basics,"Very disappointed, would not recommend.",1,"Oct 20, 2021",C81877,Casey Dubois,9537,21
P9948-950,Office,Ergonomic Office Chair,"Not very satisfied, has several problems.",2,"Oct 06, 2023",C46701,casey hernandez,4073,40
P9755-314,Pet Supplies,Grain-Free Dog Food,Good product overall with minor issues.,4,23 Jul 2020,C34223,Sam  De  Vries,5734 CC,22
P5093-539,Electronics,4K Ultra HD Smart TV,"Not very satisfied, has several problems.",2,"Feb 14, 2023",C58402,ROBIN SMITH,09907,58
P3713-786,Groceries,Organic Almond Butter,Good product overall with minor issues.,4,"May 11, 2022",C36752,S. Dubois,04427,58
P9931-912,Home & Kitchen,Memory Foam Pillow,"Not very satisfied, has several problems.",2,"Jan 14, 2024",C19367,R. Garcia,,42
P1361-197,Beauty,Matte Liquid Lipstick,"Great quality, very happy with this purchase.",5,09/24/2020,C13627,Robin Lee,9692,42
P1302-211,Clothing,Organic Cotton T-Shirt,"Average experience, nothing special.",3,23-12-2023,C46264,SAM DUBOIS,3836,36
P9847-915,Electronics,Bluetooth Portable Speaker,"Great quality, very happy with this purchase.",5,30-10-2022,C86483,Robin  Brown,7229,46
P5355-165,Home & Kitchen,Air Purifier,"Average experience, nothing special.",3,30/11/2020,C78250,Sam Smith,1685,37
P4978-786,Office,Wireless Mouse,"Average experience, nothing special.",3,04 Mar 2021,C92011,Pat  Lee,,58
P2675-428,Clothing,Organic Cotton T-Shirt,"Not very satisfied, has several problems.",2,06-07-2022,C91836,pat smith,8447-56,22
P4816-235,Beauty,Nourishing Hair Mask,"Not very satisfied, has several problems.",2,"Apr 19, 2023",C89700,J. Garcia,7170,67
P8147-220,Home & Kitchen,Non-Stick Frying Pan Set,"Great quality, very happy with this purchase.",5,02-04-2021,C97403,robin smith,9273-78,47
P5374-765,Office,Wireless Mouse,"Very disappointed, would not recommend.",1,04/22/2020,C54649,P. Dubois,3697 OZ,26
P2941-880,Home & Kitchen,Electric Kettle,Good product overall with minor issues.,4,2023-10-03,C54929,Pat  Lee,7857-24,32
P1182-612,Office,Mechanical Keyboard,"Great quality, very happy with this purchase.",5,07-07-2023,C11710,alex brown,09648,28
P2874-101,Home & Kitchen,Non-Stick Frying Pan Set,"Not very satisfied, has several problems.",2,2020-12-23,C20509,taylor brown,01989,53
P4096-569,Pet Supplies,Pet Grooming Brush,"Very disappointed, would not recommend.",1,"Feb 27, 2024",C73827,sam martins,03433,68
P3670-222,Books,Cookbook: Easy Weeknight Meals,"Not very satisfied, has several problems.",2,2021-07-02,C33326,chris hernandez,5184 OT,49
P5404-919,Electronics,USB-C Fast Charger,,5,"Nov 02, 2023",C30667,J. Dubois,01412,79
P6165-147,Electronics,Bluetooth Portable Speaker,"Great quality, very happy with this purchase.",5,2021-01-16,C32270,PAT HERNANDEZ,3705-89,35
P2230-864,Clothing,Organic Cotton T-Shirt,"Not very satisfied, has several problems.",2,"Feb 26, 2022",C90353,alex de vries,5792,58
P4913-879,Office,Desk Organizer,"Great quality, very happy with this purchase.",5,26/12/2024,C89783,A. Martins,6182-48,32
P7244-173,Electronics,USB-C Fast Charger,Good product overall with minor issues.,4,01/10/2021,C14209,Morgan  Johnson,8555,53
P6802-270,Home & Kitchen,Non-Stick Frying Pan Set,Good product overall with minor issues.,4,30-10-2023,C94987,Morgan Hernandez,8398-24,42
P1396-931,Home & Kitchen,Non-Stick Frying Pan Set,"Not very satisfied, has several problems.",2,30/07/2024,C99558,P. Brown,4393,33
P2680-260,Clothing,Waterproof Hiking Jacket,Good product overall with minor issues.,4,2024-02-20,C74099,Alex  Brown,,30
P2000-672,Toys,Building Block Set,"Very disappointed, would not recommend.",1,"Apr 13, 2020",C83281,S. Johnson,1060,77
P7970-475,Books,Thriller Novel,"Average experience, nothing special.",3,2020-04-23,C61635,Sam Lee,6817-56,32
P1840-468,Home & Kitchen,Memory Foam Pillow,"Great quality, very happy with this purchase.",5,17/09/2023,C78179,TAYLOR DUBOIS,7141-71,33
P7635-159,Pet Supplies,Cat Litter Odor Control,"Average experience, nothing special.",3,20/09/2022,C76934,JORDAN BROWN,1388-12,34
P1423-855,Electronics,USB-C Fast Charger,Good product overall with minor issues.,4,29 Jul 2022,C21123,Robin  Smith,8394 NN,75
P1512-615,Home & Kitchen,Stainless Steel Knife Block,"Very disappointed, would not recommend.",1,01/29/2022,C36849,Taylor  Garcia,2225 RY,18
P2373-773,Clothing,Waterproof Hiking Jacket,"Average experience, nothing special.",3,23 Jun 2022,C84337,casey smith,08607,48
P5951-763,Clothing,Wool Winter Scarf,"Very disappointed, would not recommend.",1,2022-12-04,C82780,SAM MARTINS,4256-28,34
P6236-678,Beauty,Gentle Face Cleanser,"Not very satisfied, has several problems.",2,"Nov 07, 2020",C50051,jordan smith,6240 UM,29
P8033-666,Clothing,Slim Fit Jeans,Good product overall with minor issues.,4,2020-07-13,C49231,Jordan  Dubois,01622,80
P5775-323,Clothing,Running Sneakers,"Not very satisfied, has several problems.",2,09 Feb 2021,C82424,Casey De Vries,3544 ZR,34
P1480-994,Home & Kitchen,Air Purifier,"Not very satisfied, has several problems.",2,2023-12-12,C38945,Casey Garcia,2061-34,36
P5382-340,Home & Kitchen,Electric Kettle,"Very disappointed, would not recommend.",1,27/05/2023,C92600,PAT BROWN,8333-41,36
P1050-939,Beauty,Nourishing Hair Mask,"Very disappointed, would not recommend.",1,13 Mar 2023,C44530,PAT JOHNSON,01008,21
P2928-760,Pet Supplies,Cat Litter Odor Control,"Average experience, nothing special.",3,"Mar 26, 2020",C24554,Jamie Smith,9811-34,28
P5060-741,Office,Ergonomic Office Chair,Good product overall with minor issues.,4,02/08/2020,C21582,C. Lee,8470,
P9582-670,Books,Personal Finance Basics,"Very disappointed, would not recommend.",1,04/07/2024,C97995,Chris Martins,2006 UK,79
P1501-204,Beauty,Hydrating Face Serum,Good product overall with minor issues.,4,05 Jul 2024,C77726,S. Brown,8415,38
P3689-326,Sports,Running Shorts,"Very disappointed, would not recommend.",1,23/02/2020,C49176,Robin Martins,2723,43
P1054-985,Electronics,Bluetooth Portable Speaker,"Great quality, very happy with this purchase.",5,"Feb 14, 2022",C77142,MORGAN TAYLOR,05742,41
P2840-993,Beauty,Matte Liquid Lipstick,"Great quality, very happy with this purchase.",5,2024-06-10,C16711,Pat Brown,2818 SJ,38
P3613-738,Beauty,Hydrating Face Serum,"Very disappointed, would not recommend.",1,11/15/2021,C90153,taylor smith,3172,42
P1542-443,Electronics,Wireless Noise-Cancelling Headphones,"Great quality, very happy with this purchase.",5,2022-10-06,C21237,S. Lee,03487,25
P8398-205,Electronics,Wireless Noise-Cancelling Headphones,"Not very satisfied, has several problems.",2,26 May 2021,C88386,Chris Garcia,01029,37
P1453-501,Books,Thriller Novel,Good product overall with minor issues.,4,01-02-2022,C36083,A. Smith,1632,55
P3139-336,Home & Kitchen,Memory Foam Pillow,"Not very satisfied, has several problems.",2,07/14/2021,C12749,JORDAN DUBOIS,3819 XZ,27
P7967-220,Books,Productivity Guidebook,"Very disappointed, would not recommend.",1,11/06/2020,C29293,C. Martins,7468-40,57
P1071-463,Electronics,USB-C Fast Charger,"Average experience, nothing special.",3,"Jan 02, 2022",C46579,Casey Johnson,8835 KL,26
P4528-158,Clothing,Waterproof Hiking Jacket,Good product overall with minor issues.,4,"Jul 31, 2021",C75796,S. Smith,8772-92,27
P3940-250,Electronics,Wireless Noise-Cancelling Headphones,Good product overall with minor issues.,4,"Dec 10, 2024",C21580,Casey Smith,7876,54
P2673-910,Sports,Running Shorts,"Not very satisfied, has several problems.",2,20-02-2023,C37190,Taylor  Lee,1315,62
P2967-383,Groceries,Whole Bean Coffee,"Not very satisfied, has several problems.",2,11/20/2021,C80275,SAM DUBOIS,1498 OZ,30
P8882-801,Sports,Yoga Mat,"Not very satisfied, has several problems.",2,24-08-2020,C87929,casey hernandez,1923 BI,32
P6905-735,Clothing,Wool Winter Scarf,"Very disappointed, would not recommend.",1,2022-09-09,C91830,ROBIN LEE,5005,67
P2466-633,Books,Thriller Novel,Good product overall with minor issues.,4,"Nov 18, 2023",C97526,C. De Vries,2079-98,32
P1818-143,Beauty,Gentle Face Cleanser,"Great quality, very happy with this purchase.",5,"Aug 28, 2020",C72504,T. Brown,09504,56
P7430-132,Groceries,Dark Chocolate Bar,Good product overall with minor issues.,4,2023-10-31,C73805,chris lee,1299 XL,73
P1873-899,Beauty,Gentle Face Cleanser,"Very disappointed, would not recommend.",1,26 Jun 2020,C79873,Chris  Hernandez,9863 CS,18
P7377-485,Books,Cookbook: Easy Weeknight Meals,"Great quality, very happy with this purchase.",5,2022-03-09,C43885,Robin Hernandez,4256-84,44
P5566-746,Books,Cookbook: Easy Weeknight Meals,"Very disappointed, would not recommend.",1,18 Jul 2023,C23404,alex smith,05225,23
P2399-805,Pet Supplies,Cat Scratching Post,Good product overall with minor issues.,4,11-03-2024,C83182,C. Hernandez,5168,33
P4568-317,Toys,Family Board Game,"Not very satisfied, has several problems.",2,16/02/2022,C57088,jordan lee,9147 ZX,35
P7077-202,Books,Cookbook: Easy Weeknight Meals,"Average experience, nothing special.",3,23/09/2023,C47591,T. Johnson,1741-68,29
P3315-827,Electronics,USB-C Fast Charger,Good product overall with minor issues.,4,05-02-2020,C26438,Jordan Brown,6058 KM,29
P5813-685,Groceries,Dark Chocolate Bar,"Great quality, very happy with this purchase.",5,23 Jul 2021,C41735,ALEX TAYLOR,9271-39,47
P4741-873,Clothing,Wool Winter Scarf,Good product overall with minor issues.,4,07/10/2022,C29466,TAYLOR DUBOIS,03698,52
P6602-873,Sports,Foam Roller,Good product overall with minor issues.,4,20/02/2020,C35140,chris garcia,2925 BP,41
P6868-291,Sports,Yoga Mat,"Very disappointed, would not recommend.",1,"Apr 15, 2023",C42073,Jordan  Dubois,5218,24
P1592-189,Pet Supplies,Grain-Free Dog Food,"Not very satisfied, has several problems.",2,2023-02-07,C85969,jamie lee,5235-28,59
P3237-275,Home & Kitchen,Stainless Steel Knife Block,Good product overall with minor issues.,4,2024-12-09,C64974,Morgan  Smith,01582,37
P1151-539,Beauty,Gentle Face Cleanser,"Great quality, very happy with this purchase.",5,23-06-2024,C35984,Morgan Brown,08913,47
P9814-208,Office,Desk Organizer,"Average experience, nothing special.",3,2024-10-19,C88121,Casey  Brown,2606-13,31
P5780-463,Home & Kitchen,Memory Foam Pillow,"Average experience, nothing special.",3,09-05-2020,C77223,MORGAN TAYLOR,08245,46
P1227-730,Electronics,Fitness Smartwatch,"Great quality, very happy with this purchase.",5,03-07-2020,C99770,Alex  De  Vries,02774,28
P6554-935,Electronics,Wireless Noise-Cancelling Headphones,"Average experience, nothing special.",3,29 Feb 2020,C36452,T. Garcia,7959-17,39
P7871-699,Clothing,Organic Cotton T-Shirt,"Great quality, very happy with this purchase.",5,"Apr 20, 2022",C17799,Jamie  Dubois,3892 TV,44
P7827-663,Books,Personal Finance Basics,"Not very satisfied, has several problems.",2,22 Mar 2022,C66839,Alex  Brown,07714,74
P9787-788,Books,Sci-Fi Adventure,"Not very satisfied, has several problems.",2,26/03/2020,C16697,Alex  Taylor,7445,41
P1107-529,Clothing,Organic Cotton T-Shirt,"Great quality, very happy with this purchase.",5,"Aug 24, 2023",C35354,jamie dubois,8338-29,27
P8613-463,Toys,Family Board Game,"Very disappointed, would not recommend.",1,2021-05-25,C57953,Morgan De Vries,3695 PZ,35
P2356-121,Home & Kitchen,Non-Stick Frying Pan Set,"Average experience, nothing special.",3,11/02/2020,C31917,C. Dubois,8483-32,44
P4115-458,Electronics,USB-C Fast Charger,"Great quality, very happy with this purchase.",5,"Jan 03, 2022",C48022,Taylor  Lee,3504,61
P3798-342,Groceries,Extra Virgin Olive Oil,"Great quality, very happy with this purchase.",5,17-06-2020,C42767,CHRIS SMITH,9737-53,71
P9607-648,Beauty,Hydrating Face Serum,"Very disappointed, would not recommend.",1,13 Mar 2022,C55867,R. Brown,9250-86,26
P3915-729,Electronics,Fitness Smartwatch,"Very disappointed, would not recommend.",1,28-12-2020,C38221,Jordan Taylor,9700-77,70
P7726-634,Pet Supplies,Grain-Free Dog Food,"Average experience, nothing special.",3,01 Jun 2020,C74558,R. Dubois,8470 LO,46
P3240-463,Electronics,Wireless Noise-Cancelling Headphones,"Great quality, very happy with this purchase.",5,12/23/2024,C74370,Sam  Taylor,06102,22
P3735-444,Clothing,Slim Fit Jeans,"Very disappointed, would not recommend.",1,2023-02-26,C96614,R. De Vries,4526 IF,18
P1997-874,Electronics,Wireless Noise-Cancelling Headphones,"Average experience, nothing special.",3,2022-04-06,C80296,CASEY HERNANDEZ,2956,54
P5352-304,Electronics,Bluetooth Portable Speaker,"Average experience, nothing special.",3,01/27/2020,C79236,Morgan  Lee,07877,73
P8445-923,Home & Kitchen,Stainless Steel Knife Block,"Average experience, nothing special.",3,07/15/2024,C57495,sam taylor,09398,35
P2432-432,Electronics,USB-C Fast Charger,"Average experience, nothing special.",3,"Jan 22, 2020",C32617,casey taylor,7530,36
P8443-291,Books,Cookbook: Easy Weeknight Meals,Good product overall with minor issues.,4,02/28/2021,C59104,CHRIS SMITH,05090,39
P7204-181,Electronics,USB-C Fast Charger,"Great quality, very happy with this purchase.",5,04/11/2022,C52943,casey smith,7863,34
P2735-902,Home & Kitchen,Non-Stick Frying Pan Set,"Not very satisfied, has several problems.",2,14 Apr 2020,C90341,Taylor  De  Vries,2623-11,31
P7684-536,Clothing,Wool Winter Scarf,Good product overall with minor issues.,4,22-12-2022,C46153,Morgan Johnson,4927-21,27
P7873-684,Electronics,Bluetooth Portable Speaker,"Very disappointed, would not recommend.",1,02/07/2021,C49731,J. Lee,7238-43,27
P1615-334,Pet Supplies,Cat Scratching Post,"Not very satisfied, has several problems.",2,19 Apr 2022,C36493,T. Hernandez,08084,21
P8012-367,Toys,Remote Control Car,Good product overall with minor issues.,4,"Apr 13, 2021",C85949,Sam  Brown,1630-49,60
P9298-163,Beauty,Daily SPF 50 Sunscreen,"Average experience, nothing special.",3,2021-07-05,C23707,M. Hernandez,8266-14,58
P1243-433,Electronics,Wireless Noise-Cancelling Headphones,"Very disappointed, would not recommend.",1,19-12-2023,C73381,Jordan De Vries,3026-67,46
P9371-207,Home & Kitchen,Stainless Steel Knife Block,"Not very satisfied, has several problems.",2,2023-12-10,C27820,JAMIE DUBOIS,5661 KO,27
P2613-948,Groceries,Dark Chocolate Bar,"Expected a bit more polish, but it’s not a disaster.",3,01/17/2023,C20050,Alex  Martins,8679-85,25
P4975-901,Electronics,USB-C Fast Charger,"Not very satisfied, has several problems.",2,"Mar 25, 2022",C94326,R. De Vries,2160,29
P2206-612,Clothing,Slim Fit Jeans,"Average experience, nothing special.",3,30/01/2022,C64409,R. Martins,9843 VA,34
P2415-466,Books,Productivity Guidebook,"Not very satisfied, has several problems.",2,2021-08-13,C51506,SAM LEE,07742,38
P8657-671,Toys,Building Block Set,"Not very satisfied, has several problems.",2,2022-10-27,C11546,J. Johnson,09127,58
P4849-412,Electronics,Fitness Smartwatch,"Very disappointed, would not recommend.",1,06/01/2020,C17505,alex garcia,5582,78
P8737-619,Books,Productivity Guidebook,"Average experience, nothing special.",3,2023-06-08,C42834,CHRIS MARTINS,5745-29,31
P6693-377,Sports,Adjustable Dumbbell Set,"Very disappointed, would not recommend.",1,05/20/2021,C40551,taylor de vries,5127 UO,29
P4803-942,Beauty,Nourishing Hair Mask,"Average experience, nothing special.",3,06/23/2020,C47700,CASEY MARTINS,7314 OW,74
P4614-368,Beauty,Gentle Face Cleanser,"Great quality, very happy with this purchase.",5,10/31/2021,C54686,Jamie Garcia,9574-13,41
P1965-172,Clothing,Slim Fit Jeans,Good product overall with minor issues.,4,"Sep 09, 2024",C30303,J. Smith,3908 HW,52
P2904-177,Groceries,Gluten-Free Pasta,Good product overall with minor issues.,4,26 Sep 2024,C69204,JAMIE DE VRIES,9952,39
P3700-525,Electronics,4K Ultra HD Smart TV,"Not very satisfied, has several problems.",2,13/06/2023,C54475,morgan de vries,05496,57
P3383-489,Books,Cookbook: Easy Weeknight Meals,Good product overall with minor issues.,4,"Oct 27, 2023",C31510,PAT JOHNSON,2817-16,33
P5892-953,Groceries,Dark Chocolate Bar,"Great quality, very happy with this purchase.",5,12-11-2024,C79278,Morgan  Brown,02323,40
P2726-632,Sports,Running Shorts,Good product overall with minor issues.,4,2020-04-17,C38163,PAT GARCIA,4025,36
P9975-941,Groceries,Gluten-Free Pasta,"Average experience, nothing special.",3,"Feb 21, 2022",C23245,Sam  Brown,9677 YK,24
P4809-509,Electronics,USB-C Fast Charger,"Not very satisfied, has several problems.",2,10/31/2020,C23983,CHRIS TAYLOR,05307,25
P7095-400,Electronics,USB-C Fast Charger,Good product overall with minor issues.,4,"Jun 12, 2022",C52147,TAYLOR DE VRIES,05646,28
P2690-584,Home & Kitchen,Electric Kettle,"Not very satisfied, has several problems.",2,11/07/2022,C21204,SAM DUBOIS,3487 ZJ,42
P8379-889,Clothing,Waterproof Hiking Jacket,Good product overall with minor issues.,4,22/05/2020,C27169,S. Smith,3521-66,48
P6642-897,Books,Sci-Fi Adventure,"Average experience, nothing special.",3,2023-11-16,C95235,Casey  Lee,5049,47
P7498-904,Electronics,Bluetooth Portable Speaker,"Average experience, nothing special.",3,12 Feb 2020,C13154,chris martins,4412-87,41
P6342-103,Beauty,Nourishing Hair Mask,Good product overall with minor issues.,4,10/12/2023,C64133,S. Brown,3890-30,36
P5350-257,Books,Sci-Fi Adventure,"Very disappointed, would not recommend.",1,03/16/2023,C54672,TAYLOR DE VRIES,2544,25
P6041-445,Home & Kitchen,Memory Foam Pillow,Good product overall with minor issues.,4,"Jul 25, 2023",C68711,T. Johnson,3662-21,41
P4637-982,Groceries,Dark Chocolate Bar,"Great quality, very happy with this purchase.",5,14-03-2020,C79311,Chris Dubois,1739,27
P4881-858,Home & Kitchen,Electric Kettle,"Not very satisfied, has several problems.",2,17-06-2022,C44451,ALEX TAYLOR,02752,44
P6403-757,Beauty,Nourishing Hair Mask,"Great quality, very happy with this purchase.",5,28/09/2022,C65004,A. Garcia,1582 EW,44
P7494-829,Office,Wireless Mouse,"Great quality, very happy with this purchase.",5,07/11/2024,C18520,R. Smith,5582-55,56
P5677-411,Books,Thriller Novel,"Not very satisfied, has several problems.",2,31/12/2020,C82195,Taylor Dubois,2217-11,40
P5479-463,Beauty,Hydrating Face Serum,"Not very satisfied, has several problems.",2,09/06/2021,C34247,Sam Dubois,03184,40
P5315-393,Electronics,Fitness Smartwatch,"Not very satisfied, has several problems.",2,14-08-2024,C29102,morgan brown,07022,42
P9066-544,Home & Kitchen,Air Purifier,"Great quality, very happy with this purchase.",5,2021-05-27,C13231,Alex De Vries,8187,32
P5531-955,Clothing,Waterproof Hiking Jacket,Good product overall with minor issues.,4,10/11/2023,C62334,Pat  Garcia,7793,60
P7687-214,Home & Kitchen,Non-Stick Frying Pan Set,"Not very satisfied, has several problems.",2,31 Jul 2022,C78385,Chris Dubois,6067-48,42
P1658-476,Home & Kitchen,Electric Kettle,Good product overall with minor issues.,4,12/02/2024,C48783,Jamie  Garcia,6032 DK,50
P8185-485,Beauty,Gentle Face Cleanser,"Great quality, very happy with this purchase.",5,2020-06-23,C51356,Chris Smith,09552,26
P1981-409,Home & Kitchen,Non-Stick Frying Pan Set,"Great quality, very happy with this purchase.",5,07-10-2023,C85608,A. De Vries,3541 PX,30
P5407-716,Electronics,USB-C Fast Charger,Good product overall with minor issues.,4,10/29/2022,C32368,S. De Vries,7072 KM,34
P1565-379,Pet Supplies,Cat Scratching Post,"Not very satisfied, has several problems.",2,2020-03-10,C47808,Sam Martins,9099 TU,60
P9335-927,Clothing,Waterproof Hiking Jacket,"Average experience, nothing special.",3,25-07-2022,C58626,Alex  Garcia,8725 GX,50
P5161-141,Beauty,Hydrating Face Serum,"Average experience, nothing special.",3,"Jul 28, 2021",C42937,Pat Garcia,02328,31
P1024-425,Toys,Educational Puzzle Game,"Average experience, nothing special.",3,01/11/2024,C28533,JORDAN LEE,2976,54
P9874-472,Clothing,Waterproof Hiking Jacket,"Very disappointed, would not recommend.",1,2022-06-25,C72838,Morgan Lee,3934-94,34
P7086-611,Home & Kitchen,Non-Stick Frying Pan Set,"Very disappointed, would not recommend.",1,17 Apr 2020,C26929,Alex De Vries,1538,28
P1721-398,Clothing,Running Sneakers,"Great quality, very happy with this purchase.",5,03-09-2023,C47415,R. Dubois,4062 TN,51
P6327-444,Books,Sci-Fi Adventure,"Not very satisfied, has several problems.",2,2022-03-19,C77676,SAM DUBOIS,7172-26,29
P9731-986,Electronics,Wireless Noise-Cancelling Headphones,"Not very satisfied, has several problems.",2,2024-05-13,C11452,,5448-54,33
P9351-758,Pet Supplies,Grain-Free Dog Food,"Great quality, very happy with this purchase.",5,03/10/2021,C74584,Pat  Lee,08251,39
P7726-810,Electronics,Wireless Noise-Cancelling Headphones,"Average experience, nothing special.",3,08-03-2022,C92240,Taylor  Brown,04657,49
P5796-479,Books,Thriller Novel,"Great quality, very happy with this purchase.",5,07/31/2023,C51771,Jamie  Martins,3985-64,39
P5352-904,Electronics,Bluetooth Portable Speaker,"Very disappointed, would not recommend.",1,"Apr 25, 2022",C36123,JAMIE LEE,6046 UH,46
P5846-195,Electronics,USB-C Fast Charger,"Not very satisfied, has several problems.",2,27/05/2021,C10780,Chris  De  Vries,3609,45
P7215-764,Electronics,4K Ultra HD Smart TV,Good product overall with minor issues.,4,01/05/2022,C78366,,06330,35
P8907-853,Electronics,4K Ultra HD Smart TV,"Great quality, very happy with this purchase.",5,"Mar 25, 2022",C84671,P. Garcia,02265,40
P4474-719,Electronics,Fitness Smartwatch,"Very disappointed, would not recommend.",1,04/07/2024,C95607,C. Dubois,4860-92,39
P4047-923,Electronics,Fitness Smartwatch,"Great quality, very happy with this purchase.",5,22-04-2020,C34656,JORDAN SMITH,8566 EL,49
P9375-378,Beauty,Hydrating Face Serum,"Not very satisfied, has several problems.",2,06 Nov 2022,C86380,Robin  Brown,8637,33
P2926-625,Office,Ergonomic Office Chair,Good product overall with minor issues.,4,19-10-2020,C89414,T. Taylor,8620 CG,31
P5980-708,Home & Kitchen,Stainless Steel Knife Block,"Very disappointed, would not recommend.",1,13-02-2024,C81625,Morgan Garcia,9091 ID,58
P4807-687,Beauty,Nourishing Hair Mask,"Not very satisfied, has several problems.",2,20 Apr 2020,C70622,J. Johnson,8021,52
P2360-587,Home & Kitchen,Memory Foam Pillow,"Very disappointed, would not recommend.",1,21-09-2020,C73573,Sam Johnson,08500,40
P4351-180,Home & Kitchen,Non-Stick Frying Pan Set,"Not very satisfied, has several problems.",2,03/03/2021,C77254,Taylor  Martins,6216,28
P6596-444,Electronics,Wireless Noise-Cancelling Headphones,"Great quality, very happy with this purchase.",5,14/12/2021,C87665,taylor johnson,2301-55,55
P1812-850,Clothing,Organic Cotton T-Shirt,"Great quality, very happy with this purchase.",5,2023-03-31,C76170,Robin Smith,6462,68
P4793-508,Electronics,Wireless Noise-Cancelling Headphones,"Very disappointed, would not recommend.",1,26-02-2023,C27111,ROBIN MARTINS,08628,42
P8381-235,Books,Productivity Guidebook,"Great quality, very happy with this purchase.",5,03-05-2020,C47587,J. Martins,01036,30
P2016-377,Sports,Foam Roller,"Average experience, nothing special.",3,21-10-2024,C12323,robin lee,7873,37
P3609-161,Home & Kitchen,Air Purifier,"Not very satisfied, has several problems.",2,,C17124,J. Hernandez,09028,35
P8035-598,Electronics,Wireless Noise-Cancelling Headphones,"Very disappointed, would not recommend.",1,06/03/2024,C27999,Jamie  Smith,5019-35,34
P7103-645,Sports,Cycling Helmet,"Average experience, nothing special.",3,2023-05-28,C19309,Casey  Hernandez,8604 GO,18
P7531-217,Toys,Remote Control Car,"Great quality, very happy with this purchase.",5,06/14/2023,C52251,morgan garcia,8211-89,79
P3328-405,Clothing,Wool Winter Scarf,"Not very satisfied, has several problems.",2,13/02/2022,C20431,Jamie Garcia,1321 NR,29
P6186-314,Home & Kitchen,Electric Kettle,"Very disappointed, would not recommend.",1,07/05/2020,C17429,Chris  Garcia,1597-45,25
P9382-230,Pet Supplies,Grain-Free Dog Food,"Average experience, nothing special.",3,04/21/2024,C44544,pat garcia,4845 LC,65
P1636-620,Home & Kitchen,Non-Stick Frying Pan Set,"Average experience, nothing special.",3,"Sep 15, 2020",C63257,robin martins,7732,31
P5499-184,Electronics,USB-C Fast Charger,"Average experience, nothing special.",3,28 Jan 2020,C23244,P. Brown,8673 ZE,57
P2429-571,Home & Kitchen,Electric Kettle,"Average experience, nothing special.",3,03/21/2022,C92004,MORGAN BROWN,06423,18
P8568-182,Home & Kitchen,Memory Foam Pillow,"Average experience, nothing special.",3,2021-03-06,C64760,Taylor  Johnson,5552-23,74
P3490-457,Books,Personal Finance Basics,"Great quality, very happy with this purchase.",5,06-10-2024,C48897,Robin Garcia,2713 RJ,63
P2772-438,Sports,Yoga Mat,Good product overall with minor issues.,4,02 Feb 2024,C23707,C. Dubois,02967,50
P3523-354,Clothing,Slim Fit Jeans,"Average experience, nothing special.",3,09/10/2024,C33543,sam johnson,03554,42
P7357-152,Pet Supplies,Pet Grooming Brush,"Great quality, very happy with this purchase.",5,27 Mar 2023,C88349,jordan dubois,07115,68
P1229-733,Electronics,Bluetooth Portable Speaker,"Average experience, nothing special.",3,2022-01-18,C87576,Alex  Johnson,6686-74,43
P8064-786,Electronics,4K Ultra HD Smart TV,"Very disappointed, would not recommend.",1,23-06-2022,C66712,taylor dubois,1307 WK,33
P9810-726,Groceries,Gluten-Free Pasta,"Average experience, nothing special.",3,19 Feb 2022,C46827,pat lee,9354-82,44
P6926-797,Clothing,Organic Cotton T-Shirt,"Not very satisfied, has several problems.",2,30 Sep 2020,C23347,Sam  Lee,4202-12,25
P8382-856,Books,Productivity Guidebook,"Very disappointed, would not recommend.",1,26-03-2022,C51656,J. De Vries,1379-21,20
P9569-321,Clothing,Slim Fit Jeans,"Not very satisfied, has several problems.",2,16 May 2023,C69729,A. Lee,9477,32
P9285-925,Home & Kitchen,Air Purifier,Good product overall with minor issues.,4,30/11/2021,C65987,morgan dubois,3962 HO,76
P8543-192,Home & Kitchen,Non-Stick Frying Pan Set,"Great quality, very happy with this purchase.",5,2024-09-04,C44962,Casey  Garcia,3802-58,34
P8615-473,Electronics,4K Ultra HD Smart TV,"Average experience, nothing special.",3,"Feb 26, 2023",C98003,CASEY GARCIA,4363,58
P9752-575,Electronics,Wireless Noise-Cancelling Headphones,"Not very satisfied, has several problems.",2,"Feb 08, 2022",C56017,Casey  Lee,4283 SE,24
P2166-765,Sports,Foam Roller,"Great quality, very happy with this purchase.",5,14-02-2021,C34995,Casey  Lee,04624,50
P5826-678,Clothing,Organic Cotton T-Shirt,Good product overall with minor issues.,4,08-05-2022,C17517,Sam  De  Vries,05096,25
P8801-644,Electronics,Bluetooth Portable Speaker,"Great quality, very happy with this purchase.",5,10/14/2020,C99984,PAT JOHNSON,09857,34
P5750-138,Sports,Running Shorts,Good product overall with minor issues.,4,28-09-2021,C16069,Morgan  De  Vries,5176-83,38
P9730-608,Beauty,Daily SPF 50 Sunscreen,"Great quality, very happy with this purchase.",5,09/06/2021,C28729,ALEX GARCIA,1637-86,53
P6653-369,Clothing,Waterproof Hiking Jacket,"Not very satisfied, has several problems.",2,21/12/2020,C67314,Alex Martins,5103,29
P6911-687,Groceries,Whole Bean Coffee,Good product overall with minor issues.,4,10 Jun 2020,C92085,Alex  De  Vries,05388,49
P2380-819,Beauty,Daily SPF 50 Sunscreen,"Not very satisfied, has several problems.",2,01/29/2022,C49068,pat taylor,4230 RW,45
P7733-530,Home & Kitchen,Electric Kettle,"Average experience, nothing special.",3,06 Oct 2022,C65610,M. De Vries,08317,30
P8154-710,Sports,Yoga Mat,"Average experience, nothing special.",3,11 Sep 2022,C70472,Robin  De  Vries,2334-64,57
P3614-605,Clothing,Waterproof Hiking Jacket,"Not very satisfied, has several problems.",2,01/22/2024,C14094,pat hernandez,7078-19,39
P8270-248,Office,Ergonomic Office Chair,"Not very satisfied, has several problems.",2,07 Feb 2022,C94105,ROBIN MARTINS,5145 BS,24
P6473-722,Electronics,Wireless Noise-Cancelling Headphones,"Average experience, nothing special.",3,"Jan 09, 2020",C72096,jordan hernandez,4569,25
P4001-497,Home & Kitchen,Memory Foam Pillow,"Great quality, very happy with this purchase.",5,14-12-2021,C33023,alex hernandez,9351-92,42
P8786-580,Sports,Adjustable Dumbbell Set,"Not very satisfied, has several problems.",2,2020-07-31,C92835,Jamie De Vries,6624-99,32
P7639-907,Electronics,Fitness Smartwatch,"Great quality, very happy with this purchase.",5,"Jul 19, 2020",C36333,jordan brown,3560 JI,31
P4890-282,Home & Kitchen,Electric Kettle,"Very disappointed, would not recommend.",1,12/05/2024,C46097,Chris Martins,,42
P2980-529,Toys,Remote Control Car,Good product overall with minor issues.,4,04/10/2023,C89940,Sam  Johnson,02769,73
P1818-611,Groceries,Dark Chocolate Bar,"Very disappointed, would not recommend.",1,14-06-2024,C12869,Casey De Vries,,29
P5410-802,Pet Supplies,Cat Scratching Post,"Great quality, very happy with this purchase.",5,2021-09-16,C24285,CASEY TAYLOR,3669 CO,27
P1395-322,Clothing,Slim Fit Jeans,Good product overall with minor issues.,4,26-01-2020,C25357,J. Hernandez,9566 GO,77
P8108-793,Groceries,Extra Virgin Olive Oil,"Not very satisfied, has several problems.",2,30 Aug 2020,C37343,Jamie Hernandez,4435,54
P8169-217,Home & Kitchen,Electric Kettle,"Average experience, nothing special.",3,29-08-2024,C37541,P. De Vries,08051,47
P9752-791,Sports,Cycling Helmet,"Not very satisfied, has several problems.",2,2023-06-22,C57232,Alex  Garcia,03092,51
P8816-124,Electronics,4K Ultra HD Smart TV,,5,2024-05-14,C50740,Sam  De  Vries,6512-37,38
P4345-108,Books,Thriller Novel,Good product overall with minor issues.,4,04/08/2022,C28047,Casey  Brown,6705,32
P9881-479,Clothing,Waterproof Hiking Jacket,"Great quality, very happy with this purchase.",5,06/05/2020,C70200,Pat  Hernandez,07139,40
P9950-813,Electronics,4K Ultra HD Smart TV,"Great quality, very happy with this purchase.",5,22 Oct 2021,C21995,morgan hernandez,6361,20
P5801-520,Home & Kitchen,Non-Stick Frying Pan Set,"Very disappointed, would not recommend.",1,06 Jun 2020,C22987,CHRIS SMITH,05204,41
P5521-206,Electronics,4K Ultra HD Smart TV,"Not very satisfied, has several problems.",2,10/25/2020,C31529,M. Hernandez,4479 DT,35
P9075-297,Clothing,Organic Cotton T-Shirt,"Great quality, very happy with this purchase.",5,"Feb 02, 2024",C44187,,07474,55
P1816-294,Electronics,Wireless Noise-Cancelling Headphones,"Not very satisfied, has several problems.",2,"Jan 23, 2022",C59326,TAYLOR DUBOIS,2300 SW,25
P8765-322,Beauty,Hydrating Face Serum,"Great quality, very happy with this purchase.",5,05/10/2020,C89207,robin johnson,1393-30,60
P2515-656,Clothing,Organic Cotton T-Shirt,Good product overall with minor issues.,4,09/07/2023,C42186,Robin Martins,8893-30,37
P7622-759,Toys,Building Block Set,"Average experience, nothing special.",3,09 Jul 2021,C63537,MORGAN DE VRIES,09933,27
P2847-483,Clothing,Waterproof Hiking Jacket,"Not very satisfied, has several problems.",2,2024-07-19,C22630,jordan dubois,06061,77
P7467-902,Home & Kitchen,Memory Foam Pillow,Good product overall with minor issues.,4,07/03/2023,C77348,taylor lee,9676 JO,36
P7403-105,Beauty,Daily SPF 50 Sunscreen,"Average experience, nothing special.",3,17/04/2023,C77858,casey brown,7874-84,32
P3296-637,Electronics,4K Ultra HD Smart TV,"Average experience, nothing special.",3,11/03/2020,C21234,T. Garcia,09187,21
P7301-286,Sports,Foam Roller,"Very disappointed, would not recommend.",1,12-11-2024,C15061,Alex  De  Vries,9307,47
P9919-834,Office,A4 Printer Paper,"Average experience, nothing special.",3,05/05/2020,C75720,sam dubois,07012,77
P3915-788,Toys,Family Board Game,"Very disappointed, would not recommend.",1,01/26/2023,C33695,J. Garcia,1236-90,32
P6301-565,Sports,Foam Roller,"Average experience, nothing special.",3,28/05/2020,C33164,Chris  Taylor,9452 EW,33
P2438-865,Clothing,Organic Cotton T-Shirt,"Average experience, nothing special.",3,07/05/2022,C22929,M. Smith,8744 UP,69
P6065-266,Electronics,USB-C Fast Charger,"Not very satisfied, has several problems.",2,"Nov 01, 2020",C21679,Alex  Lee,9868,33
P2925-855,Home & Kitchen,Electric Kettle,"Average experience, nothing special.",3,25/05/2023,C31292,Sam  Lee,05023,37
P2469-348,Home & Kitchen,Stainless Steel Knife Block,"Not very satisfied, has several problems.",2,"Mar 06, 2020",C22463,Taylor Hernandez,8601,42
P2841-210,Home & Kitchen,Air Purifier,"Average experience, nothing special.",3,07/06/2024,C49222,Sam  Lee,5448,37
P4198-933,Books,Personal Finance Basics,"Great quality, very happy with this purchase.",5,07/31/2022,C98646,Pat Johnson,,70
P2839-728,Clothing,Waterproof Hiking Jacket,Good product overall with minor issues.,4,2021-12-24,C82937,robin taylor,2073 LJ,56
P3752-173,Clothing,Slim Fit Jeans,"Great quality, very happy with this purchase.",5,03-03-2024,C36704,TAYLOR DUBOIS,6178-97,39
P2048-435,Home & Kitchen,Air Purifier,"Very disappointed, would not recommend.",1,18 Aug 2022,C29115,robin taylor,6555,30
P8251-240,Clothing,Slim Fit Jeans,"Not very satisfied, has several problems.",2,08/06/2021,C35767,J. Lee,03334,39
P1061-920,Home & Kitchen,Non-Stick Frying Pan Set,Good product overall with minor issues.,4,08/11/2020,C47324,morgan lee,5222 KD,39
P1196-146,Toys,Family Board Game,"Average experience, nothing special.",3,16 Aug 2022,C53135,S. Hernandez,5157 HB,79
P6725-311,Electronics,Wireless Noise-Cancelling Headphones,"Not very satisfied, has several problems.",2,26/11/2022,C38291,T. Brown,02383,57
P8228-229,Electronics,Fitness Smartwatch,"Very disappointed, would not recommend.",1,10/05/2020,C82636,J. Dubois,2006 FZ,33
P3683-913,Beauty,Gentle Face Cleanser,"Great quality, very happy with this purchase.",5,01/13/2024,C39677,PAT TAYLOR,08576,26
P4344-319,Office,Ergonomic Office Chair,"Not very satisfied, has several problems.",2,24-07-2024,C13529,pat taylor,1449-66,45
P6252-350,Clothing,Organic Cotton T-Shirt,"Average experience, nothing special.",3,2020-10-04,C33270,Sam  Hernandez,3162-23,58
P2622-817,Clothing,Slim Fit Jeans,Good product overall with minor issues.,4,"Apr 03, 2024",C16660,pat brown,4504-19,23
P8703-575,Toys,Plush Teddy Bear,"Very disappointed, would not recommend.",1,2020-06-01,C15868,Casey Taylor,3649,73
P6269-676,Clothing,Slim Fit Jeans,"Very disappointed, would not recommend.",1,"Apr 11, 2022",C80670,taylor johnson,09064,26
P8077-578,Toys,Plush Teddy Bear,"Average experience, nothing special.",3,2023-01-03,C33708,robin taylor,08463,59
P4111-515,Beauty,Gentle Face Cleanser,"Average experience, nothing special.",3,08/25/2022,C54099,Morgan  Martins,9860-99,30
P4108-357,Beauty,Matte Liquid Lipstick,"Very disappointed, would not recommend.",1,04/02/2024,C63248,Casey  Hernandez,05549,30
P7853-290,Sports,Foam Roller,"Very disappointed, would not recommend.",1,16/07/2020,C89166,Pat  Lee,08407,40
P3837-506,Sports,Foam Roller,"Great quality, very happy with this purchase.",5,08/17/2023,C86144,ALEX SMITH,1468-38,61
P4422-304,Pet Supplies,Cat Litter Odor Control,"Very disappointed, would not recommend.",1,"Dec 13, 2020",C84979,Casey  Garcia,3519-49,31
P7721-815,Toys,Building Block Set,"Great quality, very happy with this purchase.",5,2021-06-19,C51754,jamie garcia,4594 HA,44
P1820-309,Groceries,Whole Bean Coffee,"Average experience, nothing special.",3,02/11/2020,C85367,Chris  Johnson,3676-38,37
P6909-531,Beauty,Daily SPF 50 Sunscreen,"Great quality, very happy with this purchase.",5,25 Apr 2023,C25022,Alex  Smith,08878,42
P8675-705,Home & Kitchen,Stainless Steel Knife Block,Good product overall with minor issues.,4,28-01-2022,C42230,sam dubois,3526-88,37
P8452-836,Electronics,Wireless Noise-Cancelling Headphones,"Very disappointed, would not recommend.",1,08/07/2021,C65172,Chris Smith,5619,49
P3665-595,Toys,Plush Teddy Bear,Good product overall with minor issues.,4,"May 29, 2023",C85884,Sam  De  Vries,1135,35
P5139-331,Sports,Running Shorts,Good product overall with minor issues.,4,08 Oct 2021,C48387,Morgan Lee,4946-82,25
P2453-543,Home & Kitchen,Non-Stick Frying Pan Set,"Average experience, nothing special.",3,"Aug 25, 2023",C83289,ROBIN JOHNSON,7454-71,40
P8871-143,Beauty,Nourishing Hair Mask,Good product overall with minor issues.,4,05-03-2024,C90736,casey garcia,6523-17,29
P7650-673,Toys,Plush Teddy Bear,"Very disappointed, would not recommend.",1,"Nov 29, 2020",C50192,P. Johnson,7004 LC,24
P3485-195,Office,Desk Organizer,"Average experience, nothing special.",3,2022-06-20,C57320,pat lee,,37
P7743-892,Office,Wireless Mouse,"Average experience, nothing special.",3,"Jul 28, 2021",C50069,ROBIN HERNANDEZ,9276-64,31
P8953-223,Electronics,Fitness Smartwatch,"Average experience, nothing special.",3,15 Jun 2022,C28906,morgan hernandez,1482 HW,27
P9996-154,Clothing,Running Sneakers,"Great quality, very happy with this purchase.",5,24 Feb 2021,C67085,Robin  Martins,8490 BU,50
P5560-423,Electronics,Wireless Noise-Cancelling Headphones,"Very disappointed, would not recommend.",1,08-06-2020,C20752,CASEY JOHNSON,2714-58,73
P5968-569,Clothing,Slim Fit Jeans,"Not very satisfied, has several problems.",2,11/09/2021,C39421,Alex  Garcia,7835-94,20
P3830-798,Clothing,Wool Winter Scarf,"Great quality, very happy with this purchase.",5,07-08-2021,C53318,chris garcia,3822,42
P2508-686,Electronics,Wireless Noise-Cancelling Headphones,"Very disappointed, would not recommend.",1,2022-10-31,C46727,R. Hernandez,05899,56
P2128-289,Groceries,Dark Chocolate Bar,"Very disappointed, would not recommend.",1,26 Mar 2024,C34456,robin brown,9306-92,28
P2765-335,Clothing,Slim Fit Jeans,"Not very satisfied, has several problems.",2,01/06/2023,C25821,SAM SMITH,5947-29,41
P1733-277,Clothing,Wool Winter Scarf,"Not very satisfied, has several problems.",2,20 Jan 2021,C29520,Morgan  Dubois,02014,79
P2463-850,Home & Kitchen,Memory Foam Pillow,Good product overall with minor issues.,4,08/07/2022,C80673,Pat Taylor,3359 WM,42
P7337-929,Books,Sci-Fi Adventure,"Very disappointed, would not recommend.",1,08/29/2023,C64524,Morgan  Hernandez,9087,41
P3896-804,Clothing,Waterproof Hiking Jacket,"Very disappointed, would not recommend.",1,16-06-2023,C50123,P. Johnson,9928-50,57
P5640-136,Toys,Educational Puzzle Game,"Average experience, nothing special.",3,09 Sep 2022,C98161,Casey Brown,03286,53
P1758-990,Electronics,Bluetooth Portable Speaker,"Not very satisfied, has several problems.",2,10/29/2024,C29542,MORGAN DE VRIES,,57
P5566-632,Office,Wireless Mouse,"Not very satisfied, has several problems.",2,"Sep 04, 2021",C96049,Jamie Johnson,7073,35
P3494-382,Home & Kitchen,Air Purifier,"Very disappointed, would not recommend.",1,29/07/2020,C54513,Casey De Vries,5304 JQ,18
P5936-626,Electronics,4K Ultra HD Smart TV,Good product overall with minor issues.,4,23 Aug 2021,C34844,Sam  Taylor,3706-89,30
P7163-634,Home & Kitchen,Non-Stick Frying Pan Set,,3,2024-03-20,C61192,Jordan Brown,07452,60
P3471-135,Books,Productivity Guidebook,"Very disappointed, would not recommend.",1,2020-05-17,C99967,SAM DE VRIES,01768,37
P8462-109,Sports,Foam Roller,"Great quality, very happy with this purchase.",5,07 Sep 2022,C14975,JORDAN HERNANDEZ,2544,24
P3722-471,Books,Cookbook: Easy Weeknight Meals,"Average experience, nothing special.",3,19 Sep 2022,C13197,jordan garcia,6285,38
P7103-200,Home & Kitchen,Memory Foam Pillow,"Not very satisfied, has several problems.",2,,C12663,M. Martins,06926,43
P5965-555,Books,Sci-Fi Adventure,"Very disappointed, would not recommend.",1,31/03/2022,C43866,JAMIE GARCIA,4771-22,19
P8696-763,Electronics,4K Ultra HD Smart TV,"Great quality, very happy with this purchase.",5,06-01-2021,C72709,Jamie  Johnson,5562,29
P4869-933,Electronics,USB-C Fast Charger,"Average experience, nothing special.",3,24-04-2024,C81264,Robin Hernandez,7128 SS,26
P9710-298,Clothing,Organic Cotton T-Shirt,"Not very satisfied, has several problems.",2,"Apr 16, 2021",C27401,Chris  Smith,5851,47
P2520-484,Groceries,Dark Chocolate Bar,"Very disappointed, would not recommend.",1,2022-02-08,C63693,jamie brown,4188,34
P3704-592,Clothing,Wool Winter Scarf,"Not very satisfied, has several problems.",2,04-06-2021,C40432,Robin Lee,09867,27
P7994-639,Clothing,Wool Winter Scarf,Good product overall with minor issues.,4,2020-09-25,C96641,chris smith,03294,25
P9463-999,Electronics,Fitness Smartwatch,Good product overall with minor issues.,4,10 Oct 2020,C72934,ROBIN SMITH,9112 RY,22
P8516-996,Electronics,Fitness Smartwatch,"Great quality, very happy with this purchase.",5,05 Jun 2023,C28036,Taylor  Smith,06737,19
P6066-744,Toys,Family Board Game,Good product overall with minor issues.,4,2022-10-02,C47350,robin johnson,04714,80
P6177-350,Electronics,Wireless Noise-Cancelling Headphones,"Great quality, very happy with this purchase.",5,30-05-2021,C93509,taylor johnson,4303 JG,35
P4073-705,Pet Supplies,Dog Chew Toy,"Average experience, nothing special.",3,06-01-2024,C11876,taylor taylor,2058 JY,43
P6178-472,Home & Kitchen,Electric Kettle,"Not very satisfied, has several problems.",2,08/04/2022,C17092,C. Dubois,02344,24
P6407-573,Books,Cookbook: Easy Weeknight Meals,"Very disappointed, would not recommend.",1,"Jan 31, 2022",C63910,CASEY HERNANDEZ,05777,26
P5543-914,Clothing,Organic Cotton T-Shirt,Good product overall with minor issues.,4,2020-08-09,C61016,Taylor  Smith,1816 WN,51
P7847-752,Clothing,Waterproof Hiking Jacket,Good product overall with minor issues.,4,"Oct 02, 2024",C23396,PAT JOHNSON,4116 NW,43
P9527-762,Office,Mechanical Keyboard,"Not very satisfied, has several problems.",2,"Nov 06, 2020",C10568,Alex Hernandez,7324,63
P8158-794,Pet Supplies,Grain-Free Dog Food,"Great quality, very happy with this purchase.",5,"Nov 04, 2023",C44881,C. Smith,3072,19
P7255-446,Office,Wireless Mouse,Good product overall with minor issues.,4,23 Aug 2022,C87011,P. Garcia,3948,71
P5707-531,Groceries,Gluten-Free Pasta,"Average experience, nothing special.",3,18 Jun 2024,C68972,A. Johnson,03364,24
P2180-515,Books,Sci-Fi Adventure,"Average experience, nothing special.",3,12/07/2022,C46782,jordan johnson,7214,39
P1669-631,Home & Kitchen,Memory Foam Pillow,"Not very satisfied, has several problems.",2,"Oct 29, 2022",C59448,jamie smith,7887 HO,56
P5196-260,Toys,Remote Control Car,"Not very satisfied, has several problems.",2,"Jun 16, 2020",C35881,S. Taylor,1070 QO,
P5750-682,Beauty,Nourishing Hair Mask,"Very disappointed, would not recommend.",1,28 Oct 2020,C74613,Taylor  Garcia,03671,37
P6095-916,Home & Kitchen,Electric Kettle,"Great quality, very happy with this purchase.",5,"Jun 09, 2023",C34111,Robin Smith,09392,52
P1807-510,Clothing,Wool Winter Scarf,Good product overall with minor issues.,4,04/18/2022,C44805,Morgan De Vries,4659,42
P1851-739,Electronics,Wireless Noise-Cancelling Headphones,"Average experience, nothing special.",3,08-03-2021,C94705,PAT DUBOIS,04069,41
P5413-378,Clothing,Wool Winter Scarf,"Very disappointed, would not recommend.",1,29/09/2021,C95162,TAYLOR MARTINS,3779-65,60
P5431-903,Electronics,Bluetooth Portable Speaker,"Average experience, nothing special.",3,21/04/2022,C32836,Morgan Garcia,6751 ZY,26
P6299-464,Books,Personal Finance Basics,"Not very satisfied, has several problems.",2,"Dec 21, 2022",C16787,J. Dubois,7395-60,23
P6983-687,Electronics,USB-C Fast Charger,"Not very satisfied, has several problems.",2,30-11-2021,C70134,robin martins,1799-12,31
P3205-431,Home & Kitchen,Non-Stick Frying Pan Set,"Average experience, nothing special.",3,02/22/2023,C85822,Sam Garcia,5035 UB,27
P8196-568,Toys,Family Board Game,"Great quality, very happy with this purchase.",5,08/06/2021,C96482,Robin Lee,03661,62
P3863-208,Home & Kitchen,Air Purifier,"Great quality, very happy with this purchase.",5,2024-02-24,C72827,R. Johnson,9590 SY,21
P9905-205,Books,Personal Finance Basics,Good product overall with minor issues.,4,"Dec 09, 2022",C98110,S. Dubois,8099-83,31
P2670-854,Clothing,Wool Winter Scarf,Good product overall with minor issues.,4,21-02-2024,C15965,Alex  Lee,7241 MV,42
P1378-822,Toys,Building Block Set,,4,02/16/2021,C32254,robin de vries,2967,47
P9896-556,Home & Kitchen,Air Purifier,Good product overall with minor issues.,4,22 Jan 2023,C45587,Jamie Garcia,7337 OV,45
P8373-269,Books,Personal Finance Basics,"Not very satisfied, has several problems.",2,02/07/2021,C95242,Jamie  Dubois,2598-71,30
P8417-376,Books,Cookbook: Easy Weeknight Meals,Good product overall with minor issues.,4,08-06-2020,C36169,Morgan  De  Vries,05117,74
P6756-883,Books,Sci-Fi Adventure,"Average experience, nothing special.",3,16/05/2020,C49388,MORGAN MARTINS,2400 ZV,24
P2412-466,Groceries,Dark Chocolate Bar,"Great quality, very happy with this purchase.",5,01/02/2020,C63230,Jamie  Brown,02720,57
P9482-677,Toys,Remote Control Car,"Very disappointed, would not recommend.",1,2021-01-31,C88475,M. Johnson,2650-99,41
P7708-581,Pet Supplies,Grain-Free Dog Food,"Average experience, nothing special.",3,13-05-2020,C25114,Sam  Taylor,09989,80
P3900-906,Books,Personal Finance Basics,"Average experience, nothing special.",3,06-02-2021,C13927,casey de vries,01800,31
P7807-347,Electronics,Bluetooth Portable Speaker,Good product overall with minor issues.,4,2020-07-24,C77030,CASEY DUBOIS,06603,67
P6742-315,Books,Thriller Novel,"Very disappointed, would not recommend.",1,06-03-2024,C27024,Jamie  De  Vries,07191,40
P5751-220,Beauty,Nourishing Hair Mask,"Not very satisfied, has several problems.",2,14/01/2022,C26521,Sam  Garcia,5135 ON,49
P9035-995,Groceries,Dark Chocolate Bar,"Great quality, very happy with this purchase.",5,03/09/2024,C16523,jamie brown,9029-17,24
P8358-721,Electronics,4K Ultra HD Smart TV,Good product overall with minor issues.,4,08/15/2023,C54505,Sam Dubois,08014,37
P8354-623,Clothing,Slim Fit Jeans,"Great quality, very happy with this purchase.",5,21/02/2024,C29762,sam taylor,8496,19
P5104-998,Clothing,Running Sneakers,"Not very satisfied, has several problems.",2,"Feb 15, 2021",C66147,J. Garcia,9904,44
P8798-954,Home & Kitchen,Air Purifier,"Very disappointed, would not recommend.",1,"Feb 25, 2020",C31329,Casey  Martins,03428,36
P7162-342,Groceries,Gluten-Free Pasta,"Not very satisfied, has several problems.",2,11 Oct 2024,C58994,Morgan  De  Vries,9361,29
P1772-710,Toys,Remote Control Car,"Great quality, very happy with this purchase.",5,11/08/2022,C72491,SAM SMITH,04502,32
P1059-701,Sports,Foam Roller,Good product overall with minor issues.,4,07 May 2021,C75853,,06579,36
P4471-924,Clothing,Waterproof Hiking Jacket,"Already considering a replacement, which says enough.",2,,C70992,J. Garcia,9155,20
P1274-183,Books,Productivity Guidebook,"Not very satisfied, has several problems.",2,2023-04-09,C34253,,07831,37
P4024-851,Office,Wireless Mouse,"Great quality, very happy with this purchase.",5,25/06/2024,C50315,Casey De Vries,6964 SC,31
P9193-175,Sports,Foam Roller,"Not very satisfied, has several problems.",2,17/11/2021,C42690,Taylor  De  Vries,09887,40
P6801-691,Electronics,4K Ultra HD Smart TV,"Great quality, very happy with this purchase.",5,07 Dec 2022,C10205,ALEX SMITH,05588,67
P6883-262,Electronics,USB-C Fast Charger,"Not very satisfied, has several problems.",2,25/02/2024,C16063,JAMIE HERNANDEZ,6241,41
P1529-196,Home & Kitchen,Electric Kettle,"Not very satisfied, has several problems.",2,27-11-2023,C24988,Sam Hernandez,07958,38
P3475-929,Clothing,Organic Cotton T-Shirt,"Not very satisfied, has several problems.",2,08/18/2024,C29792,S. Johnson,04855,41
P1012-539,Electronics,USB-C Fast Charger,"Average experience, nothing special.",3,08/05/2024,C61915,J. Brown,2372,39
P1779-258,Beauty,Gentle Face Cleanser,,2,"Apr 08, 2024",C54041,morgan dubois,5868-25,54
P4843-345,Sports,Foam Roller,"Average experience, nothing special.",3,08 Mar 2024,C20200,Jamie  Garcia,3801 AF,36
P3810-193,Toys,Educational Puzzle Game,"Very disappointed, would not recommend.",1,"Jun 02, 2020",C73092,Alex Johnson,2158 EV,79
P1690-569,Electronics,Wireless Noise-Cancelling Headphones,Good product overall with minor issues.,4,08/11/2020,C76287,Chris  Garcia,2801,46
P3092-129,Electronics,Wireless Noise-Cancelling Headphones,Good product overall with minor issues.,4,06/04/2022,C67323,Robin  Taylor,09530,29
P1457-445,Clothing,Slim Fit Jeans,"Great quality, very happy with this purchase.",5,"Apr 23, 2022",C31606,morgan brown,2047 PH,34
P2422-584,Toys,Plush Teddy Bear,"Average experience, nothing special.",3,17 Aug 2024,C72270,Casey  Garcia,9964,37
P8925-479,Home & Kitchen,Non-Stick Frying Pan Set,Good product overall with minor issues.,4,14-12-2024,C61388,SAM TAYLOR,5410,18
P7057-525,Electronics,Bluetooth Portable Speaker,Good product overall with minor issues.,4,18/04/2020,C33691,TAYLOR DE VRIES,6557-57,42
P7716-567,Home & Kitchen,Stainless Steel Knife Block,"Average experience, nothing special.",3,2022-07-20,C36715,Robin Garcia,7584-23,46
P2480-536,Sports,Cycling Helmet,Good product overall with minor issues.,4,"Jul 10, 2021",C79513,casey hernandez,04773,33
P2745-659,Groceries,Organic Almond Butter,"Very disappointed, would not recommend.",1,"Sep 02, 2021",C14168,Pat Johnson,08179,33
P3918-417,Groceries,Dark Chocolate Bar,Good product overall with minor issues.,4,"Sep 27, 2023",C27313,S. Brown,09127,25
P4310-844,Books,Thriller Novel,"Great quality, very happy with this purchase.",5,"Jan 11, 2023",C18162,M. Garcia,6682-30,39
P2493-648,Home & Kitchen,Electric Kettle,"Very disappointed, would not recommend.",1,05 May 2024,C88079,pat brown,8747 VK,45
P5120-397,Home & Kitchen,Electric Kettle,"Average experience, nothing special.",3,2020-06-06,C51599,jamie martins,5761-22,25
P4504-279,Toys,Educational Puzzle Game,"Very disappointed, would not recommend.",1,"Jul 21, 2022",C46979,Alex Lee,7192,18
P8690-176,Home & Kitchen,Stainless Steel Knife Block,Good product overall with minor issues.,4,04-06-2020,C19243,JAMIE JOHNSON,9004,30
P5219-467,Office,Wireless Mouse,"Average experience, nothing special.",3,10/28/2023,C71546,SAM MARTINS,3335 QG,69
P3286-756,Books,Productivity Guidebook,Good product overall with minor issues.,4,04/17/2023,C60220,CHRIS GARCIA,4545 HJ,32
P7236-940,Books,Personal Finance Basics,"Not very satisfied, has several problems.",2,14 Sep 2022,C75563,Sam  De  Vries,03512,44
P2043-458,Pet Supplies,Pet Grooming Brush,"Great quality, very happy with this purchase.",5,"Jan 03, 2020",C87198,Casey  Lee,07278,42
P2835-956,Books,Thriller Novel,Good product overall with minor issues.,4,"Oct 25, 2024",C39763,taylor dubois,4080 CI,37
P5768-155,Books,Thriller Novel,"Great quality, very happy with this purchase.",5,24 Feb 2024,C24770,Jordan  Brown,3101-52,28
P8431-121,Home & Kitchen,Stainless Steel Knife Block,"Not very satisfied, has several problems.",2,09 Jun 2021,C89321,Casey Taylor,02432,34
P3637-191,Office,Desk Organizer,Good product overall with minor issues.,4,05/29/2021,C56930,Casey De Vries,7489 SE,48
P1979-174,Pet Supplies,Grain-Free Dog Food,"Very disappointed, would not recommend.",1,"Oct 08, 2020",C24369,MORGAN BROWN,01238,37
P7612-946,Sports,Cycling Helmet,"Very disappointed, would not recommend.",1,24/12/2023,C26440,JORDAN DUBOIS,2328,44
P6032-515,Toys,Building Block Set,"Very disappointed, would not recommend.",1,19-07-2020,C59858,Casey  Martins,2322,51
P7712-592,Electronics,4K Ultra HD Smart TV,"Average experience, nothing special.",3,15/07/2020,C39669,,03290,44
P4112-637,Toys,Remote Control Car,"Not very satisfied, has several problems.",2,16-11-2024,C41234,Casey Smith,1229-25,67
P8080-207,Pet Supplies,Grain-Free Dog Food,"Great quality, very happy with this purchase.",5,02/22/2021,C44018,Casey Martins,5260 DA,44
P1839-564,Home & Kitchen,Non-Stick Frying Pan Set,"Not very satisfied, has several problems.",2,04 Nov 2021,C58715,ROBIN SMITH,04009,28
P5601-278,Office,Wireless Mouse,"Great quality, very happy with this purchase.",5,01/02/2020,C94625,alex de vries,7986-66,30
P9382-647,Sports,Running Shorts,"Great quality, very happy with this purchase.",5,"Oct 17, 2021",C95642,SAM DE VRIES,7451 ZE,18
P7940-355,Beauty,Daily SPF 50 Sunscreen,,3,"Mar 24, 2024",C30667,J. Dubois,01412,79
P9954-268,Books,Thriller Novel,"Great quality, very happy with this purchase.",5,2022-12-10,C66843,M. Lee,8271-66,18
P1829-828,Electronics,Fitness Smartwatch,"Not very satisfied, has several problems.",2,"Jan 17, 2024",C53940,Alex Taylor,07353,73
P4295-638,Home & Kitchen,Memory Foam Pillow,"Very disappointed, would not recommend.",1,"Sep 20, 2021",C66839,Alex  Brown,07714,74
P1077-879,Books,Personal Finance Basics,"Not very satisfied, has several problems.",2,03/11/2020,C74541,casey hernandez,1950-42,79
P8583-732,Books,Personal Finance Basics,"Average experience, nothing special.",3,23/11/2020,C32216,C. Brown,8906-33,43
P4802-106,Toys,Building Block Set,"Great quality, very happy with this purchase.",5,22/09/2023,C40173,Sam  Hernandez,03724,34
P5047-429,Electronics,USB-C Fast Charger,"Average experience, nothing special.",3,2024-05-05,C95242,Pat Martins,6190 ZZ,28
P4787-941,Books,Productivity Guidebook,"Not very satisfied, has several problems.",2,02-11-2024,C98598,sam taylor,7944-31,59
P7428-433,Home & Kitchen,Stainless Steel Knife Block,"Average experience, nothing special.",3,2020-11-15,C35603,TAYLOR BROWN,9021-36,64
P3923-592,Groceries,Organic Almond Butter,Good product overall with minor issues.,4,2022-10-13,C17556,jamie martins,7392,42
P8549-443,Groceries,Gluten-Free Pasta,"Average experience, nothing special.",3,"Dec 20, 2020",C33427,Robin  Martins,4378-15,30
P2318-512,Sports,Yoga Mat,"Very disappointed, would not recommend.",1,22 Nov 2022,C94649,Sam  Johnson,5529-12,65
P6686-308,Home & Kitchen,Air Purifier,"Very disappointed, would not recommend.",1,20/10/2022,C27285,J. Garcia,6450 UC,29
P6771-393,Electronics,Wireless Noise-Cancelling Headphones,"Average experience, nothing special.",3,01/04/2024,C59454,Jamie  De  Vries,09013,35
P3284-522,Beauty,Nourishing Hair Mask,"Great quality, very happy with this purchase.",5,05/14/2023,C14209,Morgan  Johnson,8555,53
P6311-318,Electronics,Fitness Smartwatch,Good product overall with minor issues.,4,"Jun 20, 2021",C16493,JORDAN DE VRIES,,67
P1174-673,Clothing,Organic Cotton T-Shirt,"Very disappointed, would not recommend.",1,2023-06-22,C31678,Casey Martins,7240 XJ,35
P4457-625,Sports,Adjustable Dumbbell Set,"Very disappointed, would not recommend.",1,09-05-2022,C56900,PAT DUBOIS,7101-47,32
P6148-443,Home & Kitchen,Stainless Steel Knife Block,Good product overall with minor issues.,4,28 May 2024,C48641,J. Hernandez,8879,41
P1622-369,Groceries,Dark Chocolate Bar,"Very disappointed, would not recommend.",1,"Sep 18, 2023",C66120,Robin  Taylor,6960-48,77
P6603-998,Home & Kitchen,Non-Stick Frying Pan Set,"Not very satisfied, has several problems.",2,2021-01-17,C88297,Pat Taylor,1471-10,49
P5870-683,Groceries,Dark Chocolate Bar,"Average experience, nothing special.",3,07/19/2024,C51656,J. De Vries,1379-21,20
P1529-483,Clothing,Organic Cotton T-Shirt,"Not very satisfied, has several problems.",2,30/01/2023,C97191,chris taylor,6325-95,38
P3575-284,Clothing,Slim Fit Jeans,"Average experience, nothing special.",3,2023-12-15,C47913,Pat  Dubois,3035 VX,49
P5843-866,Clothing,Slim Fit Jeans,Good product overall with minor issues.,4,21-07-2022,C29845,Pat  Garcia,9510-49,30
P5048-158,Groceries,Whole Bean Coffee,"Great quality, very happy with this purchase.",5,"May 22, 2020",C94902,Robin Brown,7224,52
P1045-285,Electronics,Fitness Smartwatch,"Not very satisfied, has several problems.",2,07-04-2022,C87556,Pat  Taylor,08003,59
P4985-235,Books,Sci-Fi Adventure,"Nice quality and looks good. Could be slightly more durable, but still a good buy.",4,"Jul 09, 2020",C50495,Alex  Brown,3390,33
P1257-262,Electronics,Wireless Noise-Cancelling Headphones,"Very disappointed, would not recommend.",1,2023-07-14,C33873,Chris  Taylor,03705,34
P5033-809,Toys,Remote Control Car,Good product overall with minor issues.,4,27 Nov 2023,C44081,Chris Garcia,3736-77,45
P5881-655,Clothing,Slim Fit Jeans,Nice product with a thoughtful design. Could be a touch cheaper.,4,"May 09, 2020",C87773,chris smith,1420-99,26
P7791-189,Groceries,Extra Virgin Olive Oil,"Great quality, very happy with this purchase.",5,25 Feb 2024,C80285,alex brown,3539-44,27
P9388-213,Sports,Cycling Helmet,"Average experience, nothing special.",3,01/19/2023,C99607,PAT DE VRIES,9995 FI,52
P1290-547,Clothing,Slim Fit Jeans,"Not very satisfied, has several problems.",2,02/02/2023,C60000,Jamie Hernandez,9844,34
P9026-525,Home & Kitchen,Stainless Steel Knife Block,"Not very satisfied, has several problems.",2,"Sep 27, 2020",C75502,Morgan Brown,09401,29
P3812-387,Groceries,Extra Virgin Olive Oil,"Not very satisfied, has several problems.",2,2020-03-20,C99707,Casey Hernandez,6650,26
P3695-251,Clothing,Wool Winter Scarf,Good product overall with minor issues.,4,18 Apr 2023,C62192,sam garcia,2529 JG,38
P2560-784,Home & Kitchen,Air Purifier,"Very disappointed, would not recommend.",1,12/04/2024,C22070,JAMIE SMITH,1525-39,23
P5461-353,Home & Kitchen,Memory Foam Pillow,"Average experience, nothing special.",3,2021-07-04,C80381,CASEY SMITH,2460 ZO,39
P5060-686,Clothing,Waterproof Hiking Jacket,,1,16-08-2020,C83530,taylor dubois,09754,59
P8809-254,Clothing,Running Sneakers,Good product overall with minor issues.,4,"Aug 03, 2020",C66728,C. Dubois,02204,39
P5824-865,Electronics,Fitness Smartwatch,Good product overall with minor issues.,4,22/03/2022,C95971,Jordan Hernandez,08340,28
P1244-704,Clothing,Slim Fit Jeans,"Very disappointed, would not recommend.",1,16 Aug 2020,C73912,taylor smith,3425,28
P9031-949,Clothing,Running Sneakers,Good product overall with minor issues.,4,02/16/2022,C49340,Sam Smith,9762 MZ,26
P2173-126,Home & Kitchen,Memory Foam Pillow,"Not very satisfied, has several problems.",2,2023-10-08,C14914,Jamie  Martins,6019,52
P4414-808,Clothing,Wool Winter Scarf,"Great quality, very happy with this purchase.",5,2024-02-06,C53799,Sam  Lee,5462 BF,40
P7994-941,Office,Wireless Mouse,"Great quality, very happy with this purchase.",5,16-10-2022,C12223,Casey Hernandez,3171-11,37
P2715-372,Clothing,Waterproof Hiking Jacket,"Average experience, nothing special.",3,"Jan 18, 2022",C32194,C. Taylor,7826,28
P6181-347,Clothing,Running Sneakers,"Average experience, nothing special.",3,01/09/2021,C90402,Jamie Brown,05090,42
P4576-690,Electronics,Bluetooth Portable Speaker,"Not very satisfied, has several problems.",2,16 Dec 2023,C73011,pat de vries,9629 KQ,49
P8072-352,Beauty,Hydrating Face Serum,"Average experience, nothing special.",3,18-07-2020,C98519,A. De Vries,04612,36
P4102-153,Home & Kitchen,Air Purifier,"Not very satisfied, has several problems.",2,10-01-2023,C44987,JORDAN JOHNSON,4128 VS,42
P1944-598,Office,Mechanical Keyboard,Good product overall with minor issues.,4,10-04-2022,C84674,Alex  Lee,1223 FJ,37
P3862-470,Pet Supplies,Grain-Free Dog Food,"Great quality, very happy with this purchase.",5,24/07/2024,C60113,M. Brown,1924 YG,52
P4724-637,Pet Supplies,Dog Chew Toy,Good product overall with minor issues.,4,07-04-2022,C87902,robin martins,4392,55
P7486-273,Books,Personal Finance Basics,"Not very satisfied, has several problems.",2,2021-08-04,C91957,Jamie  Hernandez,02722,49
P6341-104,Sports,Adjustable Dumbbell Set,"Not very satisfied, has several problems.",2,2024-04-21,C99173,S. Taylor,3157-77,38
P6034-664,Home & Kitchen,Electric Kettle,"Great quality, very happy with this purchase.",5,02-10-2024,C94395,M. Dubois,04211,22
P5476-704,Electronics,4K Ultra HD Smart TV,"Very disappointed, would not recommend.",1,09/17/2020,C12877,S. Garcia,7247-21,34
P4586-124,Beauty,Hydrating Face Serum,"Not very satisfied, has several problems.",2,19-02-2023,C76717,TAYLOR TAYLOR,2005-93,75
P2529-235,Toys,Educational Puzzle Game,"Great quality, very happy with this purchase.",5,"Apr 20, 2022",C42595,sam johnson,09110,20
P3337-271,Toys,Educational Puzzle Game,"Very disappointed, would not recommend.",1,2022-09-13,C16317,Robin  Garcia,1128 SU,20
P7018-856,Books,Productivity Guidebook,"Not very satisfied, has several problems.",2,20-10-2020,C60435,Pat  Dubois,2800 WM,48
P2291-205,Home & Kitchen,Electric Kettle,"Great quality, very happy with this purchase.",5,03/01/2022,C62017,chris taylor,7428-67,55
P5252-261,Beauty,Daily SPF 50 Sunscreen,,4,05-10-2023,C26326,M. Garcia,2275 VO,62
P1590-329,Pet Supplies,Pet Grooming Brush,"Average experience, nothing special.",3,06-04-2022,C25158,Jamie  Garcia,1911 PG,30
P3029-555,Electronics,Fitness Smartwatch,"Not very satisfied, has several problems.",2,09/06/2020,C16762,C. Smith,1822-75,31
P9076-319,Electronics,4K Ultra HD Smart TV,"Great quality, very happy with this purchase.",5,17 Jan 2023,C30140,J. Smith,1520-48,65
P1777-867,Electronics,Fitness Smartwatch,"Great quality, very happy with this purchase.",5,26 May 2020,C40431,Robin Hernandez,3452-90,47
P5141-673,Groceries,Gluten-Free Pasta,"Great quality, very happy with this purchase.",5,2021-12-04,C23994,ALEX BROWN,2864-95,26
P9049-421,Clothing,Slim Fit Jeans,"Great quality, very happy with this purchase.",5,01/19/2021,C51989,Chris Taylor,6620-73,39
P7989-979,Clothing,Running Sneakers,"Average experience, nothing special.",3,"Dec 18, 2020",C96844,Jordan Brown,5598 XO,67
P8643-470,Clothing,Running Sneakers,"Not very satisfied, has several problems.",2,25/04/2022,C11016,sam dubois,06494,39
P8686-995,Clothing,Organic Cotton T-Shirt,Good product overall with minor issues.,4,15/03/2020,C44432,R. Lee,6175-20,49
P8223-432,Books,Cookbook: Easy Weeknight Meals,"Average experience, nothing special.",3,2021-01-20,C66282,ROBIN DE VRIES,7334 NA,58
P7257-347,Toys,Family Board Game,"Very disappointed, would not recommend.",1,30/12/2022,C39029,,5355,39
P1783-980,Groceries,Gluten-Free Pasta,Good product overall with minor issues.,4,26-09-2024,C12682,PAT LEE,,38
P7016-643,Sports,Running Shorts,Good product overall with minor issues.,4,2022-10-29,C60766,R. Dubois,9845,27
P4560-703,Office,Desk Organizer,"Great quality, very happy with this purchase.",5,31 Oct 2022,C63490,Jamie Johnson,6856 HJ,33
P1919-906,Pet Supplies,Dog Chew Toy,"Great quality, very happy with this purchase.",5,,C74940,Morgan  Martins,8816-29,59
P6843-675,Home & Kitchen,Memory Foam Pillow,"Not very satisfied, has several problems.",2,"Jun 10, 2023",C52370,MORGAN SMITH,8093,26
P4686-563,Clothing,Waterproof Hiking Jacket,"Not very satisfied, has several problems.",2,06/24/2024,C79951,Alex  Taylor,7363 FF,35
P4264-107,Clothing,Running Sneakers,"Very disappointed, would not recommend.",1,18/05/2023,C96434,Jordan Johnson,3566,29
P6528-748,Electronics,Wireless Noise-Cancelling Headphones,"Not very satisfied, has several problems.",2,11/16/2022,C86001,Chris  Hernandez,2530,74
P7492-924,Clothing,Wool Winter Scarf,"Very disappointed, would not recommend.",1,22 Jul 2023,C71546,SAM MARTINS,3335 QG,69
P9033-792,Toys,Educational Puzzle Game,"Does what it promises and feels solid. Not perfect, but well worth the price.",4,"Oct 22, 2020",C11032,jordan brown,9564-73,28
P1820-134,Clothing,Organic Cotton T-Shirt,"Great quality, very happy with this purchase.",5,06-03-2020,C88575,J. Taylor,5248,53
P4319-120,Toys,Plush Teddy Bear,"Very disappointed, would not recommend.",1,"Jan 16, 2024",C83327,Morgan Hernandez,5456-71,24
P4469-139,Books,Cookbook: Easy Weeknight Meals,"Great quality, very happy with this purchase.",5,28-06-2023,C71031,jordan martins,,58
P5401-329,Clothing,Waterproof Hiking Jacket,"Great quality, very happy with this purchase.",5,08/29/2021,C24214,Morgan  Dubois,02695,43
P4357-375,Clothing,Running Sneakers,"Average experience, nothing special.",3,27-02-2023,C66814,Taylor Garcia,4393 EW,24
P1763-887,Clothing,Running Sneakers,"Great quality, very happy with this purchase.",5,20-03-2024,C50145,CHRIS HERNANDEZ,6214 SK,47
P5209-644,Electronics,4K Ultra HD Smart TV,"Great quality, very happy with this purchase.",5,08-07-2024,C10844,A. Garcia,9814-70,74
P8561-259,Electronics,Fitness Smartwatch,"Great quality, very happy with this purchase.",5,"Dec 07, 2021",C29938,ALEX DE VRIES,7595 AY,77
P6676-938,Clothing,Organic Cotton T-Shirt,"Great quality, very happy with this purchase.",5,01/17/2020,C38205,Casey De Vries,,43
P1840-605,Beauty,Matte Liquid Lipstick,Good product overall with minor issues.,4,2021-01-07,C96812,Morgan Smith,04069,39
P6447-330,Books,Sci-Fi Adventure,Good product overall with minor issues.,4,07/26/2022,C61133,CASEY TAYLOR,6561-14,51
P5903-242,Electronics,Bluetooth Portable Speaker,"Average experience, nothing special.",3,"May 25, 2020",C95023,MORGAN HERNANDEZ,6735 PP,33
P2663-645,Office,Desk Organizer,"Very disappointed, would not recommend.",1,"Aug 15, 2021",C79249,Taylor Garcia,3772 LE,24
P8240-599,Home & Kitchen,Electric Kettle,"Great quality, very happy with this purchase.",5,2020-08-13,C82141,JAMIE TAYLOR,8188 ID,31
P3883-301,Pet Supplies,Cat Scratching Post,"Great quality, very happy with this purchase.",5,02-09-2020,C43967,sam lee,5506-30,49
P6900-266,Home & Kitchen,Stainless Steel Knife Block,"Average experience, nothing special.",3,09 Jul 2022,C90158,J. Johnson,4312 OD,30
P6698-225,Groceries,Organic Almond Butter,"Not very satisfied, has several problems.",2,20 Jul 2020,C93287,Morgan  Dubois,8966,
P6190-963,Office,Wireless Mouse,Good product overall with minor issues.,4,16 Oct 2023,C18396,ALEX DE VRIES,03990,28
P7874-761,Home & Kitchen,Air Purifier,"Very disappointed, would not recommend.",1,2023-07-25,C63685,taylor garcia,6643 QI,70
P8487-641,Home & Kitchen,Stainless Steel Knife Block,"Average experience, nothing special.",3,18-10-2022,C20225,pat taylor,5371 SR,31
P5083-163,Groceries,Gluten-Free Pasta,"Average experience, nothing special.",3,08/27/2024,C16867,Robin Lee,9151-37,31
P8629-749,Electronics,4K Ultra HD Smart TV,"Great quality, very happy with this purchase.",5,11 Dec 2024,C14938,ROBIN GARCIA,8230 XB,59
P2599-789,Groceries,Organic Almond Butter,"Very disappointed, would not recommend.",1,11/08/2023,C90300,Taylor Johnson,7087 YW,39
P5969-844,Home & Kitchen,Air Purifier,"Average experience, nothing special.",3,"Feb 06, 2021",C59653,S. Johnson,01354,24
P3740-145,Sports,Cycling Helmet,"Great quality, very happy with this purchase.",5,,C83493,Jamie Taylor,6470,53
P3875-487,Home & Kitchen,Electric Kettle,"Not very satisfied, has several problems.",2,"Apr 06, 2021",C45057,JAMIE GARCIA,05642,33
P5402-220,Electronics,Bluetooth Portable Speaker,"Great quality, very happy with this purchase.",5,04/22/2023,C47587,J. Martins,01036,30
P8798-752,Home & Kitchen,Air Purifier,"Great quality, very happy with this purchase.",5,23-05-2024,C69050,Casey Taylor,6806-99,72
P6389-562,Home & Kitchen,Electric Kettle,"Very disappointed, would not recommend.",1,27-07-2023,C93515,R. Dubois,,
P2340-728,Toys,Family Board Game,"Not very satisfied, has several problems.",2,"Feb 05, 2020",C76258,Sam  Hernandez,7134 WH,35
P2096-244,Sports,Adjustable Dumbbell Set,"Average experience, nothing special.",3,06/21/2024,C50814,J. Martins,7231 UV,43
P5835-803,Books,Productivity Guidebook,"Average experience, nothing special.",3,15 Jun 2021,C29142,Morgan  Hernandez,04454,29
P7401-144,Toys,Educational Puzzle Game,"Great quality, very happy with this purchase.",5,"Feb 01, 2021",C18963,P. Martins,03119,53
P1195-434,Clothing,Running Sneakers,Good product overall with minor issues.,4,2020-05-16,C31615,J. Dubois,6405 NT,67
P7145-957,Groceries,Extra Virgin Olive Oil,Good product overall with minor issues.,4,15 Oct 2022,C67423,Casey  De  Vries,1326-95,20
P2687-315,Beauty,Nourishing Hair Mask,"Not very satisfied, has several problems.",2,07 Dec 2020,C20065,PAT DE VRIES,7735,19
P4502-530,Electronics,Bluetooth Portable Speaker,"Very disappointed, would not recommend.",1,09/30/2021,C78565,ALEX GARCIA,6270-85,30
P7860-460,Toys,Plush Teddy Bear,"Very disappointed, would not recommend.",1,09-08-2021,C95974,TAYLOR DE VRIES,9685,38
P8266-552,Beauty,Hydrating Face Serum,Good product overall with minor issues.,4,07/18/2022,C61112,Sam Smith,6511 MB,33
P7767-987,Electronics,USB-C Fast Charger,"Not very satisfied, has several problems.",2,17/04/2022,C79219,Casey  Dubois,07159,37
P9916-168,Books,Thriller Novel,"Very disappointed, would not recommend.",1,02-11-2022,C73963,PAT DE VRIES,2894-60,20
P5490-774,Home & Kitchen,Non-Stick Frying Pan Set,"Very disappointed, would not recommend.",1,2024-01-18,C61776,T. Johnson,8286 MA,41
P1263-843,Sports,Running Shorts,,5,2022-09-13,C50102,Jordan Martins,4559-82,55
P6230-949,Clothing,Wool Winter Scarf,Good product overall with minor issues.,4,11/04/2021,C33473,Pat  Martins,05170,36
P5578-455,Office,Desk Organizer,"Very disappointed, would not recommend.",1,08/04/2022,C37430,M. De Vries,09609,26
P5288-828,Books,Cookbook: Easy Weeknight Meals,"Average experience, nothing special.",3,30/03/2021,C21355,robin de vries,2458 UM,28
P4371-519,Pet Supplies,Grain-Free Dog Food,"Average experience, nothing special.",3,15 Feb 2021,C61938,S. Johnson,9068 BG,52
P2558-966,Home & Kitchen,Memory Foam Pillow,"Average experience, nothing special.",3,11/04/2021,C18387,Pat  De  Vries,07579,26
P8304-130,Electronics,Wireless Noise-Cancelling Headphones,"Very disappointed, would not recommend.",1,2023-10-05,C11139,ALEX MARTINS,9423,29
P7498-266,Home & Kitchen,Air Purifier,"Very disappointed, would not recommend.",1,02 Nov 2022,C52147,TAYLOR DE VRIES,05646,28
P9993-532,Sports,Adjustable Dumbbell Set,"Great quality, very happy with this purchase.",5,04 Oct 2023,C43615,J. Smith,9138 YO,18
P3875-148,Books,Personal Finance Basics,"Average experience, nothing special.",3,11 Mar 2021,C77578,Jamie  Garcia,5837,42
P1586-554,Home & Kitchen,Electric Kettle,"Great quality, very happy with this purchase.",5,10/10/2023,C44712,J. De Vries,05196,25
P8453-450,Clothing,Waterproof Hiking Jacket,"Not very satisfied, has several problems.",2,"Oct 14, 2024",C62736,TAYLOR LEE,7044,23
P3303-439,Groceries,Dark Chocolate Bar,"Very disappointed, would not recommend.",1,05-05-2024,C31992,Morgan Johnson,08458,23
P1814-173,Electronics,Wireless Noise-Cancelling Headphones,"Not very satisfied, has several problems.",2,03/11/2022,C45592,CASEY BROWN,08970,18
P4400-607,Groceries,Gluten-Free Pasta,Good product overall with minor issues.,4,"Jun 30, 2023",C51928,Jamie Hernandez,6879,35
P9865-723,Groceries,Extra Virgin Olive Oil,,4,"Apr 22, 2023",C37849,Sam Taylor,9614 DS,25
P6788-374,Clothing,Slim Fit Jeans,"Very disappointed, would not recommend.",1,"Apr 16, 2023",C32941,Alex  Hernandez,5048 KS,30
P2208-424,Groceries,Extra Virgin Olive Oil,Good product overall with minor issues.,4,"Nov 24, 2023",C40215,ROBIN SMITH,9665 ME,59
P6055-672,Electronics,Bluetooth Portable Speaker,Good product overall with minor issues.,4,21 Nov 2024,C89405,Jordan Dubois,4928-52,50
P3075-640,Electronics,4K Ultra HD Smart TV,"Very disappointed, would not recommend.",1,"Apr 14, 2021",C14573,Casey  De  Vries,1021,56
P3401-366,Sports,Yoga Mat,"Average experience, nothing special.",3,05-04-2023,C75154,Sam  Martins,7731 LX,
P3458-381,Home & Kitchen,Stainless Steel Knife Block,Good product overall with minor issues.,4,06/27/2021,C15176,taylor hernandez,1687-41,52
P7960-754,Clothing,Slim Fit Jeans,"Not very satisfied, has several problems.",2,18 Oct 2021,C54899,Morgan  Taylor,6461-21,36
P5642-388,Clothing,Slim Fit Jeans,"Very disappointed, would not recommend.",1,2024-10-09,C37345,Pat Hernandez,02212,72
P8816-268,Clothing,Slim Fit Jeans,"Very disappointed, would not recommend.",1,"Oct 04, 2022",C67456,morgan lee,6749-16,42
P5118-646,Electronics,USB-C Fast Charger,"Average experience, nothing special.",3,12/07/2024,C59233,robin garcia,3310,43
P2495-578,Electronics,Fitness Smartwatch,"Not very satisfied, has several problems.",2,10/12/2022,C27766,Chris  De  Vries,6085,30
P2780-353,Electronics,4K Ultra HD Smart TV,"Great quality, very happy with this purchase.",5,2021-10-13,C33833,Jamie  Taylor,1068,35
P1732-279,Office,Wireless Mouse,"Very disappointed, would not recommend.",1,11/11/2021,C50060,Sam  Taylor,4838-44,75
P1269-488,Clothing,Wool Winter Scarf,"Not very satisfied, has several problems.",2,02 Mar 2024,C27813,robin smith,3163-50,27
P3451-982,Pet Supplies,Dog Chew Toy,"Not very satisfied, has several problems.",2,04/19/2020,C95898,JAMIE LEE,07635,28
P6982-497,Electronics,Fitness Smartwatch,"Great quality, very happy with this purchase.",5,04 Jan 2023,C88104,JAMIE JOHNSON,03301,33
P4405-931,Electronics,4K Ultra HD Smart TV,"Below expectations. It functions, but I’ve already seen wear and minor defects.",2,03-09-2023,C40569,Morgan  Smith,3004,28
P5337-559,Toys,Educational Puzzle Game,"Great quality, very happy with this purchase.",5,2020-11-09,C85001,A. Taylor,09465,48
P5497-645,Sports,Yoga Mat,"Great quality, very happy with this purchase.",5,"Jan 20, 2024",C68972,A. Johnson,03364,24
P6841-626,Beauty,Daily SPF 50 Sunscreen,"Not very satisfied, has several problems.",2,2024-11-23,C13181,Pat Brown,03636,28
P1379-653,Sports,Cycling Helmet,"Great quality, very happy with this purchase.",5,12/08/2024,C37115,Jamie  Johnson,1149-87,28
P7626-245,Toys,Remote Control Car,"Average experience, nothing special.",3,11/01/2021,C77838,J. Smith,5377,72
P8939-929,Pet Supplies,Pet Grooming Brush,"Not very satisfied, has several problems.",2,09/29/2022,C56506,morgan johnson,1103-28,34
P7924-275,Sports,Running Shorts,"Very disappointed, would not recommend.",1,18 Apr 2022,C51557,C. Garcia,7842,42
P1551-627,Books,Cookbook: Easy Weeknight Meals,"Not very satisfied, has several problems.",2,"Jul 12, 2020",C85073,C. De Vries,1609 YZ,43
P9668-623,Books,Personal Finance Basics,"Not very satisfied, has several problems.",2,01/25/2021,C21708,TAYLOR LEE,5513 UL,26
P6468-462,Home & Kitchen,Non-Stick Frying Pan Set,"Great quality, very happy with this purchase.",5,07/13/2020,C85785,JAMIE BROWN,2880 KG,43
P2566-865,Sports,Foam Roller,"Very disappointed, would not recommend.",1,2021-06-10,C24314,Alex  Hernandez,03791,50
P4320-951,Sports,Foam Roller,"Not very satisfied, has several problems.",2,13-10-2024,C32875,Pat  Smith,01168,30
P7029-403,Home & Kitchen,Electric Kettle,"Great quality, very happy with this purchase.",5,18 May 2022,C84588,ROBIN SMITH,7107,48
P1642-112,Books,Sci-Fi Adventure,"Very disappointed, would not recommend.",1,08/07/2023,C88471,Jamie  Martins,06834,47
P4301-204,Pet Supplies,Cat Scratching Post,"Great quality, very happy with this purchase.",5,08/08/2022,C39676,Alex  De  Vries,04956,26
P1867-343,Books,Thriller Novel,"Very disappointed, would not recommend.",1,"May 04, 2022",C65191,C. Lee,9083 UD,28
P4907-398,Clothing,Waterproof Hiking Jacket,"Average experience, nothing special.",3,10/04/2023,C99967,SAM DE VRIES,01768,37
P4236-612,Home & Kitchen,Memory Foam Pillow,"Not very satisfied, has several problems.",2,"Jan 05, 2021",C74119,Morgan  Smith,04199,34
P8213-955,Electronics,4K Ultra HD Smart TV,"Very disappointed, would not recommend.",1,"Aug 02, 2022",C78304,Robin  Garcia,3899-81,33
P1929-442,Clothing,Organic Cotton T-Shirt,"Not very satisfied, has several problems.",2,17-01-2024,C74084,Jordan Taylor,09884,42
P6997-861,Sports,Yoga Mat,"Great quality, very happy with this purchase.",5,"Oct 10, 2024",C95328,MORGAN DUBOIS,7654,35
P1745-217,Sports,Adjustable Dumbbell Set,"Very disappointed, would not recommend.",1,20 Jan 2024,C10983,PAT LEE,07337,32
P8214-905,Toys,Building Block Set,"Great quality, very happy with this purchase.",5,14 Dec 2020,C25701,Morgan Taylor,02409,42
P4510-631,Clothing,Running Sneakers,"Average experience, nothing special.",3,01/01/2023,C70520,Sam  Martins,6648-37,36
P9120-455,Electronics,Bluetooth Portable Speaker,"Great quality, very happy with this purchase.",5,09 Sep 2022,C81611,Morgan Dubois,8269-49,26
P1555-824,Sports,Running Shorts,"Not very satisfied, has several problems.",2,2021-07-05,C96755,Jordan Brown,4715,37
P3494-999,Clothing,Wool Winter Scarf,"Great quality, very happy with this purchase.",5,01 Dec 2023,C61137,Morgan  Martins,2883 SC,22
P6345-202,Books,Sci-Fi Adventure,"Very disappointed, would not recommend.",1,24 May 2020,C64995,Sam Garcia,8464,45
P8951-729,Home & Kitchen,Non-Stick Frying Pan Set,"Average experience, nothing special.",3,"Nov 27, 2022",C31521,MORGAN HERNANDEZ,7941,34
P1842-722,Pet Supplies,Cat Scratching Post,Good product overall with minor issues.,4,09/09/2024,C89197,Jamie Dubois,7692-63,26
P7066-921,Home & Kitchen,Air Purifier,Good product overall with minor issues.,4,11 Nov 2020,C77400,Chris  Hernandez,3309,36
P6576-124,Books,Personal Finance Basics,"Great quality, very happy with this purchase.",5,06/07/2024,C22054,C. De Vries,08652,41
P8211-602,Clothing,Wool Winter Scarf,"Very disappointed, would not recommend.",1,09/17/2022,C41031,alex smith,8467 UT,20
P4597-162,Sports,Yoga Mat,"Not very satisfied, has several problems.",2,10 Mar 2022,C73674,Taylor Taylor,2245,33
P5675-284,Office,A4 Printer Paper,"Not very satisfied, has several problems.",2,10/06/2022,C89702,TAYLOR GARCIA,2919 SQ,18
P1903-214,Home & Kitchen,Air Purifier,"Great quality, very happy with this purchase.",5,02-01-2021,C68926,MORGAN MARTINS,3560-13,54
P2369-360,Toys,Family Board Game,"Not very satisfied, has several problems.",2,2020-01-16,C14050,Pat Taylor,9946 XU,41
P2799-358,Toys,Plush Teddy Bear,"Very disappointed, would not recommend.",1,01/09/2024,C45679,Jordan Smith,7630-12,31
P9789-914,Clothing,Waterproof Hiking Jacket,,4,01-07-2023,C75568,J. De Vries,9605 CH,35
P8181-668,Clothing,Wool Winter Scarf,"Not very satisfied, has several problems.",2,07/11/2023,C37190,Taylor  Lee,1315,62
P2695-206,Home & Kitchen,Electric Kettle,"Very disappointed, would not recommend.",1,11/17/2020,C28998,casey martins,04585,31
P6790-140,Groceries,Organic Almond Butter,"Average experience, nothing special.",3,20-01-2024,C81610,jordan martins,7201,31
P8300-341,Clothing,Slim Fit Jeans,"Not very satisfied, has several problems.",2,03-03-2023,C16659,Taylor Dubois,3958,33
P4909-300,Electronics,Fitness Smartwatch,"Average experience, nothing special.",3,14/09/2021,C58531,C. Johnson,4611,31
P8907-898,Beauty,Matte Liquid Lipstick,"Very disappointed, would not recommend.",1,18 Jul 2021,C58500,JAMIE TAYLOR,4632-42,74
P5480-466,Sports,Foam Roller,Good product overall with minor issues.,4,12 Aug 2022,C13264,Sam  Hernandez,,22
P6482-965,Electronics,Wireless Noise-Cancelling Headphones,"Very disappointed, would not recommend.",1,11/01/2022,C83263,C. Taylor,01715,39
P1701-673,Books,Sci-Fi Adventure,Good product overall with minor issues.,4,08/31/2021,C46026,Robin  Taylor,4925,26
P8383-899,Electronics,4K Ultra HD Smart TV,"Average experience, nothing special.",3,26/09/2023,C21533,Robin De Vries,03992,27
P3768-462,Beauty,Matte Liquid Lipstick,"Average experience, nothing special.",3,04/07/2020,C41381,CHRIS HERNANDEZ,3608 HN,54
P8077-247,Electronics,Bluetooth Portable Speaker,"Not very satisfied, has several problems.",2,04/17/2022,C95841,J. Dubois,5583,39
P5612-807,Home & Kitchen,Non-Stick Frying Pan Set,,3,10/09/2022,C39146,Taylor  Martins,1657 FX,77
P3240-973,Clothing,Waterproof Hiking Jacket,"Average experience, nothing special.",3,07/22/2023,C40658,Casey  Lee,1136-27,59
P6579-854,Electronics,USB-C Fast Charger,Good product overall with minor issues.,4,"Feb 16, 2023",C64217,M. Dubois,9931,74
P8142-992,Electronics,Fitness Smartwatch,Good product overall with minor issues.,4,11/11/2021,C95705,robin martins,8314,29
P2755-981,Office,Wireless Mouse,"Not very satisfied, has several problems.",2,01/06/2020,C59715,Alex  Dubois,8994 MX,19
P7596-993,Toys,Educational Puzzle Game,,2,28 Mar 2024,C27816,Pat  Martins,8902 SM,31
P8086-569,Books,Cookbook: Easy Weeknight Meals,"Great quality, very happy with this purchase.",5,"Jun 11, 2021",C50806,Robin Johnson,7584 XM,34
P9303-615,Toys,Building Block Set,"Great quality, very happy with this purchase.",5,2024-03-20,C52756,C. Smith,5808,36
P6778-819,Beauty,Gentle Face Cleanser,"Great quality, very happy with this purchase.",5,11/27/2021,C26044,robin martins,6241-88,29
P6316-735,Electronics,Wireless Noise-Cancelling Headphones,Good product overall with minor issues.,4,04/03/2020,C61823,Jordan  Brown,08542,32
P7390-566,Electronics,USB-C Fast Charger,"Not very satisfied, has several problems.",2,09/06/2020,C30435,Jordan Dubois,7111-64,25
P3944-357,Groceries,Organic Almond Butter,"Very disappointed, would not recommend.",1,14 Oct 2024,C13577,chris taylor,8084,52
P7508-478,Electronics,USB-C Fast Charger,"Average experience, nothing special.",3,2022-12-04,C17106,Jamie  Johnson,08755,28
P8107-133,Beauty,Gentle Face Cleanser,Good product overall with minor issues.,4,08/17/2022,C78928,MORGAN DUBOIS,2315 KP,28
P6802-656,Clothing,Slim Fit Jeans,"Great quality, very happy with this purchase.",5,2022-09-02,C95357,Sam  De  Vries,5098-93,43
P5902-780,Electronics,Fitness Smartwatch,"Not very satisfied, has several problems.",2,03/21/2020,C42120,R. Smith,02937,72
P7444-840,Electronics,Fitness Smartwatch,"Average experience, nothing special.",3,19-10-2023,C85668,robin smith,6176 ET,31
P3993-868,Beauty,Matte Liquid Lipstick,Good product overall with minor issues.,4,2021-03-09,C73306,Taylor Hernandez,8344-71,42
P1058-754,Pet Supplies,Pet Grooming Brush,"Very disappointed, would not recommend.",1,25 Dec 2023,C43650,casey hernandez,6660 SE,26
P5768-334,Toys,Building Block Set,"Average experience, nothing special.",3,09/19/2024,C62520,P. Johnson,8290-21,32
P4471-805,Toys,Building Block Set,"Not very satisfied, has several problems.",2,31/03/2020,C29253,chris dubois,3971 FK,41
P2570-600,Home & Kitchen,Non-Stick Frying Pan Set,"Great quality, very happy with this purchase.",5,"Feb 23, 2022",C22653,Jordan Garcia,9966 TU,34
P4875-218,Home & Kitchen,Electric Kettle,"Average experience, nothing special.",3,09-03-2021,C97793,jamie lee,03592,54
P9097-970,Groceries,Organic Almond Butter,"Great quality, very happy with this purchase.",5,"Dec 19, 2023",C17195,ROBIN DUBOIS,9010 XE,76
P6002-499,Electronics,4K Ultra HD Smart TV,"Very disappointed, would not recommend.",1,05/09/2020,C77202,morgan lee,07386,23
P1808-585,Books,Personal Finance Basics,"Not very satisfied, has several problems.",2,13-05-2024,C81552,robin taylor,04073,37
P6699-673,Clothing,Waterproof Hiking Jacket,"Great quality, very happy with this purchase.",5,2023-06-26,C52982,J. Martins,6633-27,39
P7950-163,Clothing,Wool Winter Scarf,"Very disappointed, would not recommend.",1,06/04/2020,C54494,Pat  Hernandez,08186,59
P3128-577,Groceries,Whole Bean Coffee,,4,11/21/2021,C53025,Chris Garcia,09920,53
P8906-679,Home & Kitchen,Stainless Steel Knife Block,"Not very satisfied, has several problems.",2,24 Dec 2022,C10836,Casey Brown,07613,64
P3673-963,Home & Kitchen,Memory Foam Pillow,"Great quality, very happy with this purchase.",5,27-01-2022,C60675,Chris Smith,06652,37
P2798-125,Home & Kitchen,Air Purifier,Good product overall with minor issues.,4,2021-07-12,C95502,Alex Smith,2466,41
P8398-360,Sports,Cycling Helmet,Good product overall with minor issues.,4,15/05/2024,C63168,casey martins,9165 RM,27
P1198-525,Home & Kitchen,Electric Kettle,"Very disappointed, would not recommend.",1,18-07-2023,C57986,Jordan  Smith,,44
P9221-626,Electronics,Bluetooth Portable Speaker,Good product overall with minor issues.,4,2021-04-22,C98138,A. Taylor,2790 GL,35
P4951-708,Beauty,Daily SPF 50 Sunscreen,"Very disappointed, would not recommend.",1,"Jun 12, 2024",C91057,taylor de vries,8253 SN,44
P9119-243,Sports,Yoga Mat,"Not very satisfied, has several problems.",2,17 Jun 2021,C75366,R. Hernandez,3683-80,22
P2398-928,Clothing,Wool Winter Scarf,"Average experience, nothing special.",3,,C33562,Casey  Johnson,09330,47
P2870-688,Electronics,Bluetooth Portable Speaker,Good product overall with minor issues.,4,2022-07-06,C49094,Jordan Taylor,5250-90,49
P6951-474,Books,Cookbook: Easy Weeknight Meals,"Very disappointed, would not recommend.",1,24-12-2021,C50630,SAM SMITH,5398 YE,35
P3238-811,Books,Cookbook: Easy Weeknight Meals,"Very disappointed, would not recommend.",1,27 May 2024,C11496,J. Brown,06700,54
P1615-591,Clothing,Wool Winter Scarf,Good product overall with minor issues.,4,02/10/2020,C24321,Jordan Martins,4082,42
P8156-726,Electronics,Wireless Noise-Cancelling Headphones,"Great quality, very happy with this purchase.",5,09-02-2023,C51466,Sam  Garcia,3740 TE,60
P8148-728,Books,Cookbook: Easy Weeknight Meals,"Very disappointed, would not recommend.",1,20-08-2020,C97193,Sam Taylor,8417,54
P8224-599,Toys,Building Block Set,"Average experience, nothing special.",3,"Aug 20, 2022",C20880,Sam Taylor,9200-67,30
P4823-497,Clothing,Slim Fit Jeans,"Not very satisfied, has several problems.",2,04/02/2022,C66926,Taylor Smith,1996,48
P5013-354,Clothing,Organic Cotton T-Shirt,"Not very satisfied, has several problems.",2,2021-04-17,C84920,Chris  De  Vries,2274-73,42
P1671-215,Home & Kitchen,Electric Kettle,"Very disappointed, would not recommend.",1,"Jun 22, 2023",C72067,sam lee,02436,60
P7055-974,Electronics,Wireless Noise-Cancelling Headphones,"Very disappointed, would not recommend.",1,"May 28, 2024",C80010,J. Lee,8034-98,18
P7584-960,Office,Wireless Mouse,"Not very satisfied, has several problems.",2,08/03/2020,C38816,M. Brown,05222,22
P6107-130,Electronics,4K Ultra HD Smart TV,"Great quality, very happy with this purchase.",5,09/12/2022,C61773,Alex  Martins,07042,51
P8857-401,Pet Supplies,Cat Litter Odor Control,"Very disappointed, would not recommend.",1,24 Apr 2024,C20771,CASEY LEE,03632,26
P6208-130,Electronics,Wireless Noise-Cancelling Headphones,"Average experience, nothing special.",3,"Jun 19, 2022",C92634,ALEX BROWN,1334-15,41
P7944-788,Sports,Cycling Helmet,"Average experience, nothing special.",3,26 Oct 2020,C95535,Jordan  Hernandez,9464,23
P1228-538,Toys,Plush Teddy Bear,"Not very satisfied, has several problems.",2,"Jan 25, 2022",C70090,robin brown,8367-43,24
P6014-622,Toys,Building Block Set,"Great quality, very happy with this purchase.",5,03/24/2023,C84600,Sam Taylor,5635 BX,44
P4187-502,Groceries,Extra Virgin Olive Oil,"Great quality, very happy with this purchase.",5,27 Aug 2024,C48875,CHRIS MARTINS,02054,44
P2753-100,Beauty,Matte Liquid Lipstick,"Great quality, very happy with this purchase.",5,"Feb 12, 2021",C77370,sam hernandez,4139 PH,57
P7724-267,Electronics,Wireless Noise-Cancelling Headphones,"Not very satisfied, has several problems.",2,2021-02-20,C23493,Jamie Brown,4960-11,33
P3875-427,Toys,Building Block Set,"Great quality, very happy with this purchase.",5,13-02-2022,C69274,Casey  Garcia,3029,36
P8981-869,Home & Kitchen,Stainless Steel Knife Block,"Average experience, nothing special.",3,02-09-2022,C73387,ROBIN MARTINS,8170-63,33
P7712-718,Electronics,Fitness Smartwatch,"Very disappointed, would not recommend.",1,02/09/2020,C60675,Chris Smith,06652,37
P2427-107,Clothing,Running Sneakers,"Not very satisfied, has several problems.",2,2024-03-30,C83808,Taylor  Hernandez,7115-99,35
P5017-370,Office,Desk Organizer,Good product overall with minor issues.,4,27/07/2022,C55780,Pat  Dubois,3632-65,43
P8757-329,Books,Sci-Fi Adventure,Good product overall with minor issues.,4,30-03-2020,C13572,jamie lee,08258,31
P3657-761,Office,Wireless Mouse,"Not very satisfied, has several problems.",2,13-05-2022,C53657,Alex Hernandez,1424,46
P5603-433,Sports,Yoga Mat,Good product overall with minor issues.,4,"Jul 11, 2024",C45988,robin johnson,4441 FA,36
P8110-618,Toys,Remote Control Car,"Average experience, nothing special.",3,"Jan 16, 2024",C60931,Casey Dubois,5206 HA,41
P6441-165,Clothing,Wool Winter Scarf,"Not very satisfied, has several problems.",2,02/16/2020,C45149,M. Taylor,06735,42
P2191-390,Groceries,Whole Bean Coffee,Good product overall with minor issues.,4,13-03-2020,C19967,morgan lee,04704,39
P7156-607,Home & Kitchen,Electric Kettle,"Average experience, nothing special.",3,06/28/2024,C38021,Jamie Taylor,9195-71,31
P4321-940,Sports,Adjustable Dumbbell Set,Good product overall with minor issues.,4,09/17/2023,C66505,Chris Lee,7363-89,27
P3562-249,Beauty,Matte Liquid Lipstick,"Great quality, very happy with this purchase.",5,30-01-2021,C35426,Sam Martins,04160,57
P5663-839,Beauty,Matte Liquid Lipstick,"Very disappointed, would not recommend.",1,18-02-2021,C92222,CHRIS MARTINS,6661,54
P9511-236,Electronics,Wireless Noise-Cancelling Headphones,Good product overall with minor issues.,4,2023-10-19,C87878,Morgan  Johnson,4572,25
P1891-301,Sports,Running Shorts,Good product overall with minor issues.,4,"Jan 17, 2020",C94524,PAT GARCIA,4649-58,37
P6849-834,Books,Personal Finance Basics,"Average experience, nothing special.",3,06 Jun 2024,C19086,alex hernandez,04696,36
P7587-619,Sports,Adjustable Dumbbell Set,"Average experience, nothing special.",3,08/02/2020,C52962,Alex Lee,07243,
P9784-742,Sports,Yoga Mat,"Great quality, very happy with this purchase.",5,"Mar 22, 2021",C15204,ROBIN TAYLOR,3997 WX,33
P9486-940,Home & Kitchen,Air Purifier,"Great quality, very happy with this purchase.",5,08/03/2023,C95408,JORDAN BROWN,9116-24,55
P4004-570,Electronics,Bluetooth Portable Speaker,Good product overall with minor issues.,4,02/08/2022,C57076,Casey Brown,6889,33
P3836-407,Home & Kitchen,Electric Kettle,"Great quality, very happy with this purchase.",5,"Dec 29, 2020",C81261,C. Martins,9544-51,42
P6152-656,Clothing,Waterproof Hiking Jacket,"Average experience, nothing special.",3,19/09/2020,C97744,Taylor  Johnson,8342,42
P3800-287,Electronics,USB-C Fast Charger,Good product overall with minor issues.,4,26 Jun 2024,C89817,jamie hernandez,7810-89,19
P7085-702,Clothing,Waterproof Hiking Jacket,"Not very satisfied, has several problems.",2,"Feb 19, 2021",C85927,PAT BROWN,9369 VX,48
P8395-457,Clothing,Running Sneakers,"Not very satisfied, has several problems.",2,12/05/2022,C38669,Pat  Garcia,3807 NN,64
P7842-474,Toys,Family Board Game,"Very disappointed, would not recommend.",1,12/26/2024,C76170,Robin Smith,8320-76,46
P5497-134,Groceries,Gluten-Free Pasta,"Average experience, nothing special.",3,2022-05-21,C31536,Alex  Johnson,4380,35
P6737-893,Sports,Yoga Mat,"Not very satisfied, has several problems.",2,2022-11-16,C39116,jordan martins,4312,51
P4036-338,Beauty,Daily SPF 50 Sunscreen,"Average experience, nothing special.",3,"Apr 07, 2024",C38182,R. Martins,04876,38
P6577-399,Sports,Running Shorts,Good product overall with minor issues.,4,06/22/2022,C17794,J. Johnson,5376-89,22
P2707-362,Clothing,Waterproof Hiking Jacket,Good product overall with minor issues.,4,2020-02-11,C51303,TAYLOR SMITH,6919-91,34
P6974-845,Electronics,Fitness Smartwatch,"Average experience, nothing special.",3,2020-01-07,C70417,jordan hernandez,4137-44,29
P4118-432,Groceries,Organic Almond Butter,"Average experience, nothing special.",3,14/08/2020,C64282,JORDAN SMITH,04311,72
P7650-534,Toys,Plush Teddy Bear,"Average experience, nothing special.",3,2021-02-06,C35443,morgan dubois,3436 RO,51
P6452-425,Clothing,Waterproof Hiking Jacket,"Great quality, very happy with this purchase.",5,"Aug 18, 2021",C87092,Jamie  Johnson,2717 UI,60
P8204-147,Electronics,Wireless Noise-Cancelling Headphones,Good product overall with minor issues.,4,08 Aug 2020,C30155,A. Brown,4555 FL,37
P2947-971,Clothing,Wool Winter Scarf,"Great quality, very happy with this purchase.",5,12 Jun 2023,C40326,Sam De Vries,1699-69,29
P2713-703,Electronics,Bluetooth Portable Speaker,"Very disappointed, would not recommend.",1,01 May 2020,C87576,Alex  Johnson,6686-74,43
P6508-316,Toys,Remote Control Car,"Average experience, nothing special.",3,10 Jan 2021,C46201,Pat Martins,6579-43,26
P1713-996,Books,Productivity Guidebook,"Not very satisfied, has several problems.",2,20 Apr 2020,C29539,robin smith,05189,33
P6883-379,Groceries,Gluten-Free Pasta,"Very disappointed, would not recommend.",1,12 Nov 2021,C93877,Chris  Garcia,5987 EM,36
P2609-771,Groceries,Organic Almond Butter,Good product overall with minor issues.,4,"Nov 07, 2020",C45923,morgan taylor,9009-38,54
P3121-339,Electronics,USB-C Fast Charger,,2,01/03/2021,C63520,J. Hernandez,1333,44
P1383-855,Sports,Yoga Mat,"Great quality, very happy with this purchase.",5,08 Mar 2024,C32941,Alex  Hernandez,5048 KS,30
P1386-834,Clothing,Slim Fit Jeans,"Great quality, very happy with this purchase.",5,"Jul 14, 2024",C63162,P. Brown,02191,41
P8095-879,Electronics,USB-C Fast Charger,"Average experience, nothing special.",3,07/05/2020,C31758,C. Johnson,1349 DE,44
P5334-916,Toys,Remote Control Car,Good product overall with minor issues.,4,11/10/2021,C79262,Morgan  Brown,3204,34
P2407-114,Home & Kitchen,Air Purifier,"Not very satisfied, has several problems.",2,25/01/2022,C97378,jamie garcia,08431,55
P9598-310,Electronics,Wireless Noise-Cancelling Headphones,"Great quality, very happy with this purchase.",5,26/03/2023,C47707,Pat  Brown,5009,60
P5115-223,Sports,Cycling Helmet,"Great quality, very happy with this purchase.",5,03 May 2021,C77478,J. Brown,04467,18
P2151-196,Electronics,Bluetooth Portable Speaker,"Very disappointed, would not recommend.",1,"Apr 02, 2020",C98059,Casey  De  Vries,01115,44
P1971-610,Toys,Family Board Game,"Great quality, very happy with this purchase.",5,2022-03-10,C16857,J. Brown,2510 GG,26
P4176-511,Home & Kitchen,Electric Kettle,"Very disappointed, would not recommend.",1,"Oct 11, 2022",C44336,M. Hernandez,9241-57,40
P7131-734,Sports,Running Shorts,"Very disappointed, would not recommend.",1,26 Jun 2024,C83559,C. Dubois,5645 YJ,46
P5392-577,Clothing,Wool Winter Scarf,"Not very satisfied, has several problems.",2,21/03/2022,C86936,jamie garcia,5996,57
P6733-435,Clothing,Slim Fit Jeans,"Very disappointed, would not recommend.",1,04-04-2021,C88486,Taylor Smith,7294-97,36
P5745-771,Home & Kitchen,Memory Foam Pillow,Good product overall with minor issues.,4,2024-11-10,C33219,Jordan Taylor,3017-49,36
P6098-784,Home & Kitchen,Electric Kettle,"Not very satisfied, has several problems.",2,"Nov 04, 2022",C61163,PAT HERNANDEZ,7745,54
P9162-567,Books,Sci-Fi Adventure,"Very disappointed, would not recommend.",1,12/11/2024,C15962,P. Dubois,1100,47
P2369-137,Office,Desk Organizer,"Very disappointed, would not recommend.",1,"Jun 08, 2023",C94134,chris taylor,4600 TX,25
P7967-573,Toys,Remote Control Car,"Great quality, very happy with this purchase.",5,20-03-2023,C19562,J. Lee,7184 LQ,31
P5397-912,Sports,Running Shorts,"Great quality, very happy with this purchase.",5,09/07/2021,C81332,S. Garcia,1777-38,23
P6945-452,Groceries,Whole Bean Coffee,"Great quality, very happy with this purchase.",5,"Jul 19, 2022",C29183,Casey De Vries,9247 KN,31
P5543-748,Books,Sci-Fi Adventure,"Very disappointed, would not recommend.",1,01/13/2022,C33652,Morgan  Garcia,04923,70
P8552-181,Electronics,USB-C Fast Charger,"Average experience, nothing special.",3,07-04-2020,C44323,ALEX DUBOIS,6274 EB,49
P9388-636,Sports,Adjustable Dumbbell Set,"Very disappointed, would not recommend.",1,06/10/2022,C39903,ALEX LEE,09074,47
P4181-333,Books,Sci-Fi Adventure,"Average experience, nothing special.",3,10/05/2022,C43447,Jordan Garcia,3641 UO,19
P4418-116,Home & Kitchen,Stainless Steel Knife Block,"Not very satisfied, has several problems.",2,13 Jun 2023,C85756,Jordan Martins,08744,28
P5388-316,Clothing,Waterproof Hiking Jacket,"Not very satisfied, has several problems.",2,18-05-2022,C77748,J. Hernandez,03805,37
P6574-557,Beauty,Gentle Face Cleanser,"Great quality, very happy with this purchase.",5,12/31/2022,C69967,chris de vries,9981-75,47
P9255-798,Groceries,Whole Bean Coffee,"Average experience, nothing special.",3,20 Mar 2022,C84329,R. De Vries,5860,38
P7824-986,Electronics,Bluetooth Portable Speaker,"Great quality, very happy with this purchase.",5,09-01-2023,C67584,Taylor De Vries,3263,43
P3184-727,Home & Kitchen,Non-Stick Frying Pan Set,"Great quality, very happy with this purchase.",5,08/10/2024,C21622,TAYLOR HERNANDEZ,3396-39,72
P7957-908,Home & Kitchen,Non-Stick Frying Pan Set,Good product overall with minor issues.,4,07/20/2023,C53098,JORDAN TAYLOR,09396,55
P9470-169,Pet Supplies,Dog Chew Toy,Good product overall with minor issues.,4,08/04/2024,C49843,pat brown,04599,31
P6446-869,Electronics,Fitness Smartwatch,"Average experience, nothing special.",3,27/07/2020,C13497,C. Lee,4222,55
P5499-208,Home & Kitchen,Non-Stick Frying Pan Set,"Very disappointed, would not recommend.",1,09/12/2021,C58258,Taylor  Taylor,2061 OI,45
P8116-950,Electronics,Bluetooth Portable Speaker,"Average experience, nothing special.",3,09 Feb 2021,C22987,CHRIS SMITH,05204,41
P2126-421,Home & Kitchen,Memory Foam Pillow,Good product overall with minor issues.,4,17 Dec 2020,C43899,Morgan  De  Vries,08258,36
P9961-669,Electronics,Fitness Smartwatch,Good product overall with minor issues.,4,18-11-2021,C90243,Casey Smith,6136-60,49
P7177-935,Sports,Running Shorts,Good product overall with minor issues.,4,05/08/2024,C66692,R. Taylor,07059,33
P2324-712,Pet Supplies,Dog Chew Toy,"Great quality, very happy with this purchase.",5,16-01-2020,C57293,Jamie Garcia,3324,55
P5454-417,Clothing,Wool Winter Scarf,"Great quality, very happy with this purchase.",5,18-03-2024,C26077,T. Garcia,09700,19
P2417-714,Books,Thriller Novel,"Not very satisfied, has several problems.",2,2023-05-28,C47371,Chris  Smith,3949 MI,43
P8894-376,Beauty,Nourishing Hair Mask,"Not very satisfied, has several problems.",2,2021-08-07,C70949,Alex  Martins,6378-48,31
P3768-328,Home & Kitchen,Memory Foam Pillow,"Average experience, nothing special.",3,"Nov 03, 2024",C44736,J. Garcia,3666,38
P1128-905,Clothing,Wool Winter Scarf,Good product overall with minor issues.,4,16/05/2020,C42777,Chris  Martins,06915,30
P4565-845,Groceries,Dark Chocolate Bar,"Not very satisfied, has several problems.",2,2023-11-22,C42902,J. Hernandez,2108-76,55
P8453-324,Beauty,Nourishing Hair Mask,"Great quality, very happy with this purchase.",5,"Aug 04, 2022",C13478,M. Martins,08972,43
P2681-282,Toys,Educational Puzzle Game,"Average experience, nothing special.",3,2023-08-15,C71374,Robin  Martins,04396,23
P9526-433,Groceries,Organic Almond Butter,"Average experience, nothing special.",3,11/09/2020,C79278,Morgan  Brown,02323,40
P6855-627,Electronics,4K Ultra HD Smart TV,"Great quality, very happy with this purchase.",5,2022-08-14,C70671,A. Brown,5256 LE,43
P1186-148,Books,Cookbook: Easy Weeknight Meals,"Great quality, very happy with this purchase.",5,11/26/2022,C47634,Jamie  Garcia,02369,47
P1366-564,Office,Ergonomic Office Chair,"Not very satisfied, has several problems.",2,03/07/2022,C83629,Alex  Martins,2699 FL,77
P9595-140,Toys,Remote Control Car,Good product overall with minor issues.,4,09 Feb 2021,C48766,PAT DE VRIES,4903 PA,39
P1151-949,Groceries,Dark Chocolate Bar,"Not very satisfied, has several problems.",2,2022-12-08,C91211,Alex Hernandez,1211 QE,42
P7772-356,Sports,Cycling Helmet,"Great quality, very happy with this purchase.",5,11/13/2024,C85852,Robin  Smith,05970,36
P1738-194,Clothing,Waterproof Hiking Jacket,"Average experience, nothing special.",3,03/09/2023,C47229,S. Hernandez,2079-81,41
P1409-281,Clothing,Slim Fit Jeans,"Great quality, very happy with this purchase.",5,18 Mar 2020,C20481,Pat Brown,3384 YE,33
P5886-623,Books,Productivity Guidebook,"Great quality, very happy with this purchase.",5,21-01-2021,C36747,Chris Martins,9144,22
P1854-648,Sports,Running Shorts,"Great quality, very happy with this purchase.",5,2021-09-03,C74847,C. Taylor,7201 GV,34
P9159-708,Books,Personal Finance Basics,,2,"Feb 18, 2024",C47692,Alex  Garcia,4125-59,24
P1332-141,Sports,Foam Roller,"Not very satisfied, has several problems.",2,,C18504,JORDAN JOHNSON,6565-10,41
P8977-862,Home & Kitchen,Electric Kettle,"Not very satisfied, has several problems.",2,"Dec 06, 2023",C43888,Jamie De Vries,6933 ZV,57
P4027-879,Clothing,Running Sneakers,"Average experience, nothing special.",3,11/02/2024,C34860,Morgan  Smith,5617 CJ,26
P7701-388,Sports,Running Shorts,"Average experience, nothing special.",3,2023-08-23,C17049,R. Hernandez,9525 EN,73
P5742-364,Sports,Running Shorts,"Average experience, nothing special.",3,05 Dec 2020,C88392,Morgan  Dubois,7824-52,34
P1088-866,Electronics,4K Ultra HD Smart TV,"Not very satisfied, has several problems.",2,21 May 2023,C85471,ALEX TAYLOR,8818,72
P2886-367,Home & Kitchen,Memory Foam Pillow,"Great quality, very happy with this purchase.",5,09/07/2022,C18237,A. Martins,7977 ON,37
P2015-808,Books,Thriller Novel,"Not very satisfied, has several problems.",2,07 Nov 2020,C34048,Chris  De  Vries,03048,69
P1466-217,Home & Kitchen,Stainless Steel Knife Block,"Great quality, very happy with this purchase.",5,05-05-2020,C24989,T. Smith,2127-10,37
P3738-294,Pet Supplies,Pet Grooming Brush,Good product overall with minor issues.,4,2020-08-28,C95394,Pat  Dubois,5256 ZO,32
P3200-678,Electronics,USB-C Fast Charger,"Not very satisfied, has several problems.",2,12 Nov 2021,C71988,T. Brown,9300-80,18
P2888-244,Clothing,Wool Winter Scarf,"Very disappointed, would not recommend.",1,25-08-2024,C98736,Chris Garcia,09466,41
P6704-486,Sports,Adjustable Dumbbell Set,"Average experience, nothing special.",3,12/26/2024,C40658,Casey  Lee,1136-27,59
P7907-596,Home & Kitchen,Non-Stick Frying Pan Set,"Average experience, nothing special.",3,11/18/2022,C79577,taylor lee,06370,28
P9235-219,Books,Thriller Novel,"Not very satisfied, has several problems.",2,"Nov 03, 2021",C32362,chris smith,5011 EN,45
P1731-362,Pet Supplies,Pet Grooming Brush,Didn’t work out of the box. Very frustrating experience.,1,12 Sep 2021,C57839,taylor lee,4872,37
P3206-323,Sports,Foam Roller,,5,26/11/2020,C69234,C. Hernandez,05241,26
P8015-866,Sports,Cycling Helmet,"Great quality, very happy with this purchase.",5,2021-02-02,C53869,Taylor Dubois,09734,22
P7996-900,Clothing,Wool Winter Scarf,"Average experience, nothing special.",3,21-09-2023,C84510,TAYLOR GARCIA,05069,28
P3265-761,Electronics,Wireless Noise-Cancelling Headphones,"Not very satisfied, has several problems.",2,03/21/2024,C73610,taylor hernandez,4059 VB,44
P4684-222,Sports,Yoga Mat,"Very disappointed, would not recommend.",1,30/10/2021,C25443,Morgan Smith,9662,24
P3545-640,Home & Kitchen,Non-Stick Frying Pan Set,"Average experience, nothing special.",3,28-08-2024,C43142,TAYLOR TAYLOR,3326,33
P8817-629,Electronics,Wireless Noise-Cancelling Headphones,Good product overall with minor issues.,4,28 Nov 2022,C16497,chris dubois,6491 VQ,34
P2276-108,Clothing,Wool Winter Scarf,Good product overall with minor issues.,4,02/09/2023,C10983,PAT LEE,07337,32
P5046-840,Clothing,Waterproof Hiking Jacket,"Average experience, nothing special.",3,13/10/2024,C25120,MORGAN JOHNSON,7690-46,80
P6361-360,Home & Kitchen,Memory Foam Pillow,"Already considering a replacement, which says enough.",2,2021-09-18,C94134,chris taylor,4600 TX,25
P9619-592,Groceries,Extra Virgin Olive Oil,"Great quality, very happy with this purchase.",5,2022-03-21,C17744,C. Hernandez,4348 WF,38
P3130-907,Electronics,USB-C Fast Charger,"Not very satisfied, has several problems.",2,2023-09-14,C91446,Pat  Martins,2759 FB,36
P6825-721,Toys,Building Block Set,Good product overall with minor issues.,4,22-08-2020,C40940,SAM MARTINS,4552,39
P7564-142,Toys,Family Board Game,"Average experience, nothing special.",3,2023-10-03,C34488,R. Hernandez,02037,25
P1248-111,Electronics,Fitness Smartwatch,Good product overall with minor issues.,4,10/07/2021,C31911,J. Garcia,9677,32
P8167-203,Beauty,Matte Liquid Lipstick,Good product overall with minor issues.,4,16/06/2022,C63868,ALEX GARCIA,5593 FJ,45
P6842-347,Home & Kitchen,Non-Stick Frying Pan Set,"Average experience, nothing special.",3,12-10-2024,C40169,C. Lee,06522,29
P6094-583,Electronics,Bluetooth Portable Speaker,"Not very satisfied, has several problems.",2,02/20/2022,C84992,Taylor  Taylor,6562,35
P2645-946,Toys,Family Board Game,"Not very satisfied, has several problems.",2,27/11/2024,C92340,C. Martins,1510-23,34
P5264-620,Groceries,Extra Virgin Olive Oil,"Not very satisfied, has several problems.",2,09-10-2023,C38369,S. Hernandez,7719-22,41
P2201-245,Home & Kitchen,Air Purifier,"Average experience, nothing special.",3,2022-06-16,C35193,jamie brown,1527,26
P8174-205,Electronics,Wireless Noise-Cancelling Headphones,"Very disappointed, would not recommend.",1,2023-12-22,C51769,JORDAN SMITH,3499-79,58
P3797-120,Clothing,Slim Fit Jeans,"Very disappointed, would not recommend.",1,11/01/2024,C38549,,1488 IS,42
P6753-140,Electronics,Wireless Noise-Cancelling Headphones,Good product overall with minor issues.,4,27-09-2021,C59837,PAT JOHNSON,7821,37
P4933-539,Home & Kitchen,Non-Stick Frying Pan Set,"Very disappointed, would not recommend.",1,26 Jun 2024,C14610,pat johnson,09732,33
P5738-510,Pet Supplies,Pet Grooming Brush,"Average experience, nothing special.",3,15/01/2020,C13082,R. Dubois,7653-21,42
P7614-332,Clothing,Waterproof Hiking Jacket,"Great quality, very happy with this purchase.",5,17/01/2023,C65250,TAYLOR SMITH,5853 WV,23
P5462-335,Groceries,Gluten-Free Pasta,"Very disappointed, would not recommend.",1,09 Apr 2021,C80507,M. Dubois,3697,20
P1305-110,Toys,Family Board Game,Good product overall with minor issues.,4,01/07/2022,C98136,SAM GARCIA,5713-42,31
P5541-242,Groceries,Whole Bean Coffee,"Very disappointed, would not recommend.",1,18-06-2022,C85784,Robin Hernandez,1837-87,53
P9714-384,Sports,Foam Roller,"Average experience, nothing special.",3,10/02/2021,C72392,taylor smith,2806 HX,45
P6330-569,Electronics,Fitness Smartwatch,"Not very satisfied, has several problems.",2,03-06-2022,C97249,M. Dubois,9999-61,71
P3365-359,Electronics,Fitness Smartwatch,Good product overall with minor issues.,4,02/12/2021,C97149,chris hernandez,2173,36
P3808-532,Electronics,Fitness Smartwatch,"Great quality, very happy with this purchase.",5,18 Jan 2023,C78243,chris johnson,02655,39
P2902-356,Groceries,Whole Bean Coffee,"Very disappointed, would not recommend.",1,2021-06-26,C55843,JORDAN DE VRIES,8697,41
P3728-151,Office,Mechanical Keyboard,"Great quality, very happy with this purchase.",5,05/10/2021,C47370,JAMIE DE VRIES,7771-94,71
P1892-942,Toys,Family Board Game,"Average experience, nothing special.",3,05/05/2022,C20151,Jamie  De  Vries,03429,53
P7141-491,Groceries,Whole Bean Coffee,"Average experience, nothing special.",3,2020-08-12,C88395,Casey  De  Vries,9078-92,34
P4990-282,Sports,Cycling Helmet,"Average experience, nothing special.",3,2023-12-04,C57194,morgan smith,3294 OE,38
P5409-485,Toys,Plush Teddy Bear,"Great quality, very happy with this purchase.",5,01/11/2021,C64574,casey brown,06335,31
P6022-373,Electronics,Fitness Smartwatch,"Not very satisfied, has several problems.",2,2022-08-23,C84363,SAM GARCIA,04336,26
P1549-851,Toys,Remote Control Car,"Great quality, very happy with this purchase.",5,29-03-2020,C68826,PAT TAYLOR,9257 ZT,20
P2718-671,Home & Kitchen,Electric Kettle,"Not very satisfied, has several problems.",2,"Aug 06, 2021",C14701,M. Martins,8821,18
P3104-634,Home & Kitchen,Stainless Steel Knife Block,"Not very satisfied, has several problems.",2,"Jun 14, 2021",C21464,J. Lee,9724,46
P9351-109,Books,Sci-Fi Adventure,"Very disappointed, would not recommend.",1,29-07-2023,C59068,T. Lee,06719,35
P8964-744,Electronics,Wireless Noise-Cancelling Headphones,"Very disappointed, would not recommend.",1,22/02/2024,C46999,Robin Brown,2905-91,34
P5813-678,Home & Kitchen,Air Purifier,"Great quality, very happy with this purchase.",5,"Jun 12, 2022",C51234,Alex  Brown,7013,41
P7955-802,Groceries,Dark Chocolate Bar,Good product overall with minor issues.,4,01 Jun 2022,C18336,ROBIN SMITH,8758-69,56
P4508-423,Toys,Family Board Game,"Very disappointed, would not recommend.",1,17 Mar 2024,C64497,ROBIN SMITH,04900,38
P7565-591,Groceries,Gluten-Free Pasta,"Not very satisfied, has several problems.",2,12 Feb 2023,C54691,SAM BROWN,8422 ZI,46
P8581-830,Clothing,Waterproof Hiking Jacket,"Very disappointed, would not recommend.",1,22/03/2020,C30065,C. Garcia,7254 AL,43
P7312-221,Clothing,Running Sneakers,"Not very satisfied, has several problems.",2,06 Jun 2022,C54758,taylor johnson,1058-10,32
P4836-973,Electronics,Wireless Noise-Cancelling Headphones,Good product overall with minor issues.,4,08/03/2021,C33315,taylor martins,08994,27
P7807-710,Home & Kitchen,Stainless Steel Knife Block,"Not very satisfied, has several problems.",2,22/06/2024,C61167,pat taylor,06542,61
P1609-296,Groceries,Extra Virgin Olive Oil,"Average experience, nothing special.",3,17 Jul 2020,C71884,T. Taylor,9221-93,22
P9404-590,Clothing,Waterproof Hiking Jacket,"Average experience, nothing special.",3,21/10/2024,C13974,Sam  Smith,2744 XS,37
P6293-891,Groceries,Extra Virgin Olive Oil,"Average experience, nothing special.",3,11/11/2023,C71084,J. Lee,8334 UD,59
P8112-501,Clothing,Slim Fit Jeans,"Very disappointed, would not recommend.",1,2024-01-17,C19429,JORDAN DUBOIS,3751-88,53
P2703-558,Clothing,Organic Cotton T-Shirt,"Not very satisfied, has several problems.",2,30-06-2021,C82253,casey johnson,7836 XI,63
P1808-258,Electronics,4K Ultra HD Smart TV,"Great quality, very happy with this purchase.",5,"Oct 26, 2022",C56938,Jordan De Vries,2991-32,32
P8685-358,Electronics,Wireless Noise-Cancelling Headphones,"Average experience, nothing special.",3,21 Jul 2023,C17884,S. Martins,2093 ME,44
P8377-198,Clothing,Wool Winter Scarf,"Average experience, nothing special.",3,"May 26, 2021",C92500,Alex Smith,9420 RA,45
P6857-592,Books,Thriller Novel,"Average experience, nothing special.",3,2020-06-28,C94899,Jamie Hernandez,4458-87,62
P7703-678,Toys,Educational Puzzle Game,"Average experience, nothing special.",3,04/24/2023,C38816,M. Brown,05222,22
P1149-691,Pet Supplies,Cat Litter Odor Control,"Average experience, nothing special.",3,07/08/2020,C39268,jamie hernandez,1807,43
P5257-290,Groceries,Whole Bean Coffee,"Great quality, very happy with this purchase.",5,11/09/2022,C64739,Chris Johnson,02942,26
P3688-486,Electronics,Bluetooth Portable Speaker,Good product overall with minor issues.,4,28-09-2022,C41410,Casey  Johnson,2185,53
P3925-305,Beauty,Nourishing Hair Mask,"Very disappointed, would not recommend.",1,07 Sep 2022,C60419,jamie johnson,09492,33
P7989-727,Home & Kitchen,Memory Foam Pillow,"Average experience, nothing special.",3,"Dec 25, 2021",C64214,Jordan  Dubois,09416,39
P2203-861,Sports,Running Shorts,"Great quality, very happy with this purchase.",5,11/06/2021,C44666,pat brown,01302,31
P3425-972,Books,Thriller Novel,Good product overall with minor issues.,4,24-03-2022,C27460,pat de vries,1224 YJ,54
P1198-265,Toys,Plush Teddy Bear,"Average experience, nothing special.",3,14-07-2023,C46579,CHRIS SMITH,8504,32
P5208-637,Toys,Educational Puzzle Game,"Great quality, very happy with this purchase.",5,2024-01-07,C22528,casey martins,5976,35
P1865-749,Electronics,4K Ultra HD Smart TV,"Great quality, very happy with this purchase.",5,08/25/2020,C71285,taylor brown,04077,55
P9115-230,Books,Cookbook: Easy Weeknight Meals,"Great quality, very happy with this purchase.",5,"Jun 25, 2023",C32111,Pat  Smith,9484 XA,24
P1286-676,Sports,Adjustable Dumbbell Set,Good product overall with minor issues.,4,20/08/2020,C93790,Taylor  De  Vries,6216-34,53
P8631-691,Electronics,USB-C Fast Charger,"Very disappointed, would not recommend.",1,03/10/2021,C16555,Casey Lee,5023,40
P7134-552,Groceries,Extra Virgin Olive Oil,Good product overall with minor issues.,4,10 Aug 2022,C61834,TAYLOR LEE,9708,46
P9524-313,Home & Kitchen,Electric Kettle,"Not very satisfied, has several problems.",2,07-11-2020,C57148,Casey  Lee,06030,52
P5244-554,Beauty,Nourishing Hair Mask,"Great quality, very happy with this purchase.",5,28 May 2023,C69544,TAYLOR DUBOIS,08267,31
P1851-989,Groceries,Dark Chocolate Bar,"Great quality, very happy with this purchase.",5,04/23/2022,C84511,ALEX LEE,02061,22
P8583-991,Electronics,Fitness Smartwatch,"Great quality, very happy with this purchase.",5,02 Aug 2020,C80789,TAYLOR MARTINS,5965 MT,49
P9476-879,Books,Sci-Fi Adventure,"Not very satisfied, has several problems.",2,21/07/2021,C67760,Morgan Johnson,01559,25
P3739-266,Pet Supplies,Dog Chew Toy,Good product overall with minor issues.,4,"Mar 31, 2022",C41746,pat brown,5492 HE,75
P3365-597,Books,Personal Finance Basics,Good product overall with minor issues.,4,12-02-2024,C98786,Sam Taylor,1738,26
P3176-757,Toys,Family Board Game,"Very disappointed, would not recommend.",1,03/23/2024,C19399,ROBIN DUBOIS,8481 II,19
P4968-199,Groceries,Extra Virgin Olive Oil,"Great quality, very happy with this purchase.",5,23 Jul 2020,C87307,R. Garcia,07803,37
P8356-992,Books,Sci-Fi Adventure,Good product overall with minor issues.,4,03/10/2021,C61787,Chris  Lee,3159,19
P6887-536,Books,Productivity Guidebook,Good product overall with minor issues.,4,"Jun 01, 2022",C87846,A. Johnson,1323,39
P3222-266,Home & Kitchen,Non-Stick Frying Pan Set,,4,"Dec 11, 2024",C51259,CASEY BROWN,3689-63,35
P6095-633,Electronics,Bluetooth Portable Speaker,"Very disappointed, would not recommend.",1,27-01-2024,C35522,Morgan Taylor,6716,32
P1238-456,Beauty,Gentle Face Cleanser,"Very disappointed, would not recommend.",1,16/10/2021,C76677,P. Martins,7243 IA,25
P1483-745,Sports,Yoga Mat,Good product overall with minor issues.,4,06/08/2023,C45148,Casey Lee,5375,68
P3803-907,Electronics,Bluetooth Portable Speaker,"Great quality, very happy with this purchase.",5,08/15/2024,C77478,J. Brown,04467,18
P3047-658,Home & Kitchen,Air Purifier,"Very disappointed, would not recommend.",1,03/06/2022,C66891,Taylor  Martins,1988 IK,44
P7203-187,Electronics,USB-C Fast Charger,Good product overall with minor issues.,4,12/17/2021,C33770,pat martins,07974,18
P7445-525,Groceries,Whole Bean Coffee,"Not very satisfied, has several problems.",2,2021-10-04,C72714,Alex  Garcia,02715,60
P4924-465,Electronics,Fitness Smartwatch,Good product overall with minor issues.,4,27-11-2020,C37683,ROBIN JOHNSON,2355-97,25
P3882-309,Clothing,Wool Winter Scarf,"Very disappointed, would not recommend.",1,2020-05-13,C81269,sam martins,6441,39
P8817-202,Books,Cookbook: Easy Weeknight Meals,"Average experience, nothing special.",3,29 Jun 2024,C89728,R. Smith,4203 YV,30
P8963-344,Clothing,Slim Fit Jeans,"Not very satisfied, has several problems.",2,16 Dec 2022,C86315,Robin Martins,2545-41,42
P8369-621,Sports,Adjustable Dumbbell Set,"Not very satisfied, has several problems.",2,2023-02-16,C49663,Chris  Taylor,8128,26
P7757-999,Clothing,Organic Cotton T-Shirt,Good product overall with minor issues.,4,07/13/2020,C32268,robin garcia,01819,21
P3975-374,Home & Kitchen,Non-Stick Frying Pan Set,Feels like a cheaply made knock-off. Not recommended.,1,07/08/2021,C76681,CHRIS LEE,7974-83,33
P2109-189,Home & Kitchen,Air Purifier,"Not very satisfied, has several problems.",2,02/09/2023,C30737,Casey  Taylor,03488,40
P6696-588,Groceries,Whole Bean Coffee,"Average experience, nothing special.",3,22/05/2021,C54881,Alex Taylor,08231,37
P9589-505,Clothing,Wool Winter Scarf,Good product overall with minor issues.,4,2021-05-03,C79244,Taylor  Martins,07720,26
P7191-669,Office,A4 Printer Paper,"Very disappointed, would not recommend.",1,02-08-2023,C44481,MORGAN SMITH,4400 WG,45
P2260-495,Home & Kitchen,Stainless Steel Knife Block,Good product overall with minor issues.,4,2021-01-14,C66860,CASEY JOHNSON,02686,31
P1805-673,Home & Kitchen,Air Purifier,Good product overall with minor issues.,4,"Nov 25, 2020",C59427,P. Brown,4185,30
P6265-588,Electronics,4K Ultra HD Smart TV,"Great quality, very happy with this purchase.",5,01 Apr 2024,C76547,robin taylor,07527,52
P8453-679,Office,Mechanical Keyboard,"Average experience, nothing special.",3,"May 27, 2023",C65060,Casey  Taylor,1586-81,33
P2931-227,Home & Kitchen,Memory Foam Pillow,"Average experience, nothing special.",3,02/14/2024,C77377,CHRIS MARTINS,8938-75,34
P3549-704,Beauty,Hydrating Face Serum,"Very disappointed, would not recommend.",1,"Jul 17, 2020",C20529,Morgan Johnson,5167,49
P9010-787,Electronics,Wireless Noise-Cancelling Headphones,"Very disappointed, would not recommend.",1,12/06/2024,C74136,Taylor  Dubois,04298,59
P3871-977,Home & Kitchen,Memory Foam Pillow,"Very disappointed, would not recommend.",1,10/02/2021,C48912,Jordan  Smith,2982,23
P7674-925,Home & Kitchen,Memory Foam Pillow,Good product overall with minor issues.,4,2022-01-16,C40992,Alex  Martins,2325-39,32
P3709-417,Clothing,Organic Cotton T-Shirt,Brilliant value for money. Feels premium and works exactly as described.,5,10 Mar 2022,C29235,Casey  Taylor,06394,33
P9275-943,Electronics,Wireless Noise-Cancelling Headphones,"Not very satisfied, has several problems.",2,17 Jan 2023,C78148,morgan hernandez,07772,33
P7753-673,Toys,Educational Puzzle Game,"Very disappointed, would not recommend.",1,"Oct 28, 2020",C47184,Alex Martins,03667,20
P7775-286,Sports,Cycling Helmet,Good product overall with minor issues.,4,16 Feb 2023,C26463,TAYLOR LEE,3700 PM,58
P4088-131,Electronics,USB-C Fast Charger,"Great quality, very happy with this purchase.",5,02/03/2022,C74553,robin johnson,08094,39
P5822-514,Home & Kitchen,Stainless Steel Knife Block,"Not very satisfied, has several problems.",2,08/20/2022,C97793,jamie lee,03592,54
P1963-915,Sports,Cycling Helmet,"Average experience, nothing special.",3,09-11-2023,C10344,R. Brown,7807,47
P8049-123,Electronics,Wireless Noise-Cancelling Headphones,,4,22/02/2022,C13932,Pat Lee,1462,34
P2109-229,Clothing,Slim Fit Jeans,"Very disappointed, would not recommend.",1,16-03-2020,C59537,Jordan Brown,9024,26
P4427-457,Clothing,Waterproof Hiking Jacket,"Average experience, nothing special.",3,05/05/2021,C89334,JORDAN DE VRIES,8962,42
P4053-726,Clothing,Slim Fit Jeans,"Not very satisfied, has several problems.",2,03-03-2021,C36919,Chris Johnson,03552,55
P4992-240,Clothing,Running Sneakers,"Great quality, very happy with this purchase.",5,2021-02-14,C30406,Pat  De  Vries,3876 AZ,36
P1740-675,Clothing,Running Sneakers,"Not very satisfied, has several problems.",2,27 Jul 2024,C73963,PAT DE VRIES,2894-60,20
P9848-221,Pet Supplies,Pet Grooming Brush,Good product overall with minor issues.,4,02 Mar 2024,C82287,Taylor  Lee,5798,36
P6703-589,Groceries,Extra Virgin Olive Oil,Good product overall with minor issues.,4,2020-07-26,C31311,morgan de vries,08021,57
P6243-256,Sports,Adjustable Dumbbell Set,"Average experience, nothing special.",3,08-01-2021,C58910,Robin Garcia,4054-42,43
P6583-145,Groceries,Whole Bean Coffee,Good product overall with minor issues.,4,"Feb 09, 2022",C15025,TAYLOR MARTINS,1270-90,25
P8850-296,Home & Kitchen,Memory Foam Pillow,"Not very satisfied, has several problems.",2,03/07/2021,C89634,ALEX SMITH,5172 YM,69
P4757-142,Sports,Running Shorts,"Great quality, very happy with this purchase.",5,"Apr 05, 2020",C31573,taylor taylor,2893 IU,27
P9144-422,Books,Personal Finance Basics,Good product overall with minor issues.,4,07-10-2022,C45248,Taylor Lee,05862,19
P1175-119,Groceries,Organic Almond Butter,"Very disappointed, would not recommend.",1,26/05/2022,C81999,T. Hernandez,6914 NJ,41
P4336-188,Books,Sci-Fi Adventure,"Average experience, nothing special.",3,"Dec 15, 2023",C88778,alex lee,6566-62,37
P2955-418,Electronics,USB-C Fast Charger,"Great quality, very happy with this purchase.",5,2023-10-27,C58748,JORDAN JOHNSON,4642,62
P5842-966,Pet Supplies,Pet Grooming Brush,Good product overall with minor issues.,4,01-12-2024,C61324,Sam  Brown,3481-89,26
P5863-351,Clothing,Wool Winter Scarf,"Average experience, nothing special.",3,"Mar 14, 2022",C96199,Jamie  Taylor,8631-86,33
P4004-824,Clothing,Waterproof Hiking Jacket,Good product overall with minor issues.,4,07/02/2021,C95422,ALEX MARTINS,8829-28,75
P2102-272,Toys,Plush Teddy Bear,Good product overall with minor issues.,4,20/09/2022,C17207,Robin Taylor,02947,
P3371-144,Beauty,Nourishing Hair Mask,"Not very satisfied, has several problems.",2,2023-09-19,C31976,Taylor  Smith,9666 FA,35
P4292-490,Home & Kitchen,Stainless Steel Knife Block,"Great quality, very happy with this purchase.",5,11/06/2024,C15523,SAM LEE,9826 KP,32
P2568-676,Home & Kitchen,Air Purifier,Good product overall with minor issues.,4,11/10/2021,C50591,casey smith,7286-65,26
P7072-708,Electronics,4K Ultra HD Smart TV,"Very disappointed, would not recommend.",1,23/07/2021,C27370,alex dubois,8724-59,25
P2507-913,Clothing,Slim Fit Jeans,"Great quality, very happy with this purchase.",5,02/01/2023,C56448,PAT JOHNSON,7581-58,75
P1381-835,Electronics,Fitness Smartwatch,"Average experience, nothing special.",3,03/10/2024,C36501,MORGAN JOHNSON,06854,33
P1543-313,Beauty,Nourishing Hair Mask,"Average experience, nothing special.",3,23/09/2021,C92543,Morgan Garcia,06137,47
P8877-131,Pet Supplies,Dog Chew Toy,"Great quality, very happy with this purchase.",5,20 Aug 2022,C63836,Chris Taylor,2577,56
P3963-453,Electronics,USB-C Fast Charger,"Average experience, nothing special.",3,28 Oct 2022,C94597,A. Johnson,1898,39
P8200-658,Toys,Plush Teddy Bear,Good product overall with minor issues.,4,2021-05-18,C18508,morgan smith,8468,47
P4347-454,Books,Thriller Novel,"Very disappointed, would not recommend.",1,06/13/2020,C29393,jordan johnson,8901 FU,35
P8144-488,Toys,Educational Puzzle Game,"Average experience, nothing special.",3,"Aug 05, 2023",C70667,taylor smith,5855,40
P4124-288,Office,Desk Organizer,"Great quality, very happy with this purchase.",5,05/21/2023,C88944,J. De Vries,6404,42
P4554-908,Sports,Cycling Helmet,"Average experience, nothing special.",3,21-08-2023,C18020,Alex  Garcia,2856-21,46
P5318-529,Home & Kitchen,Non-Stick Frying Pan Set,"Great quality, very happy with this purchase.",5,17 Jul 2021,C33794,morgan hernandez,01017,27
P7224-316,Office,Wireless Mouse,Good product overall with minor issues.,4,14-10-2023,C36419,alex johnson,9530 UP,35
P2272-131,Beauty,Nourishing Hair Mask,"Not very satisfied, has several problems.",2,19 Sep 2022,C85881,M. De Vries,4962,27
P4980-522,Sports,Foam Roller,Good product overall with minor issues.,4,23-05-2023,C24648,S. Smith,09051,25
P4749-900,Beauty,Daily SPF 50 Sunscreen,"Great quality, very happy with this purchase.",5,21 Aug 2022,C22301,Robin Lee,1366,19
P5935-322,Pet Supplies,Dog Chew Toy,"Great quality, very happy with this purchase.",5,2020-03-09,C26927,casey brown,06729,44
P3527-537,Books,Thriller Novel,"Very disappointed, would not recommend.",1,30/05/2021,C19764,jordan de vries,4980 BD,39
P2629-251,Toys,Plush Teddy Bear,Good product overall with minor issues.,4,11/07/2020,C88071,ALEX GARCIA,3118 OP,52
P6760-687,Clothing,Wool Winter Scarf,"Average experience, nothing special.",3,11-08-2023,C29793,Casey Brown,1130 VB,75
P5235-151,Clothing,Running Sneakers,Good product overall with minor issues.,4,11/17/2023,C99412,Jamie Johnson,6879,28
P1457-761,Groceries,Gluten-Free Pasta,Good product overall with minor issues.,4,05 Apr 2020,C74411,Jamie  Johnson,,56
P2290-107,Clothing,Running Sneakers,"Great quality, very happy with this purchase.",5,06 Aug 2020,C57344,,04209,46
P3059-155,Home & Kitchen,Non-Stick Frying Pan Set,,2,06-08-2023,C65767,chris taylor,6445 HN,30
P4994-826,Electronics,Bluetooth Portable Speaker,"Not very satisfied, has several problems.",2,05/12/2024,C70854,Alex Johnson,3471 MO,35
