product_id,product_category,product_name,review_description,number_stars,review_date,customer_id,customer_name,zip_code,customer_age
P03967,Beauty,Matte Liquid Lipstick,,4,2023-01-14,C784209,Finn Hendriks,105,40.0
P01416,Electronics,Wireless Keyboard and Mouse Combo,"It's okay, not great, not terrible.",3,2021-01-17,C732636,Lucas Vermeulen,3500A,31.0
P03581,Beauty,Matte Liquid Lipstick,"Good product, I'm satisfied.",5,2022/01/07,C644173,Sophie Claes,1180,27.0
P06600,Clothing,Formal White Shirt,"Good product, I'm satisfied.",5,28-12-2021,C668349,Adam Maes,2000,20.0
P03455,Beauty,Nourishing Shampoo,"It's okay, not great, not terrible.",3,03-08-2022,C740706,Emma Vermeulen,5000,33.0
P02300,Home & Kitchen,Dish Drying Rack,Not happy with this product.,2,2021-01-20,C252928,Léa Bosmans,500,23.0
P06985,Clothing,Slim Fit Jeans,Not happy with this product.,2,2023-03-22,C706922,Lucas Janssen,2000,33.0
P01900,Electronics,4K Ultra HD Smart TV,"Good product, I'm satisfied.",5,2021-03-27,C740231,Finn Peeters,3500,20.0
P02862,Home & Kitchen,Electric Kettle 1.7L,"Good product, I'm satisfied.",5,2022/07/22,C337209,Arthur Peeters,3000,42.0
P02177,Home & Kitchen,Electric Kettle 1.7L,"Good product, I'm satisfied.",5,2022-09-12,C633786,Noah De Wilde,5000,22.0
P03533,Beauty,Nourishing Shampoo,Not happy with this product.,2,01-10-2023,C530709,Arthur De Smet,2000,
P01148,Electronics,4K Ultra HD Smart TV,"It's okay, not great, not terrible.",3,2021-10-28,C576768,Finn Dubois,3500,32.0
P06385,Clothing,Slim Fit Jeans,Not happy with this product.,1,2024-05-15,C886259,Zoë De Wilde,2000,70.0
P02747,Home & Kitchen,Air Purifier with HEPA Filter,"It's okay, not great, not terrible.",3,07-03-2021,C476009,,2000,39.0
P10229,Garden,Garden Hose 20m,Not happy with this product.,2,2024-06-19,C352327,Louis Maes,3010,40.0
P07492,Toys & Games,Strategy Board Game,"Good product, I'm satisfied.",4,2023-10-06,C538996,Noor Claes,9000,38.0
P03842,Beauty,Volumizing Mascara,"Good product, I'm satisfied.",5,2023-01-27,C491490,Léa Bosmans,5000B,32.0
P02769,Home & Kitchen,Vacuum Cleaner Pro,"Good product, I'm satisfied.",5,2023-03-16,C464663,Liam Dubois,9000,20.0
P01557,Electronics,Wireless Noise-Cancelling Headphones,"Good product, I'm satisfied.",4,2021-05-05,C148908,Léa De Smet,2018,38.0
P02457,Home & Kitchen,Espresso Coffee Machine,"Good product, I'm satisfied.",4,2024-03-21,C227153,Noah Bosmans,2018,28.0
P08867,Sports & Outdoors,Camping Lantern Rechargeable,"Good product, I'm satisfied.",5,2021-03-30,C109173,Noor Janssen,5000,21.0
P02515,Home & Kitchen,Dish Drying Rack,"It's okay, not great, not terrible.",3,2021-12-22,C500099,Mila Maes,9000,20.0
P06151,Clothing,Slim Fit Jeans,"Good product, I'm satisfied.",4,2021-05-09,C281588,Adam De Wilde,2000,45.0
P02552,Home & Kitchen,Memory Foam Pillow,"Good product, I'm satisfied.",4,14-12-2021,C808446,,1011,35.0
P01343,Electronics,4K Ultra HD Smart TV,"Good product, I'm satisfied.",5,2024-03-31,C673397,Zoë Janssen,3010,33.0
P01673,Electronics,Gaming Mouse Pro Series,"Good product, I'm satisfied.",4,07-02-2021,C877467,Adam Maes,5000,45.0
P01493,Electronics,Wireless Keyboard and Mouse Combo,"Good product, I'm satisfied.",5,2024-04-25,C169268,Lucas De Smet,1180,32.0
P04609,Books,Beginner's Guide to Python,"Good product, I'm satisfied.",4,2022-06-05,C711484,Olivia De Smet,2000,34.0
P01989,Electronics,4K Ultra HD Smart TV,,3,29-11-2023,C486669,Lucas Lefevre,5000,19.0
P02743,Home & Kitchen,Air Purifier with HEPA Filter,"Good product, I'm satisfied.",5,2021-05-20,C241147,Emma Peeters,2000,
P02152,Home & Kitchen,Dish Drying Rack,"Good product, I'm satisfied.",4,17-11-2021,C309096,Noah Martens,2018,46.0
P02317,Home & Kitchen,Vacuum Cleaner Pro,"Good product, I'm satisfied.",5,2021-11-16,C987454,Emma Vermeulen,5000,36.0
P02451,Home & Kitchen,Stainless Steel Cookware Set,"Good product, I'm satisfied.",4,2023/11/16,C661023,Léa Janssen,3010,34.0
P02321,Home & Kitchen,Memory Foam Pillow,"Good product, I'm satisfied.",5,2023-05-05,C894201,Mila Janssen,9000,45.0
P01287,Electronics,USB-C Docking Station,Not happy with this product.,2,2023/06/01,C200519,Ava Martens,5000B,32.0
P01297,Electronics,USB-C Docking Station,"Good product, I'm satisfied.",4,2022-06-24,C398265,Louis Claes,1180B,36.0
P04561,Books,Thriller Novel: The Last Signal,"Good product, I'm satisfied.",5,2023-11-23,C323792,Zoë Maes,3000A,36.0
P01923,Electronics,4K Ultra HD Smart TV,"Good product, I'm satisfied.",5,2022/02/19,C944522,,9000B,27.0
P08143,Sports & Outdoors,Stainless Steel Water Bottle,Not happy with this product.,2,2022-12-01,C460137,Noor Hendriks,3500,31.0
P10777,Garden,Garden Hose 20m,"Good product, I'm satisfied.",4,06-10-2022,C306599,Liam De Smet,5000,34.0
P03162,Beauty,Nourishing Shampoo,Not happy with this product.,2,2022/07/17,C876617,Olivia Dubois,3010,20.0
P04141,Books,Marketing Strategy Handbook,"Good product, I'm satisfied.",4,19-08-2024,C638277,Lucas Claes,3500,45.0
P09857,Office Supplies,Notebook A5 Lined,Not happy with this product.,2,07-05-2022,C753026,Zoë Lefevre,3000,37.0
P03335,Beauty,Hydrating Face Serum,"Good product, I'm satisfied.",5,2023-09-01,C321686,Zoë Bosmans,3000,42.0
P04346,Books,Psychology of Habits,"Good product, I'm satisfied.",4,25-05-2021,C214136,Lucas Janssen,1011B,40.0
P01261,Electronics,USB-C Docking Station,Not happy with this product.,2,2023-02-22,C737618,Arthur Martens,1180,31.0
P02873,Home & Kitchen,Vacuum Cleaner Pro,"Good product, I'm satisfied.",4,27-05-2021,C494675,Adam Vermeulen,9000,32.0
P02192,Home & Kitchen,Espresso Coffee Machine,"Good product, I'm satisfied.",4,2023-03-13,C472304,Sophie Janssen,2018B,
P01377,Electronics,4K Ultra HD Smart TV,Very disappointed with this purchase. The 4k ultra hd smart tv did not match the description and feels cheap.,2,2022-09-06,C320079,Arthur Dubois,2000,43.0
P06986,Clothing,Basic Cotton T-Shirt,"Good product, I'm satisfied.",5,2022/09/05,C913735,Olivia Claes,3500,35.0
P02828,Home & Kitchen,Espresso Coffee Machine,"Good product, I'm satisfied.",5,2022-01-08,C538382,,2000,34.0
P06699,Clothing,Running Shoes,Not happy with this product.,1,27-02-2024,C347413,Noor Maes,1011,
P01183,Electronics,Wireless Keyboard and Mouse Combo,"Good product, I'm satisfied.",5,2023-12-20,C584570,Emma Martens,1011,24.0
P01885,Electronics,Smartphone Fast Charger,"It's okay, not great, not terrible.",3,2021-09-03,C243901,Léa Vermeulen,118,32.0
P02483,Home & Kitchen,Memory Foam Pillow,Not happy with this product.,2,2022/04/30,C138598,Lucas De Wilde,3010,18.0
P01266,Electronics,Gaming Mouse Pro Series,"It's okay, not great, not terrible.",3,23-01-2021,C667875,Liam Peeters,101,26.0
P01340,Electronics,Wireless Keyboard and Mouse Combo,"Good product, I'm satisfied.",5,2023-05-26,C466915,Adam De Wilde,105,30.0
P02283,Home & Kitchen,Stainless Steel Cookware Set,"Good product, I'm satisfied.",4,2023/01/06,C563143,Noah Vermeulen,1011,45.0
P06828,Clothing,Formal White Shirt,Not happy with this product.,1,2024-12-29,C685073,Sophie De Wilde,9000,23.0
P07940,Toys & Games,Strategy Board Game,"Good product, I'm satisfied.",5,2023-12-21,C894569,,9000,40.0
P01614,Electronics,4K Ultra HD Smart TV,Not happy with this product.,1,2021-05-08,C385207,Sophie Maes,2000,32.0
P10853,Garden,Indoor Plant Pot,"It's okay, not great, not terrible.",3,2021-03-08,C970392,,1050,28.0
P02255,Home & Kitchen,Dish Drying Rack,"It's okay, not great, not terrible.",3,02-08-2021,C270751,Zoë De Wilde,2018,26.0
P02114,Home & Kitchen,Vacuum Cleaner Pro,"Good product, I'm satisfied.",4,2022-04-25,C717774,Finn Janssen,1180,
P02883,Home & Kitchen,Espresso Coffee Machine,"It's okay, not great, not terrible.",3,2024/10/16,C973132,Liam Vermeulen,,32.0
P07451,Toys & Games,Building Blocks Set,,5,12-11-2021,C188501,Olivia De Wilde,1180,39.0
P09997,Office Supplies,Wireless Computer Mouse,"Good product, I'm satisfied.",5,17-01-2024,C359462,Sophie De Smet,3010,22.0
P05698,Groceries,Gluten-Free Pasta,Not happy with this product.,2,2021/09/14,C129078,Adam Martens,5000,44.0
P02204,Home & Kitchen,Vacuum Cleaner Pro,Not happy with this product.,2,2022-12-06,C871088,Zoë Peeters,1050,
P02926,Home & Kitchen,Dish Drying Rack,"Good product, I'm satisfied.",5,2021-09-17,C166670,Mila De Smet,1050,25.0
P01218,Electronics,4K Ultra HD Smart TV,Not happy with this product.,2,2022-01-06,C218184,Mila Lefevre,3010,35.0
P01183,Electronics,Wireless Keyboard and Mouse Combo,"Good product, I'm satisfied.",5,2024/11/30,C264263,Sophie Claes,9000,32.0
P05100,Groceries,Organic Almond Milk,"Good product, I'm satisfied.",4,2021-11-11,C448315,Zoë De Smet,1180,45.0
P01642,Electronics,Gaming Mouse Pro Series,"Good product, I'm satisfied.",4,2024-07-10,C769983,Zoë Peeters,3000,35.0
P02421,Home & Kitchen,Stainless Steel Cookware Set,"Good product, I'm satisfied.",5,16-03-2024,C309415,Noor Hendriks,2000,25.0
P01648,Electronics,USB-C Docking Station,"It's okay, not great, not terrible.",3,2023-06-01,C953647,,1011,31.0
P09402,Office Supplies,Wireless Computer Mouse,"It's okay, not great, not terrible.",3,12-03-2024,C259814,Noah Martens,5000,56.0
P01484,Electronics,Bluetooth Portable Speaker,"Good product, I'm satisfied.",4,2021-07-10,C268720,Arthur Peeters,3010,38.0
P02353,Home & Kitchen,Air Purifier with HEPA Filter,,2,15-10-2021,C563745,Ava Lefevre,1050,38.0
P03645,Beauty,Anti-Frizz Hair Oil,"It's okay, not great, not terrible.",3,2021-02-04,C613641,Arthur De Wilde,3000,45.0
P05443,Groceries,Extra Virgin Olive Oil,"Good product, I'm satisfied.",4,2024-10-13,C871501,Zoë Janssen,200,44.0
P04614,Books,Marketing Strategy Handbook,"It's okay, not great, not terrible.",3,18-07-2021,C259620,Adam De Smet,1180A,36.0
P02630,Home & Kitchen,Dish Drying Rack,"It's okay, not great, not terrible.",3,2023-05-11,C445642,Finn Vermeulen,3010,27.0
P05900,Groceries,Whole Bean Coffee Dark Roast,"It's okay, not great, not terrible.",3,2023-05-25,C471236,Noah Dubois,1050,27.0
P01507,Electronics,Wireless Keyboard and Mouse Combo,"It's okay, not great, not terrible.",3,2023-08-04,C852671,Noor De Smet,2018,75.0
P02746,Home & Kitchen,Memory Foam Pillow,"It's okay, not great, not terrible.",3,2023-02-11,C968941,Noah Claes,105,32.0
P10513,Garden,Garden Hose 20m,"It's okay, not great, not terrible.",3,2024/06/12,C847545,Léa De Smet,,25.0
P02169,Home & Kitchen,Non-Stick Frying Pan,"It's okay, not great, not terrible.",3,03-02-2024,C581100,Louis Martens,500,20.0
P02794,Home & Kitchen,Dish Drying Rack,"It's okay, not great, not terrible.",3,25-07-2024,C908878,Arthur Dubois,1050,27.0
P01643,Electronics,USB-C Docking Station,"Good product, I'm satisfied.",5,2022/06/11,C626169,Zoë Vermeulen,5000,35.0
P03121,Beauty,Matte Liquid Lipstick,"Good product, I'm satisfied.",4,26-03-2023,C530608,Noah Peeters,3000,45.0
P01103,Electronics,Gaming Mouse Pro Series,Not happy with this product.,1,2021-08-02,C509394,Sophie Dubois,9000,18.0
P02499,Home & Kitchen,Espresso Coffee Machine,"Good product, I'm satisfied.",4,29-04-2024,C829142,Léa De Wilde,3500A,57.0
P05274,Groceries,Whole Bean Coffee Dark Roast,"Good product, I'm satisfied.",5,2021-02-16,C677504,Lucas Claes,3500,29.0
P07442,Toys & Games,Building Blocks Set,"Good product, I'm satisfied.",5,2024/12/06,C276559,Olivia Hendriks,2000,29.0
P06821,Clothing,Formal White Shirt,"Good product, I'm satisfied.",5,2021-08-25,C919351,Adam Bosmans,1050,28.0
P02667,Home & Kitchen,Dish Drying Rack,Not happy with this product.,2,2024/03/06,C309215,Ava Vermeulen,5000,38.0
P01139,Electronics,Gaming Mouse Pro Series,"It's okay, not great, not terrible.",3,2022-10-05,C213668,Finn Lefevre,201,19.0
P07227,Toys & Games,Building Blocks Set,"Good product, I'm satisfied.",4,30-03-2022,C585168,Lucas De Smet,1011,31.0
P04845,Books,Psychology of Habits,Not happy with this product.,2,13-03-2021,C247964,Sophie De Wilde,500,22.0
P06813,Clothing,Formal White Shirt,"Good product, I'm satisfied.",5,2023-02-26,C994005,Sophie Claes,9000,25.0
P10692,Garden,LED Grow Light,"It's okay, not great, not terrible.",3,2022-06-16,C697602,Noah Peeters,3500,41.0
P02948,Home & Kitchen,Air Purifier with HEPA Filter,"It's okay, not great, not terrible.",3,2024-04-12,C561342,Louis Claes,2018,23.0
P02113,Home & Kitchen,Non-Stick Frying Pan,"Good product, I'm satisfied.",5,2021-06-13,C318877,Sophie Claes,2000,38.0
P02679,Home & Kitchen,Stainless Steel Cookware Set,Not happy with this product.,1,2023-05-24,C648635,Louis De Smet,5000,24.0
P02252,Home & Kitchen,Memory Foam Pillow,"Good product, I'm satisfied.",4,2023-09-21,C349266,Finn Lefevre,3010B,27.0
P06767,Clothing,Basic Cotton T-Shirt,"Good product, I'm satisfied.",5,2021-04-23,C994200,Sophie Bosmans,5000,52.0
P07233,Toys & Games,Strategy Board Game,,2,2021-11-19,C111410,Lucas Peeters,9000,31.0
P09194,Office Supplies,Gel Ink Pens Pack,Not happy with this product.,2,2023-04-09,C204777,Olivia Claes,2000,24.0
P02109,Home & Kitchen,Stainless Steel Cookware Set,Not happy with this product.,2,2022-11-18,C412886,Finn De Wilde,2018,19.0
P01886,Electronics,Gaming Mouse Pro Series,"Good product, I'm satisfied.",5,2023-01-09,C763879,Zoë Martens,1011,45.0
P01566,Electronics,Wireless Keyboard and Mouse Combo,"Good product, I'm satisfied.",5,2022/05/22,C330154,Finn Hendriks,1180,43.0
P03709,Beauty,Matte Liquid Lipstick,"Good product, I'm satisfied.",5,2023-09-24,C179728,Ava Martens,1180,35.0
P03216,Beauty,Anti-Frizz Hair Oil,"Good product, I'm satisfied.",5,2023-01-22,C380901,Léa Maes,2000,31.0
P10751,Garden,Garden Hose 20m,"Good product, I'm satisfied.",4,2022/01/26,C167217,Olivia Claes,3500,50.0
P01857,Electronics,4K Ultra HD Smart TV,Not happy with this product.,2,2024-05-05,C846490,Finn Claes,2018B,37.0
P01724,Electronics,Wireless Keyboard and Mouse Combo,"It's okay, not great, not terrible.",3,2021-04-27,C739590,Lucas Martens,1050,30.0
P01114,Electronics,USB-C Docking Station,"Good product, I'm satisfied.",5,2021-11-06,C555481,Léa Hendriks,3500,40.0
P07740,Toys & Games,Strategy Board Game,"Good product, I'm satisfied.",4,2023-10-04,C180213,Noah Maes,3500,26.0
P08812,Sports & Outdoors,Stainless Steel Water Bottle,"Good product, I'm satisfied.",4,2024-01-21,C787628,Noah Peeters,1180,40.0
P02194,Home & Kitchen,Stainless Steel Cookware Set,Not happy with this product.,1,15-11-2022,C765095,Mila Vermeulen,101,38.0
P01222,Electronics,USB-C Docking Station,"It's okay, not great, not terrible.",3,2023-09-30,C143059,Emma Dubois,3500A,
P04213,Books,Thriller Novel: The Last Signal,"Good product, I'm satisfied.",4,2022/06/25,C912555,Adam Bosmans,3010,30.0
P01937,Electronics,USB-C Docking Station,Not happy with this product.,1,2021/04/29,C404162,Lucas Martens,1011,26.0
P04220,Books,Beginner's Guide to Python,"It's okay, not great, not terrible.",3,20-09-2024,C573627,Noor Maes,1011,59.0
P07739,Toys & Games,Plush Teddy Bear,"Good product, I'm satisfied.",5,2022-01-03,C255762,Liam Hendriks,2000,18.0
P02860,Home & Kitchen,Vacuum Cleaner Pro,Not happy with this product.,1,03-03-2022,C940519,Lucas Martens,1011,54.0
P01756,Electronics,Bluetooth Portable Speaker,"Good product, I'm satisfied.",4,18-01-2021,C810029,Olivia Peeters,3500,45.0
P07781,Toys & Games,Building Blocks Set,"Good product, I'm satisfied.",4,2022-10-17,C947931,Adam Bosmans,2000,25.0
P01160,Electronics,Wireless Keyboard and Mouse Combo,"Good product, I'm satisfied.",5,2021-11-16,C436062,Sophie Peeters,3000,48.0
P01396,Electronics,Laptop Stand Aluminum,"Good product, I'm satisfied.",5,2021-10-01,C371661,Emma Dubois,3500,74.0
P06310,Clothing,Slim Fit Jeans,"Good product, I'm satisfied.",4,2021-03-10,C204473,Louis Vermeulen,3000B,45.0
P06977,Clothing,Slim Fit Jeans,"Good product, I'm satisfied.",4,06-07-2022,C332103,Sophie De Smet,2018A,
P01635,Electronics,USB-C Docking Station,"It's okay, not great, not terrible.",3,2023-02-01,C642347,Léa Bosmans,1011,25.0
P01813,Electronics,Wireless Keyboard and Mouse Combo,"It's okay, not great, not terrible.",3,2023-06-13,C178730,Léa De Wilde,2018,38.0
P07535,Toys & Games,Building Blocks Set,"Good product, I'm satisfied.",5,2021-06-21,C240386,Ava Claes,2018,25.0
P03531,Beauty,SPF 50 Daily Sunscreen,"It's okay, not great, not terrible.",3,2022-10-18,C815267,Léa Lefevre,2000,33.0
P01638,Electronics,Smartphone Fast Charger,"Good product, I'm satisfied.",4,2024/04/04,C994378,,2000,51.0
P04514,Books,Cookbook: Easy Weeknight Meals,"It's okay, not great, not terrible.",3,2023-01-31,C842774,Noah Hendriks,3000,36.0
P01803,Electronics,Gaming Mouse Pro Series,"Good product, I'm satisfied.",5,2024-04-16,C163299,Sophie Bosmans,3000,45.0
P09209,Office Supplies,Notebook A5 Lined,"Good product, I'm satisfied.",4,04-08-2024,C992129,Noor Peeters,3010,28.0
P04401,Books,Beginner's Guide to Python,"It's okay, not great, not terrible.",3,08-06-2021,C230182,Noor Bosmans,2000,36.0
P02184,Home & Kitchen,Non-Stick Frying Pan,"Good product, I'm satisfied.",5,2021-03-31,C444722,Emma Bosmans,3500,26.0
P01636,Electronics,Laptop Stand Aluminum,"It's okay, not great, not terrible.",3,2022-06-29,C996212,Noah De Smet,3010,34.0
P09918,Office Supplies,Wireless Computer Mouse,Not happy with this product.,1,2022-09-13,C442836,,201,20.0
P05798,Groceries,Organic Almond Milk,"Good product, I'm satisfied.",4,2022-01-09,C285730,Emma Peeters,1050,57.0
P06284,Clothing,Lightweight Hoodie,Not happy with this product.,1,20-03-2023,C740075,Sophie Hendriks,1011,18.0
P02899,Home & Kitchen,Electric Kettle 1.7L,"Good product, I'm satisfied.",5,2021-06-14,C204560,Noor Vermeulen,350,54.0
P01932,Electronics,4K Ultra HD Smart TV,"Good product, I'm satisfied.",5,2024-07-01,C443778,Léa De Wilde,5000,36.0
P09726,Office Supplies,Notebook A5 Lined,"Good product, I'm satisfied.",5,2021-05-30,C362651,Liam Janssen,1050,19.0
P04117,Books,Cookbook: Easy Weeknight Meals,"Good product, I'm satisfied.",5,2022-07-19,C925902,Ava Bosmans,2000,37.0
P01491,Electronics,Wireless Noise-Cancelling Headphones,"Good product, I'm satisfied.",4,15-02-2024,C653476,Liam Vermeulen,3010,41.0
P02416,Home & Kitchen,Dish Drying Rack,"Good product, I'm satisfied.",5,2024-11-04,C769986,Arthur Martens,9000,37.0
P01957,Electronics,Bluetooth Portable Speaker,"It's okay, not great, not terrible.",3,2023-02-12,C726206,Noor Janssen,5000,44.0
P02607,Home & Kitchen,Vacuum Cleaner Pro,"It's okay, not great, not terrible.",3,2021/04/27,C220105,Mila Hendriks,9000,38.0
P01167,Electronics,Gaming Mouse Pro Series,"It's okay, not great, not terrible.",3,2024-12-03,C613912,Sophie Lefevre,2000,22.0
P02125,Home & Kitchen,Memory Foam Pillow,Not happy with this product.,1,2023-07-01,C828658,Finn Dubois,1050,42.0
P01332,Electronics,Gaming Mouse Pro Series,Not happy with this product.,2,2023-04-10,C611430,Arthur Lefevre,5000B,24.0
P08272,Sports & Outdoors,Yoga Mat Non-Slip,"Good product, I'm satisfied.",4,07-10-2023,C501267,Noah Dubois,1050,
P08451,Sports & Outdoors,Camping Lantern Rechargeable,"Good product, I'm satisfied.",5,11-03-2021,C755710,Lucas Janssen,3010,44.0
P01896,Electronics,USB-C Docking Station,,5,2022-01-13,C629390,,3000,29.0
P02668,Home & Kitchen,Espresso Coffee Machine,,4,11-11-2022,C661916,Emma De Smet,,25.0
P01565,Electronics,4K Ultra HD Smart TV,"It's okay, not great, not terrible.",3,2023-08-20,C498302,Arthur Martens,1011,39.0
P01810,Electronics,USB-C Docking Station,Not happy with this product.,1,2023/01/28,C246837,Noor Martens,300,
P07395,Toys & Games,Educational Puzzle Set,"Good product, I'm satisfied.",5,2022-08-21,C716689,Mila Claes,3500,32.0
P02449,Home & Kitchen,Air Purifier with HEPA Filter,"Good product, I'm satisfied.",4,2024-07-05,C388660,Sophie Maes,3500,41.0
P02330,Home & Kitchen,Air Purifier with HEPA Filter,"It's okay, not great, not terrible.",3,2024-06-06,C118950,Arthur Martens,3010,45.0
P01144,Electronics,Wireless Noise-Cancelling Headphones,"Good product, I'm satisfied.",5,05-04-2022,C385853,Finn Maes,3500A,29.0
P06351,Clothing,Slim Fit Jeans,"It's okay, not great, not terrible.",3,2024-12-25,C859757,Lucas Lefevre,3500,40.0
P04211,Books,Beginner's Guide to Python,"Good product, I'm satisfied.",4,2021-06-09,C472480,Sophie Hendriks,5000,54.0
P06535,Clothing,Running Shoes,Not happy with this product.,2,2023-07-12,C371213,Arthur Hendriks,5000,20.0
P07334,Toys & Games,Educational Puzzle Set,Not happy with this product.,2,2021-11-07,C976552,Olivia Maes,3010,22.0
P03106,Beauty,Volumizing Mascara,"Good product, I'm satisfied.",5,2022-08-12,C612857,Adam Peeters,,44.0
P03913,Beauty,Anti-Frizz Hair Oil,"Good product, I'm satisfied.",5,2022-07-31,C499400,Lucas Dubois,1050,41.0
P08884,Sports & Outdoors,Camping Lantern Rechargeable,,5,28-06-2022,C915324,Ava De Smet,2000,43.0
P06207,Clothing,Lightweight Hoodie,,4,2022-06-04,C387562,Adam Claes,2000,
P01937,Electronics,Laptop Stand Aluminum,"Good product, I'm satisfied.",4,2023-11-24,C926159,Mila Bosmans,2000A,31.0
P02353,Home & Kitchen,Espresso Coffee Machine,Not happy with this product.,1,2024-11-13,C627333,Zoë Bosmans,1050A,21.0
P01625,Electronics,Wireless Noise-Cancelling Headphones,"It's okay, not great, not terrible.",3,2022-10-20,C261564,Liam Hendriks,,28.0
P03930,Beauty,SPF 50 Daily Sunscreen,Not happy with this product.,2,2023-01-11,C884632,Noah Bosmans,2000,29.0
P03195,Beauty,Hydrating Face Serum,"Good product, I'm satisfied.",5,2021-09-07,C283602,Noor De Wilde,900,44.0
P03553,Beauty,Anti-Frizz Hair Oil,"Good product, I'm satisfied.",4,27-10-2022,C469438,,1180,35.0
P10518,Garden,Herb Seeds Mix,"Good product, I'm satisfied.",4,2021-07-25,C667799,Finn Janssen,201,30.0
P01935,Electronics,Gaming Mouse Pro Series,"Good product, I'm satisfied.",4,2021-11-05,C858252,Ava Lefevre,1180,45.0
P10942,Garden,Herb Seeds Mix,"Good product, I'm satisfied.",4,2023/05/26,C127273,Mila Claes,301,
P08384,Sports & Outdoors,Yoga Mat Non-Slip,"It's okay, not great, not terrible.",3,2021-11-25,C413832,Liam Dubois,3500,39.0
P02823,Home & Kitchen,Stainless Steel Cookware Set,"It's okay, not great, not terrible.",3,05-09-2021,C491396,Ava Peeters,3010,39.0
P01587,Electronics,4K Ultra HD Smart TV,"Good product, I'm satisfied.",5,2021-02-16,C992430,Arthur Bosmans,5000,37.0
P05284,Groceries,Gluten-Free Pasta,"Good product, I'm satisfied.",5,2021-11-06,C922460,Liam Hendriks,,32.0
P03220,Beauty,Matte Liquid Lipstick,"It's okay, not great, not terrible.",3,2024-06-28,C870453,Finn Martens,3500A,36.0
P02790,Home & Kitchen,Memory Foam Pillow,"Good product, I'm satisfied.",5,15-11-2022,C826473,,3010,39.0
P01219,Electronics,Wireless Noise-Cancelling Headphones,"It's okay, not great, not terrible.",3,28-07-2022,C483752,Adam De Smet,9000,29.0
P01273,Electronics,Gaming Mouse Pro Series,"It's okay, not great, not terrible.",3,2021/11/28,C789393,Ava Hendriks,9000,34.0
P10803,Garden,LED Grow Light,"Good product, I'm satisfied.",5,07-12-2022,C682896,Arthur De Smet,,44.0
P03786,Beauty,Matte Liquid Lipstick,"Good product, I'm satisfied.",5,2023/03/17,C905880,Adam Maes,9000,28.0
P01554,Electronics,Wireless Keyboard and Mouse Combo,"Good product, I'm satisfied.",5,2024/01/28,C230979,Ava De Wilde,3500,29.0
P06355,Clothing,Lightweight Hoodie,"It's okay, not great, not terrible.",3,2021-09-08,C278028,Noah Hendriks,350,38.0
P02922,Home & Kitchen,Stainless Steel Cookware Set,Not happy with this product.,1,2023-03-03,C388186,Liam Martens,1011,26.0
P01704,Electronics,Wireless Keyboard and Mouse Combo,"Good product, I'm satisfied.",4,24-01-2024,C769951,Noah De Wilde,3000,32.0
P06964,Clothing,Formal White Shirt,"It's okay, not great, not terrible.",3,27-09-2024,C724478,Noah Martens,3010,41.0
P02485,Home & Kitchen,Non-Stick Frying Pan,"Good product, I'm satisfied.",4,2024-07-29,C311804,Zoë De Wilde,1050,22.0
P02370,Home & Kitchen,Memory Foam Pillow,"Good product, I'm satisfied.",4,16-12-2022,C196901,Louis Martens,2018,30.0
P09604,Office Supplies,Ergonomic Office Chair,"Good product, I'm satisfied.",5,2021-10-05,C221761,Liam De Smet,1050,42.0
P02424,Home & Kitchen,Air Purifier with HEPA Filter,,5,05-07-2021,C968937,Ava Peeters,1050,37.0
P01416,Electronics,Wireless Keyboard and Mouse Combo,"It's okay, not great, not terrible.",3,2021-01-17,C732636,Lucas Vermeulen,3500A,31.0
P03100,Beauty,Anti-Frizz Hair Oil,Not happy with this product.,1,2023/01/14,C728038,Lucas Claes,1011,43.0
P01983,Electronics,4K Ultra HD Smart TV,"Good product, I'm satisfied.",4,2023-06-28,C947605,Louis Dubois,9000,32.0
P09690,Office Supplies,Notebook A5 Lined,"Good product, I'm satisfied.",5,2024-04-25,C855914,Mila De Wilde,2018,18.0
P02786,Home & Kitchen,Electric Kettle 1.7L,"Good product, I'm satisfied.",4,2024/07/03,C125073,Zoë Dubois,1011,41.0
P04564,Books,Thriller Novel: The Last Signal,"Good product, I'm satisfied.",4,2024-08-24,C102049,Mila Hendriks,1050,54.0
P01163,Electronics,Smartphone Fast Charger,"It's okay, not great, not terrible.",3,2022/12/22,C703456,Léa Hendriks,500,21.0
P07185,Toys & Games,Educational Puzzle Set,"Good product, I'm satisfied.",5,2021/03/05,C167260,Adam Maes,2000,27.0
P02886,Home & Kitchen,Vacuum Cleaner Pro,"Good product, I'm satisfied.",5,24-04-2021,C235300,Mila Maes,201,35.0
P02429,Home & Kitchen,Air Purifier with HEPA Filter,"Good product, I'm satisfied.",4,2021/06/16,C583783,Arthur Claes,1180,25.0
P02696,Home & Kitchen,Non-Stick Frying Pan,"Good product, I'm satisfied.",5,2024-09-17,C319690,Lucas De Smet,3000,36.0
P01569,Electronics,Bluetooth Portable Speaker,"It's okay, not great, not terrible.",3,2024/05/17,C140983,Mila Lefevre,2000,
P08457,Sports & Outdoors,Camping Lantern Rechargeable,"Good product, I'm satisfied.",5,2022-07-15,C158697,Adam Dubois,9000,36.0
P01614,Electronics,4K Ultra HD Smart TV,,5,2021-02-13,C210678,Léa Hendriks,3500B,49.0
P01612,Electronics,Laptop Stand Aluminum,"Good product, I'm satisfied.",5,2022-04-20,C358787,Mila Maes,3000,19.0
P07294,Toys & Games,Plush Teddy Bear,"Good product, I'm satisfied.",5,2023-08-15,C900190,Olivia Claes,1011,37.0
P02101,Home & Kitchen,Stainless Steel Cookware Set,"Good product, I'm satisfied.",4,2022-09-20,C247094,Mila Maes,1180,39.0
P02792,Home & Kitchen,Non-Stick Frying Pan,"Good product, I'm satisfied.",4,2024-01-01,C119506,Noor Hendriks,5000B,28.0
P01162,Electronics,Wireless Noise-Cancelling Headphones,"It's okay, not great, not terrible.",3,2022-06-26,C587219,Finn Dubois,2000A,41.0
P06730,Clothing,Lightweight Hoodie,Not happy with this product.,2,2021-07-25,C819916,Louis De Smet,3000,38.0
P04858,Books,Marketing Strategy Handbook,"Good product, I'm satisfied.",5,2021-01-17,C928994,Noah Bosmans,3000,37.0
P02693,Home & Kitchen,Memory Foam Pillow,"It's okay, not great, not terrible.",3,09-08-2022,C751846,Léa Dubois,,50.0
P01209,Electronics,Wireless Keyboard and Mouse Combo,"Good product, I'm satisfied.",5,19-11-2021,C543478,Olivia Janssen,2018,42.0
P06114,Clothing,Running Shoes,"Good product, I'm satisfied.",5,2023/10/20,C257817,Zoë Claes,3000,33.0
P02872,Home & Kitchen,Memory Foam Pillow,"Good product, I'm satisfied.",5,2024-05-11,C318216,Louis Vermeulen,1180,32.0
P06421,Clothing,Formal White Shirt,"It's okay, not great, not terrible.",3,29-01-2022,C699268,Lucas Peeters,1180,34.0
P07806,Toys & Games,Building Blocks Set,"Good product, I'm satisfied.",4,2023/12/21,C275044,Liam Dubois,1180,42.0
P06300,Clothing,Formal White Shirt,"Good product, I'm satisfied.",4,2021-10-22,C710756,Louis Hendriks,1050,25.0
P03241,Beauty,Volumizing Mascara,"Good product, I'm satisfied.",5,02-09-2023,C975882,Liam Bosmans,1050,35.0
P05835,Groceries,Whole Bean Coffee Dark Roast,Not happy with this product.,2,10-07-2023,C868881,Liam Peeters,,41.0
P01575,Electronics,Wireless Keyboard and Mouse Combo,"Good product, I'm satisfied.",4,20-05-2024,C535239,Adam Maes,2000,33.0
P02966,Home & Kitchen,Espresso Coffee Machine,"Good product, I'm satisfied.",4,16-05-2021,C871148,Finn Maes,1011,41.0
P09392,Office Supplies,Notebook A5 Lined,"Good product, I'm satisfied.",5,08-08-2024,C158817,Olivia Lefevre,9000B,57.0
P01845,Electronics,USB-C Docking Station,"Good product, I'm satisfied.",4,2021-03-21,C647559,Noor Claes,2000,36.0
P10897,Garden,Herb Seeds Mix,"Good product, I'm satisfied.",4,2024-11-07,C632163,Mila Peeters,1050,39.0
P02624,Home & Kitchen,Memory Foam Pillow,"Good product, I'm satisfied.",4,12-06-2023,C265229,Sophie Janssen,1180,36.0
P10841,Garden,Herb Seeds Mix,"It's okay, not great, not terrible.",3,31-05-2024,C822106,Finn Bosmans,1011,57.0
P09442,Office Supplies,Notebook A5 Lined,"Good product, I'm satisfied.",4,02-12-2021,C992927,Lucas Vermeulen,2018,75.0
P01997,Electronics,Bluetooth Portable Speaker,"It's okay, not great, not terrible.",3,2024-01-08,C995289,Arthur Maes,1011,27.0
P03811,Beauty,Volumizing Mascara,"Good product, I'm satisfied.",4,23-02-2022,C758371,Ava Peeters,3010,34.0
P10293,Garden,Indoor Plant Pot,,1,2023/10/02,C801789,,2000,31.0
P03951,Beauty,Matte Liquid Lipstick,"Good product, I'm satisfied.",5,06-03-2023,C428915,Noor Martens,1011,34.0
P02394,Home & Kitchen,Stainless Steel Cookware Set,Not happy with this product.,2,2023-11-06,C729575,Ava Martens,5000,42.0
P01658,Electronics,Gaming Mouse Pro Series,"Good product, I'm satisfied.",4,2024-05-21,C754018,Emma De Wilde,3000,38.0
P08247,Sports & Outdoors,Stainless Steel Water Bottle,"It's okay, not great, not terrible.",3,19-10-2022,C218475,Mila Dubois,1011,31.0
P02974,Home & Kitchen,Air Purifier with HEPA Filter,"Good product, I'm satisfied.",4,2022-05-16,C316603,Léa Maes,105,21.0
P01316,Electronics,Smartphone Fast Charger,Not happy with this product.,2,22-11-2021,C216006,Finn Vermeulen,1180,31.0
P06191,Clothing,Lightweight Hoodie,"Good product, I'm satisfied.",4,2023-01-20,C647579,Ava Dubois,3010,28.0
P03743,Beauty,Hydrating Face Serum,"Good product, I'm satisfied.",4,12-03-2022,C492972,Adam Hendriks,3010,21.0
P02962,Home & Kitchen,Espresso Coffee Machine,"It's okay, not great, not terrible.",3,2021/07/27,C478686,Mila Peeters,3010,26.0
P01622,Electronics,Wireless Noise-Cancelling Headphones,"Good product, I'm satisfied.",4,2022-06-29,C926369,Emma Peeters,2000,20.0
P02778,Home & Kitchen,Stainless Steel Cookware Set,"Good product, I'm satisfied.",4,23-06-2024,C532603,Louis Janssen,3500,35.0
P03843,Beauty,Matte Liquid Lipstick,"It's okay, not great, not terrible.",3,2024/06/08,C102802,Adam De Wilde,2000,68.0
P06330,Clothing,Running Shoes,"Good product, I'm satisfied.",5,24-05-2024,C168617,Arthur Claes,3000,31.0
P07413,Toys & Games,Educational Puzzle Set,"It's okay, not great, not terrible.",3,2022-02-24,C469651,Arthur Claes,3010,18.0
P07612,Toys & Games,Educational Puzzle Set,"Good product, I'm satisfied.",5,2021-11-23,C772534,Liam De Wilde,3000A,38.0
P03178,Beauty,Hydrating Face Serum,"Good product, I'm satisfied.",5,16-04-2021,C426488,Liam Vermeulen,3000,66.0
P02267,Home & Kitchen,Dish Drying Rack,"Good product, I'm satisfied.",5,2022-04-11,C962595,Louis Lefevre,2018,41.0
P03122,Beauty,Anti-Frizz Hair Oil,"Good product, I'm satisfied.",4,2022-05-04,C604710,Finn Martens,200,36.0
P01346,Electronics,USB-C Docking Station,,5,2023-03-25,C728532,Lucas Dubois,2018,
P02325,Home & Kitchen,Dish Drying Rack,Not happy with this product.,1,2021-09-30,C143926,Emma Vermeulen,301,19.0
P01420,Electronics,USB-C Docking Station,"Good product, I'm satisfied.",5,2021-02-01,C423576,Emma Claes,9000,41.0
P09887,Office Supplies,Notebook A5 Lined,"Good product, I'm satisfied.",5,2022-12-17,C575465,Arthur Bosmans,9000,38.0
P01745,Electronics,Smartphone Fast Charger,"Good product, I'm satisfied.",4,16-11-2022,C646403,Lucas Janssen,5000,36.0
P02787,Home & Kitchen,Memory Foam Pillow,"Good product, I'm satisfied.",5,09-07-2024,C900527,Noor Dubois,3500,39.0
P02862,Home & Kitchen,Electric Kettle 1.7L,"Good product, I'm satisfied.",5,2023/06/09,C804007,,350,39.0
P01146,Electronics,Gaming Mouse Pro Series,"Good product, I'm satisfied.",5,2023/05/25,C893064,Olivia Peeters,3500,44.0
P01307,Electronics,Smartphone Fast Charger,Not happy with this product.,1,31-10-2023,C273875,Zoë Claes,3010,38.0
P03733,Beauty,Volumizing Mascara,"Good product, I'm satisfied.",5,2023-06-18,C685836,Adam Dubois,1180,29.0
P05356,Groceries,Extra Virgin Olive Oil,"Good product, I'm satisfied.",4,2021-11-10,C461912,Sophie Claes,1050,30.0
P02835,Home & Kitchen,Electric Kettle 1.7L,"Good product, I'm satisfied.",5,25-05-2024,C968125,Zoë Lefevre,5000,33.0
P03257,Beauty,Nourishing Shampoo,"Good product, I'm satisfied.",4,2022-11-27,C926927,Sophie Claes,300,26.0
P05901,Groceries,Organic Almond Milk,"It's okay, not great, not terrible.",3,2024-10-18,C997896,Adam De Smet,2018,29.0
P01685,Electronics,4K Ultra HD Smart TV,"It's okay, not great, not terrible.",3,2024-11-13,C946906,,3000,35.0
P07683,Toys & Games,Building Blocks Set,"Good product, I'm satisfied.",4,2021-12-11,C467856,Noor Vermeulen,1011,41.0
P02745,Home & Kitchen,Vacuum Cleaner Pro,"Good product, I'm satisfied.",5,2022-11-07,C499459,Emma Dubois,2000,25.0
P02877,Home & Kitchen,Non-Stick Frying Pan,"Good product, I'm satisfied.",4,16-11-2023,C539950,Mila Martens,9000B,20.0
P01578,Electronics,4K Ultra HD Smart TV,"Good product, I'm satisfied.",5,29-06-2024,C505930,Mila Lefevre,3000,38.0
P01474,Electronics,USB-C Docking Station,"Good product, I'm satisfied.",4,2024-04-23,C475086,Mila De Smet,2018,31.0
P07412,Toys & Games,Strategy Board Game,Not happy with this product.,2,2023-02-21,C909808,Sophie De Wilde,2000,33.0
P01568,Electronics,4K Ultra HD Smart TV,Not happy with this product.,1,2023-06-07,C834296,Adam Hendriks,3000,27.0
P01118,Electronics,Smartphone Fast Charger,"Good product, I'm satisfied.",4,2024-03-21,C164234,Mila De Smet,2000,21.0
P03452,Beauty,Volumizing Mascara,,5,2024-11-11,C271456,Adam Vermeulen,2000,43.0
P01944,Electronics,Wireless Keyboard and Mouse Combo,"Good product, I'm satisfied.",4,24-07-2021,C469566,Zoë De Wilde,500,37.0
P07972,Toys & Games,Strategy Board Game,"It's okay, not great, not terrible.",3,07-11-2021,C898067,Léa De Smet,3000B,41.0
P02433,Home & Kitchen,Espresso Coffee Machine,"Good product, I'm satisfied.",5,2022-02-26,C797694,Mila Dubois,9000,69.0
P01563,Electronics,4K Ultra HD Smart TV,Not happy with this product.,2,2023-10-25,C699649,Zoë Maes,3000,37.0
P02206,Home & Kitchen,Vacuum Cleaner Pro,Not happy with this product.,1,03-04-2021,C145495,Mila Martens,1011,25.0
P08494,Sports & Outdoors,Yoga Mat Non-Slip,"Good product, I'm satisfied.",5,07-06-2022,C693083,Olivia De Smet,1050,
P03345,Beauty,Hydrating Face Serum,"Good product, I'm satisfied.",5,2024-07-19,C895875,,3500,37.0
P03635,Beauty,SPF 50 Daily Sunscreen,"Good product, I'm satisfied.",4,2021-04-03,C733778,Ava De Smet,2018,28.0
P02572,Home & Kitchen,Dish Drying Rack,"It's okay, not great, not terrible.",3,2024-10-08,C910707,Sophie Bosmans,9000,30.0
P07522,Toys & Games,Strategy Board Game,Not happy with this product.,2,2022-06-25,C879952,Arthur Dubois,500,33.0
P06119,Clothing,Running Shoes,"It's okay, not great, not terrible.",3,2021-12-29,C755329,Noah De Smet,1011,29.0
P07929,Toys & Games,Building Blocks Set,Not happy with this product.,1,16-03-2022,C878160,Arthur Hendriks,3010,43.0
P03119,Beauty,Volumizing Mascara,"Good product, I'm satisfied.",5,05-10-2023,C682446,Léa Peeters,5000,51.0
P04978,Books,Beginner's Guide to Python,Not happy with this product.,2,2023-02-13,C701876,Zoë Vermeulen,2000,22.0
P02550,Home & Kitchen,Air Purifier with HEPA Filter,"Good product, I'm satisfied.",5,2021-12-07,C405803,Ava Maes,3010,34.0
P03423,Beauty,Nourishing Shampoo,"Good product, I'm satisfied.",4,2023-08-30,C635271,Ava Martens,9000,33.0
P08380,Sports & Outdoors,Stainless Steel Water Bottle,"Good product, I'm satisfied.",4,2021-10-01,C517196,Lucas Vermeulen,3010,34.0
P01806,Electronics,Smartphone Fast Charger,"It's okay, not great, not terrible.",3,2023-11-04,C395307,Ava Peeters,200,37.0
P01991,Electronics,Wireless Keyboard and Mouse Combo,"Good product, I'm satisfied.",5,2021/04/24,C876959,Léa Bosmans,201,45.0
P08127,Sports & Outdoors,Yoga Mat Non-Slip,"Good product, I'm satisfied.",4,2023/11/03,C679408,Léa Martens,1050,32.0
P04395,Books,Thriller Novel: The Last Signal,"Good product, I'm satisfied.",5,2021/09/17,C921401,,2000,22.0
P01420,Electronics,Bluetooth Portable Speaker,"Good product, I'm satisfied.",5,2022/12/09,C853258,Lucas Bosmans,3500,28.0
P03652,Beauty,Hydrating Face Serum,"Good product, I'm satisfied.",5,29-04-2023,C407142,Noah Peeters,3500,60.0
P07505,Toys & Games,Building Blocks Set,"Good product, I'm satisfied.",5,05-04-2024,C927477,Noah Janssen,5000,27.0
P01102,Electronics,Wireless Noise-Cancelling Headphones,Not happy with this product.,2,22-01-2023,C594097,Olivia Janssen,1050,30.0
P06429,Clothing,Formal White Shirt,"Good product, I'm satisfied.",5,2023-04-18,C396244,Emma De Smet,3010,56.0
P07785,Toys & Games,Educational Puzzle Set,Not happy with this product.,2,2024/07/15,C126886,Noah De Wilde,3000,
P06998,Clothing,Basic Cotton T-Shirt,Not happy with this product.,2,2021-02-20,C656372,Sophie Vermeulen,3000,25.0
P02385,Home & Kitchen,Air Purifier with HEPA Filter,"Good product, I'm satisfied.",4,2024-03-15,C801474,Louis De Smet,9000,19.0
P01908,Electronics,USB-C Docking Station,"It's okay, not great, not terrible.",3,2021-12-23,C926730,Noah De Wilde,3500,27.0
P02154,Home & Kitchen,Dish Drying Rack,"It's okay, not great, not terrible.",3,2021/06/24,C279380,Zoë Hendriks,1011,26.0
P09556,Office Supplies,Ergonomic Office Chair,"Good product, I'm satisfied.",5,03-12-2021,C241463,Arthur Lefevre,1180A,47.0
P01566,Electronics,Wireless Keyboard and Mouse Combo,Not happy with this product.,2,2021-01-02,C319925,Noah Martens,201,36.0
P07197,Toys & Games,Strategy Board Game,,3,2022/03/18,C743895,Arthur Janssen,1180,42.0
P10351,Garden,Garden Hose 20m,,4,2024-10-07,C425175,Adam De Wilde,3500,36.0
P04845,Books,Cookbook: Easy Weeknight Meals,"Good product, I'm satisfied.",5,08-07-2021,C581421,Sophie Lefevre,2000,25.0
P01922,Electronics,4K Ultra HD Smart TV,"Good product, I'm satisfied.",5,2024-10-30,C470377,Ava Janssen,3500A,23.0
P02875,Home & Kitchen,Dish Drying Rack,Not happy with this product.,1,2023-02-07,C355376,Finn Peeters,900,26.0
P07693,Toys & Games,Plush Teddy Bear,"It's okay, not great, not terrible.",3,08-12-2023,C356581,Liam Lefevre,1180,18.0
P09994,Office Supplies,Wireless Computer Mouse,"Good product, I'm satisfied.",4,2024-10-19,C432757,,101,38.0
P02486,Home & Kitchen,Non-Stick Frying Pan,Not happy with this product.,1,14-12-2024,C946450,Ava Vermeulen,3000A,39.0
P06312,Clothing,Basic Cotton T-Shirt,"It's okay, not great, not terrible.",3,11-09-2024,C250157,Ava Lefevre,1180,40.0
P01424,Electronics,Smartphone Fast Charger,"Good product, I'm satisfied.",5,18-06-2023,C685472,Léa Hendriks,2000,29.0
P06147,Clothing,Formal White Shirt,"Good product, I'm satisfied.",4,2022-09-19,C782216,Finn Lefevre,3010,33.0
P08868,Sports & Outdoors,Yoga Mat Non-Slip,"Good product, I'm satisfied.",5,2023-06-19,C413054,,9000,23.0
P02905,Home & Kitchen,Air Purifier with HEPA Filter,"Good product, I'm satisfied.",5,2021-06-02,C517248,Emma De Wilde,2018A,31.0
P04352,Books,Beginner's Guide to Python,"It's okay, not great, not terrible.",3,2024-06-13,C738015,Liam Bosmans,3500,34.0
P01126,Electronics,Laptop Stand Aluminum,"Good product, I'm satisfied.",5,2022-03-04,C565517,Adam Bosmans,5000,37.0
P03521,Beauty,SPF 50 Daily Sunscreen,"Good product, I'm satisfied.",5,12-08-2021,C889013,Zoë Bosmans,1050,31.0
P02400,Home & Kitchen,Vacuum Cleaner Pro,"It's okay, not great, not terrible.",3,07-08-2023,C406049,Arthur Martens,,32.0
P02380,Home & Kitchen,Air Purifier with HEPA Filter,"Good product, I'm satisfied.",4,2022-10-21,C955297,Finn De Smet,2000,61.0
P06181,Clothing,Running Shoes,Not happy with this product.,2,03-02-2024,C648285,Zoë Janssen,3500,30.0
P03924,Beauty,Hydrating Face Serum,"Good product, I'm satisfied.",4,20-02-2023,C678113,Olivia Maes,3500,45.0
P05930,Groceries,Whole Bean Coffee Dark Roast,Not happy with this product.,2,2024-01-06,C508732,Mila Peeters,1050,37.0
P01559,Electronics,Laptop Stand Aluminum,"Good product, I'm satisfied.",5,2024-09-26,C403586,Emma Hendriks,5000,34.0
P01256,Electronics,Wireless Keyboard and Mouse Combo,"It's okay, not great, not terrible.",3,06-05-2021,C672266,Ava Dubois,3500,74.0
P06834,Clothing,Formal White Shirt,"Good product, I'm satisfied.",5,2023-12-09,C533434,Sophie Peeters,5000,29.0
P08775,Sports & Outdoors,Camping Lantern Rechargeable,"Good product, I'm satisfied.",4,2022-04-20,C516381,Emma Vermeulen,9000,52.0
P01650,Electronics,Bluetooth Portable Speaker,"Good product, I'm satisfied.",5,2022-03-31,C161154,Adam Peeters,3010,31.0
P02174,Home & Kitchen,Dish Drying Rack,"Good product, I'm satisfied.",5,17-09-2024,C152907,Olivia De Wilde,1050,26.0
P04727,Books,Marketing Strategy Handbook,"Good product, I'm satisfied.",5,2024/08/23,C560527,Noor Claes,5000,22.0
P06137,Clothing,Lightweight Hoodie,"Good product, I'm satisfied.",5,2021-03-27,C407696,Noah Janssen,1011,63.0
P01563,Electronics,Wireless Keyboard and Mouse Combo,"Good product, I'm satisfied.",5,2023-01-12,C605056,Arthur Claes,3010,32.0
P01147,Electronics,USB-C Docking Station,"Good product, I'm satisfied.",5,2021-07-30,C159383,Louis De Wilde,9000,21.0
P01776,Electronics,Wireless Noise-Cancelling Headphones,"Good product, I'm satisfied.",5,10-09-2022,C287524,Louis Hendriks,300,19.0
P03258,Beauty,Anti-Frizz Hair Oil,"It's okay, not great, not terrible.",3,2021-10-11,C198867,Emma Claes,3010,34.0
P02253,Home & Kitchen,Espresso Coffee Machine,"Good product, I'm satisfied.",4,2023-06-07,C387348,Adam Vermeulen,3010B,25.0
P02433,Home & Kitchen,Memory Foam Pillow,Not happy with this product.,1,18-04-2022,C785859,,1050,38.0
P06743,Clothing,Running Shoes,"Good product, I'm satisfied.",5,11-01-2024,C936653,Sophie Martens,,46.0
P01799,Electronics,4K Ultra HD Smart TV,Not happy with this product.,2,2024-05-03,C556542,Noah Hendriks,3000B,33.0
P07958,Toys & Games,Building Blocks Set,"Good product, I'm satisfied.",5,2021-11-23,C844421,,2000,41.0
P02996,Home & Kitchen,Air Purifier with HEPA Filter,"Good product, I'm satisfied.",4,2024-11-23,C196079,Adam De Smet,3000,33.0
P02928,Home & Kitchen,Espresso Coffee Machine,"Good product, I'm satisfied.",4,04-03-2021,C965135,Ava De Wilde,9000,32.0
P05435,Groceries,Granola with Nuts,Not happy with this product.,1,2024-04-01,C906634,Adam De Wilde,3010,39.0
P07517,Toys & Games,Strategy Board Game,"Good product, I'm satisfied.",4,2022-02-25,C785101,Finn Janssen,1011A,21.0
P08592,Sports & Outdoors,Camping Lantern Rechargeable,"Good product, I'm satisfied.",5,2022-04-14,C247515,Olivia Maes,1011,32.0
P04332,Books,Thriller Novel: The Last Signal,"Good product, I'm satisfied.",5,2022-10-05,C553208,Mila Hendriks,3010,18.0
P02493,Home & Kitchen,Espresso Coffee Machine,,4,06-08-2024,C944637,Ava Hendriks,5000,28.0
P06348,Clothing,Lightweight Hoodie,Not happy with this product.,2,2024-08-24,C458742,Zoë Lefevre,5000,26.0
P06720,Clothing,Basic Cotton T-Shirt,"Good product, I'm satisfied.",5,18-04-2024,C926222,Noah Lefevre,3010,42.0
P02295,Home & Kitchen,Vacuum Cleaner Pro,"Good product, I'm satisfied.",5,2021-09-26,C574631,Mila Peeters,3010,19.0
P07789,Toys & Games,Plush Teddy Bear,"It's okay, not great, not terrible.",3,2021-08-25,C541047,Finn Lefevre,1011,44.0
P04161,Books,Beginner's Guide to Python,,4,2022/05/09,C750335,Sophie Claes,3010,42.0
P04533,Books,Psychology of Habits,"Good product, I'm satisfied.",4,2024-02-28,C780718,Noor Bosmans,1180,36.0
P04145,Books,Cookbook: Easy Weeknight Meals,"Good product, I'm satisfied.",4,16-11-2021,C957915,Noah De Smet,300,44.0
P03335,Beauty,SPF 50 Daily Sunscreen,"Good product, I'm satisfied.",4,2023-04-03,C390648,Finn Peeters,1180,40.0
P02651,Home & Kitchen,Stainless Steel Cookware Set,"Good product, I'm satisfied.",4,2023-05-16,C441958,Emma Claes,1180,43.0
P06898,Clothing,Slim Fit Jeans,"Good product, I'm satisfied.",4,2021-12-10,C841287,Finn Peeters,2000,33.0
P03291,Beauty,SPF 50 Daily Sunscreen,"Good product, I'm satisfied.",4,19-02-2023,C127491,Zoë De Wilde,3010B,42.0
P08419,Sports & Outdoors,Yoga Mat Non-Slip,"It's okay, not great, not terrible.",3,15-11-2024,C711188,Lucas Peeters,1050,40.0
P09322,Office Supplies,Wireless Computer Mouse,"Good product, I'm satisfied.",5,2021-06-10,C901217,Léa Lefevre,9000,31.0
P06406,Clothing,Formal White Shirt,"Good product, I'm satisfied.",4,2021/03/07,C441919,Finn Janssen,3500,64.0
P01611,Electronics,Bluetooth Portable Speaker,"Good product, I'm satisfied.",4,2022-03-26,C736490,Ava De Smet,5000,26.0
P08319,Sports & Outdoors,Stainless Steel Water Bottle,"Good product, I'm satisfied.",4,2022-06-09,C494114,Louis Hendriks,3000B,40.0
P02256,Home & Kitchen,Non-Stick Frying Pan,"It's okay, not great, not terrible.",3,16-07-2021,C700400,Sophie Bosmans,3010,28.0
P01532,Electronics,Wireless Keyboard and Mouse Combo,Not happy with this product.,1,2022-09-24,C919698,Ava Claes,900,45.0
P06420,Clothing,Lightweight Hoodie,Not happy with this product.,2,2024-01-20,C423528,Zoë Janssen,1011,42.0
P01568,Electronics,Laptop Stand Aluminum,"Good product, I'm satisfied.",5,2023-05-03,C800474,Lucas De Wilde,1011,35.0
P01409,Electronics,USB-C Docking Station,"Good product, I'm satisfied.",5,2022-03-06,C680404,Ava Dubois,3000,43.0
P07243,Toys & Games,Strategy Board Game,"Good product, I'm satisfied.",5,26-12-2022,C328872,Noah Maes,9000,40.0
P02314,Home & Kitchen,Dish Drying Rack,"Good product, I'm satisfied.",5,2022-10-12,C291530,Ava Martens,5000,28.0
P01472,Electronics,Gaming Mouse Pro Series,"Good product, I'm satisfied.",4,04-06-2021,C557169,Noah Claes,2018,34.0
P10469,Garden,Garden Hose 20m,"It's okay, not great, not terrible.",3,08-12-2022,C946883,Noor Peeters,3500,28.0
P02939,Home & Kitchen,Stainless Steel Cookware Set,"It's okay, not great, not terrible.",3,2023-01-16,C928902,Zoë Vermeulen,5000,22.0
P01856,Electronics,Wireless Keyboard and Mouse Combo,"It's okay, not great, not terrible.",3,2021-03-23,C444656,Olivia Vermeulen,1180,25.0
P10326,Garden,LED Grow Light,"Good product, I'm satisfied.",5,2024-10-15,C789081,Olivia De Wilde,105,27.0
P01285,Electronics,Gaming Mouse Pro Series,"It's okay, not great, not terrible.",3,2021-01-15,C456955,Léa Lefevre,2000,40.0
P09726,Office Supplies,Ergonomic Office Chair,"Good product, I'm satisfied.",4,2023-03-03,C553402,Noah Janssen,5000,43.0
P01326,Electronics,Smartphone Fast Charger,Not happy with this product.,1,2024-12-20,C148582,Mila Vermeulen,1050,35.0
P03782,Beauty,Hydrating Face Serum,,5,2023-05-26,C478603,Mila Dubois,1050B,39.0
P04921,Books,Cookbook: Easy Weeknight Meals,Not happy with this product.,2,25-12-2021,C376160,Léa Vermeulen,,26.0
P02741,Home & Kitchen,Dish Drying Rack,"Good product, I'm satisfied.",4,2023-03-09,C660226,Adam Dubois,3000,23.0
P08982,Sports & Outdoors,Camping Lantern Rechargeable,"Good product, I'm satisfied.",5,2024-01-06,C504032,Liam Lefevre,3010,25.0
P01219,Electronics,Wireless Noise-Cancelling Headphones,Not happy with this product.,2,2024-07-28,C707307,Léa Vermeulen,1180,35.0
P02275,Home & Kitchen,Memory Foam Pillow,"Good product, I'm satisfied.",5,2023/04/20,C186970,Léa De Smet,118,43.0
P06478,Clothing,Formal White Shirt,"Good product, I'm satisfied.",4,2023-08-16,C418801,Ava Martens,3010,43.0
P02649,Home & Kitchen,Vacuum Cleaner Pro,"Good product, I'm satisfied.",5,2022-07-31,C107706,Zoë Hendriks,1050,31.0
P01164,Electronics,Smartphone Fast Charger,"Good product, I'm satisfied.",5,01-12-2023,C123107,Adam De Smet,1180,35.0
P06817,Clothing,Running Shoes,Not happy with this product.,2,17-12-2024,C359369,Sophie Lefevre,3000,30.0
P01743,Electronics,Laptop Stand Aluminum,"Good product, I'm satisfied.",5,2022/11/19,C219028,Sophie Bosmans,2018,29.0
P08335,Sports & Outdoors,Running Shorts,"Good product, I'm satisfied.",5,2024-08-16,C523978,Sophie Lefevre,3500A,31.0
P02733,Home & Kitchen,Vacuum Cleaner Pro,"Good product, I'm satisfied.",4,2023/03/22,C738221,Sophie Bosmans,1050,40.0
P10424,Garden,LED Grow Light,"It's okay, not great, not terrible.",3,2021/01/12,C220318,Mila Maes,350,23.0
P05795,Groceries,Granola with Nuts,"Good product, I'm satisfied.",5,2022-04-30,C599555,Lucas De Smet,3500,38.0
P02685,Home & Kitchen,Non-Stick Frying Pan,"Good product, I'm satisfied.",4,2021-04-18,C490917,Liam Maes,2018,48.0
P09933,Office Supplies,Notebook A5 Lined,"It's okay, not great, not terrible.",3,2023-11-30,C870310,Zoë Bosmans,3010,30.0
P01643,Electronics,Bluetooth Portable Speaker,"It's okay, not great, not terrible.",3,2023-01-03,C565474,Lucas Claes,3500,19.0
P01817,Electronics,Wireless Noise-Cancelling Headphones,"Good product, I'm satisfied.",5,2021-08-06,C989455,Liam Martens,1011,39.0
P03526,Beauty,Anti-Frizz Hair Oil,Not happy with this product.,2,2021-11-15,C793647,Louis Lefevre,,24.0
P01832,Electronics,Laptop Stand Aluminum,"Good product, I'm satisfied.",4,12-05-2021,C583493,Arthur Maes,2018,50.0
P04982,Books,Cookbook: Easy Weeknight Meals,"Good product, I'm satisfied.",4,2021-02-12,C995521,Emma De Smet,1011,31.0
P08110,Sports & Outdoors,Yoga Mat Non-Slip,"Good product, I'm satisfied.",5,2024/12/03,C265579,Adam Lefevre,3000,30.0
P08802,Sports & Outdoors,Yoga Mat Non-Slip,"It's okay, not great, not terrible.",3,2023-03-27,C485178,Noor Hendriks,3000,18.0
P09324,Office Supplies,Gel Ink Pens Pack,"Good product, I'm satisfied.",5,2023-10-17,C993780,Olivia Dubois,3500,36.0
P01909,Electronics,Wireless Noise-Cancelling Headphones,"Good product, I'm satisfied.",5,2023-12-12,C637705,Louis Maes,9000,28.0
P01616,Electronics,4K Ultra HD Smart TV,"Good product, I'm satisfied.",4,2021-12-04,C903774,Léa Martens,2018A,39.0
P03364,Beauty,Matte Liquid Lipstick,"Good product, I'm satisfied.",4,2022-07-08,C358838,Zoë Claes,1011A,27.0
P08522,Sports & Outdoors,Stainless Steel Water Bottle,"Good product, I'm satisfied.",5,24-04-2023,C125990,Olivia Bosmans,9000,18.0
P01292,Electronics,USB-C Docking Station,"It's okay, not great, not terrible.",3,2023/09/29,C798201,Adam Hendriks,1180A,30.0
P07495,Toys & Games,Educational Puzzle Set,"Good product, I'm satisfied.",5,07-06-2022,C833007,Zoë Janssen,9000,20.0
P01385,Electronics,Wireless Keyboard and Mouse Combo,Not happy with this product.,2,2024/11/19,C585126,Olivia De Wilde,300,57.0
P01402,Electronics,4K Ultra HD Smart TV,"Good product, I'm satisfied.",5,09-12-2023,C869046,Emma Bosmans,1011,25.0
P01417,Electronics,Laptop Stand Aluminum,"It's okay, not great, not terrible.",3,2021-04-16,C634931,Louis Peeters,1050,33.0
P09990,Office Supplies,Wireless Computer Mouse,"Good product, I'm satisfied.",4,2023-02-20,C480693,Emma Maes,3500,75.0
P03645,Beauty,Volumizing Mascara,"Good product, I'm satisfied.",4,26-03-2021,C899229,Finn Peeters,9000,33.0
P01817,Electronics,4K Ultra HD Smart TV,Not happy with this product.,1,2023-03-02,C379346,Noah Vermeulen,9000,39.0
P06220,Clothing,Slim Fit Jeans,"Good product, I'm satisfied.",4,07-05-2023,C425707,Arthur Claes,1180,39.0
P02441,Home & Kitchen,Non-Stick Frying Pan,"Good product, I'm satisfied.",4,2024-11-15,C723210,Liam Vermeulen,200,41.0
P03650,Beauty,Hydrating Face Serum,"It's okay, not great, not terrible.",3,12-03-2023,C722745,Noah Janssen,1180,28.0
P02283,Home & Kitchen,Vacuum Cleaner Pro,"Good product, I'm satisfied.",4,2021/07/13,C168744,Léa Lefevre,5000,30.0
P10794,Garden,Garden Hose 20m,"Good product, I'm satisfied.",4,08-10-2022,C827021,,3010,38.0
P04477,Books,Cookbook: Easy Weeknight Meals,"Good product, I'm satisfied.",5,25-01-2024,C720432,Louis De Smet,900,46.0
P02677,Home & Kitchen,Vacuum Cleaner Pro,"Good product, I'm satisfied.",4,2022-10-13,C258906,Olivia Janssen,9000,43.0
P09377,Office Supplies,Gel Ink Pens Pack,Not happy with this product.,2,2021-08-04,C404601,Zoë Dubois,1011,43.0
P09152,Office Supplies,Wireless Computer Mouse,"It's okay, not great, not terrible.",3,2022-04-17,C818588,Olivia Peeters,300,28.0
P02982,Home & Kitchen,Air Purifier with HEPA Filter,"Good product, I'm satisfied.",4,2024-02-25,C433507,Liam De Wilde,1011,26.0
P02300,Home & Kitchen,Memory Foam Pillow,"Good product, I'm satisfied.",4,2021/02/13,C813322,Ava Lefevre,1180,
P07331,Toys & Games,Strategy Board Game,Not happy with this product.,2,13-01-2024,C851720,Finn Dubois,9000,44.0
P05595,Groceries,Extra Virgin Olive Oil,"Good product, I'm satisfied.",4,2022-10-19,C607137,,3500,
P05952,Groceries,Gluten-Free Pasta,"It's okay, not great, not terrible.",3,03-03-2021,C413678,Adam Maes,2000,43.0
P02255,Home & Kitchen,Air Purifier with HEPA Filter,"It's okay, not great, not terrible.",3,2022-03-27,C124069,Noor De Wilde,1180,30.0
P06203,Clothing,Basic Cotton T-Shirt,Not happy with this product.,2,2024-03-27,C336696,Zoë De Wilde,5000B,18.0
P06389,Clothing,Basic Cotton T-Shirt,"Good product, I'm satisfied.",4,2024-06-01,C219550,Léa Peeters,,57.0
P01756,Electronics,Bluetooth Portable Speaker,"Good product, I'm satisfied.",4,2023-02-02,C867274,Louis Dubois,1050,29.0
P06669,Clothing,Lightweight Hoodie,"It's okay, not great, not terrible.",3,2023-06-27,C460220,,1011,28.0
P05334,Groceries,Gluten-Free Pasta,Not happy with this product.,1,04-04-2023,C352683,Noah Martens,118,47.0
P06242,Clothing,Lightweight Hoodie,Not happy with this product.,2,2022-03-02,C976097,Finn De Wilde,2018,43.0
P09572,Office Supplies,Gel Ink Pens Pack,"It's okay, not great, not terrible.",3,2022-07-30,C609454,Sophie Janssen,1180,38.0
P03542,Beauty,Anti-Frizz Hair Oil,"Good product, I'm satisfied.",4,2024-10-25,C953145,Lucas Hendriks,1180,25.0
P01826,Electronics,Smartphone Fast Charger,Not happy with this product.,1,2023-04-16,C266071,Ava Maes,3000,29.0
P04490,Books,Thriller Novel: The Last Signal,"Good product, I'm satisfied.",4,2021-11-25,C450299,Mila Maes,3500,29.0
P07570,Toys & Games,Building Blocks Set,"It's okay, not great, not terrible.",3,2022-04-17,C225521,Léa Dubois,1180,24.0
P01397,Electronics,Laptop Stand Aluminum,"It's okay, not great, not terrible.",3,2021-03-22,C780783,Liam Lefevre,3500,43.0
P03988,Beauty,Anti-Frizz Hair Oil,"Good product, I'm satisfied.",4,2021-05-09,C771980,,2018,31.0
P01684,Electronics,Gaming Mouse Pro Series,"Good product, I'm satisfied.",4,2021-05-17,C738693,Sophie De Wilde,1050,45.0
P01713,Electronics,Gaming Mouse Pro Series,Not happy with this product.,2,2021/04/09,C864273,Arthur Lefevre,2018,42.0
P02860,Home & Kitchen,Espresso Coffee Machine,"Good product, I'm satisfied.",4,03-05-2022,C916639,Finn Maes,9000,28.0
P02700,Home & Kitchen,Dish Drying Rack,"Good product, I'm satisfied.",5,2024-11-15,C653327,Noor Dubois,1011,43.0
P05185,Groceries,Extra Virgin Olive Oil,,4,2024-11-23,C206436,Mila Maes,2000,31.0
P06219,Clothing,Lightweight Hoodie,Not happy with this product.,1,2021-05-19,C225335,Noor Maes,5000,34.0
P03141,Beauty,Nourishing Shampoo,Not happy with this product.,2,29-03-2021,C951213,Louis Hendriks,5000,44.0
P01587,Electronics,Wireless Noise-Cancelling Headphones,"It's okay, not great, not terrible.",3,2021/08/31,C794037,Noor Claes,3000,37.0
P02410,Home & Kitchen,Espresso Coffee Machine,"Good product, I'm satisfied.",5,2024-05-03,C363021,Emma Hendriks,3010,35.0
P01224,Electronics,4K Ultra HD Smart TV,Not happy with this product.,2,2022-04-15,C468232,Adam Hendriks,350,
P08334,Sports & Outdoors,Stainless Steel Water Bottle,"Good product, I'm satisfied.",5,2022-12-31,C312616,Adam De Smet,300,40.0
P05199,Groceries,Organic Almond Milk,"It's okay, not great, not terrible.",3,2023/12/02,C321321,Noor Janssen,1011,35.0
P05666,Groceries,Whole Bean Coffee Dark Roast,"Good product, I'm satisfied.",5,2022-05-31,C126468,Lucas Janssen,9000,41.0
P03844,Beauty,Anti-Frizz Hair Oil,"Good product, I'm satisfied.",5,2024-08-06,C311922,Ava Hendriks,900,25.0
P07621,Toys & Games,Plush Teddy Bear,"Good product, I'm satisfied.",4,11-06-2021,C101526,,,20.0
P07376,Toys & Games,Educational Puzzle Set,Not happy with this product.,2,2022-08-03,C908937,Noah Martens,2018,40.0
P01198,Electronics,Gaming Mouse Pro Series,"Good product, I'm satisfied.",4,2022-12-27,C710098,Mila De Smet,3000B,35.0
P04105,Books,Psychology of Habits,"Good product, I'm satisfied.",5,2023-05-08,C533351,,2018,19.0
P10813,Garden,Herb Seeds Mix,Not happy with this product.,2,2021-10-27,C929868,Emma Martens,1180B,33.0
P07121,Toys & Games,Building Blocks Set,"Good product, I'm satisfied.",5,2022/02/23,C665087,Adam Hendriks,5000,58.0
P01349,Electronics,4K Ultra HD Smart TV,"Good product, I'm satisfied.",4,2023/03/22,C556839,Finn Lefevre,1050,18.0
P06327,Clothing,Basic Cotton T-Shirt,"It's okay, not great, not terrible.",3,20-06-2024,C325228,Adam Claes,3010,25.0
P02534,Home & Kitchen,Stainless Steel Cookware Set,"Good product, I'm satisfied.",4,2022-12-18,C181292,Adam Vermeulen,300,25.0
P03724,Beauty,Anti-Frizz Hair Oil,"It's okay, not great, not terrible.",3,2022-12-07,C334118,Emma Lefevre,2018,67.0
P02832,Home & Kitchen,Non-Stick Frying Pan,Not happy with this product.,2,2022-04-16,C506539,Sophie Martens,2000,21.0
P06951,Clothing,Running Shoes,Not happy with this product.,2,20-09-2024,C897005,Olivia Martens,3010,45.0
P06978,Clothing,Lightweight Hoodie,"Good product, I'm satisfied.",5,20-08-2022,C243592,Lucas Peeters,2000,45.0
P03523,Beauty,Anti-Frizz Hair Oil,Not happy with this product.,1,2023-02-06,C393654,Adam Martens,2000,35.0
P01737,Electronics,Laptop Stand Aluminum,Not happy with this product.,2,2023-03-12,C462663,Lucas Bosmans,2000,45.0
P01301,Electronics,USB-C Docking Station,"Good product, I'm satisfied.",4,2023-09-30,C579776,Liam Vermeulen,1050,43.0
P08140,Sports & Outdoors,Running Shorts,Not happy with this product.,1,2022/01/24,C174287,Liam Claes,9000,44.0
P01791,Electronics,Wireless Noise-Cancelling Headphones,"Good product, I'm satisfied.",5,2024-07-11,C463071,Olivia Lefevre,1180,29.0
P01233,Electronics,Laptop Stand Aluminum,Not happy with this product.,1,2024-10-18,C599387,Noah Claes,,24.0
P04735,Books,Psychology of Habits,"It's okay, not great, not terrible.",3,04-09-2022,C475422,Lucas De Smet,350,43.0
P09688,Office Supplies,Wireless Computer Mouse,"Good product, I'm satisfied.",4,17-06-2022,C936016,,3010,25.0
P09308,Office Supplies,Gel Ink Pens Pack,"Good product, I'm satisfied.",4,2023-04-30,C491131,Léa Hendriks,2000,20.0
P08249,Sports & Outdoors,Yoga Mat Non-Slip,Not happy with this product.,2,2021-05-20,C799486,Olivia Maes,3000,38.0
P01938,Electronics,USB-C Docking Station,"Good product, I'm satisfied.",5,2023-05-14,C831381,Léa Martens,2018,23.0
P02303,Home & Kitchen,Electric Kettle 1.7L,"Good product, I'm satisfied.",5,2023-06-01,C806022,Léa De Smet,3500A,59.0
P02675,Home & Kitchen,Memory Foam Pillow,"Good product, I'm satisfied.",5,2023/09/20,C253218,Léa Vermeulen,3010,45.0
P01352,Electronics,USB-C Docking Station,"Good product, I'm satisfied.",4,08-11-2022,C672817,Ava Peeters,5000,40.0
P02314,Home & Kitchen,Vacuum Cleaner Pro,"Good product, I'm satisfied.",4,02-04-2023,C685606,Léa Maes,3500,20.0
P08181,Sports & Outdoors,Yoga Mat Non-Slip,Not happy with this product.,2,2022-07-16,C942902,Arthur De Smet,9000,
P01223,Electronics,Bluetooth Portable Speaker,"Good product, I'm satisfied.",5,23-01-2021,C602081,Sophie De Smet,3500,45.0
P02648,Home & Kitchen,Memory Foam Pillow,"It's okay, not great, not terrible.",3,2022-08-10,C910575,,3500,34.0
P06174,Clothing,Formal White Shirt,"Good product, I'm satisfied.",5,2024/01/14,C147489,Mila Martens,3000,34.0
P07419,Toys & Games,Building Blocks Set,"Good product, I'm satisfied.",4,2023-01-21,C106542,Sophie Claes,2000,29.0
P07527,Toys & Games,Building Blocks Set,"Good product, I'm satisfied.",4,2021-06-20,C233585,Noah Hendriks,1011,44.0
P05175,Groceries,Whole Bean Coffee Dark Roast,"It's okay, not great, not terrible.",3,19-05-2023,C563187,Lucas De Wilde,5000,37.0
P03112,Beauty,Volumizing Mascara,"Good product, I'm satisfied.",5,2022-02-27,C326936,Adam Dubois,1180,37.0
P02598,Home & Kitchen,Air Purifier with HEPA Filter,,3,10-04-2022,C816084,Finn Hendriks,,30.0
P01827,Electronics,Wireless Noise-Cancelling Headphones,"Good product, I'm satisfied.",5,2024/05/13,C398868,Adam Martens,2018,38.0
P01890,Electronics,Bluetooth Portable Speaker,"It's okay, not great, not terrible.",3,2023-04-26,C631461,Zoë Janssen,2000,24.0
P01319,Electronics,Smartphone Fast Charger,"Good product, I'm satisfied.",5,2022-12-13,C417608,Lucas De Wilde,3010,75.0
P09310,Office Supplies,Wireless Computer Mouse,Not happy with this product.,2,2023-06-20,C497530,Léa Lefevre,1050,43.0
P01663,Electronics,Bluetooth Portable Speaker,"Good product, I'm satisfied.",5,2023-09-12,C705242,Olivia Peeters,1180,32.0
P06679,Clothing,Running Shoes,"Good product, I'm satisfied.",5,2023-10-28,C199051,Mila Peeters,2018,27.0
P02643,Home & Kitchen,Dish Drying Rack,"Good product, I'm satisfied.",4,2021-12-29,C876797,Mila Maes,1011,32.0
P07339,Toys & Games,Strategy Board Game,"Good product, I'm satisfied.",4,2021-07-21,C721045,Lucas De Wilde,101,23.0
P05411,Groceries,Whole Bean Coffee Dark Roast,Not happy with this product.,2,2024-07-26,C695848,Mila Claes,3500,71.0
P07316,Toys & Games,Plush Teddy Bear,"It's okay, not great, not terrible.",3,2021-12-16,C277039,Mila Janssen,2018B,26.0
P07899,Toys & Games,Strategy Board Game,"Good product, I'm satisfied.",5,2024-03-22,C706366,Louis Bosmans,1011,41.0
P02155,Home & Kitchen,Dish Drying Rack,"Good product, I'm satisfied.",5,2022/08/24,C251728,Adam De Smet,350,45.0
P01644,Electronics,Laptop Stand Aluminum,"It's okay, not great, not terrible.",3,17-09-2021,C616645,Zoë Vermeulen,1050,42.0
P08543,Sports & Outdoors,Camping Lantern Rechargeable,"Good product, I'm satisfied.",5,2024-06-10,C712368,Emma Martens,,34.0
P07221,Toys & Games,Plush Teddy Bear,"It's okay, not great, not terrible.",3,2023-10-13,C131417,Adam Lefevre,5000,23.0
P01876,Electronics,Laptop Stand Aluminum,Not happy with this product.,1,2021-01-07,C678898,Arthur Maes,3500,35.0
P01438,Electronics,Bluetooth Portable Speaker,"It's okay, not great, not terrible.",3,10-04-2023,C687044,Mila Claes,3500,25.0
P01382,Electronics,USB-C Docking Station,"Good product, I'm satisfied.",4,05-02-2023,C496330,Arthur Bosmans,1011,36.0
P01697,Electronics,Smartphone Fast Charger,"Good product, I'm satisfied.",4,2022-10-10,C291575,Louis Peeters,1180,38.0
P04987,Books,Beginner's Guide to Python,"It's okay, not great, not terrible.",3,2022-11-02,C584125,Olivia Janssen,1050,20.0
P01426,Electronics,Laptop Stand Aluminum,"Good product, I'm satisfied.",4,25-03-2024,C405605,Arthur Bosmans,1050,21.0
P05623,Groceries,Whole Bean Coffee Dark Roast,"It's okay, not great, not terrible.",3,2021-12-05,C623957,Sophie De Wilde,1180,39.0
P01971,Electronics,Wireless Noise-Cancelling Headphones,"Good product, I'm satisfied.",4,2024-01-31,C887524,Zoë Maes,3000,43.0
P07210,Toys & Games,Building Blocks Set,"Good product, I'm satisfied.",4,28-10-2021,C714026,Louis Hendriks,3010,
P05794,Groceries,Extra Virgin Olive Oil,"Good product, I'm satisfied.",5,2022-10-16,C169078,Finn Vermeulen,5000,40.0
P01735,Electronics,4K Ultra HD Smart TV,"Good product, I'm satisfied.",4,2022-04-01,C739548,Mila Bosmans,2000,40.0
P01781,Electronics,Laptop Stand Aluminum,"Good product, I'm satisfied.",4,2023-12-19,C544269,Noah Bosmans,1180,29.0
P01687,Electronics,Bluetooth Portable Speaker,"Good product, I'm satisfied.",4,2021/03/22,C721121,Olivia Dubois,3500B,62.0
P01583,Electronics,Wireless Noise-Cancelling Headphones,"Good product, I'm satisfied.",4,2021-02-16,C240230,Emma Peeters,3500,27.0
P03450,Beauty,Hydrating Face Serum,"Good product, I'm satisfied.",5,2024-02-10,C876344,Noor Bosmans,2000,40.0
P10281,Garden,Herb Seeds Mix,"It's okay, not great, not terrible.",3,2024-02-05,C516965,Louis Peeters,3000A,41.0
P01658,Electronics,Bluetooth Portable Speaker,Not happy with this product.,2,2024-09-15,C408036,,5000,39.0
P07754,Toys & Games,Educational Puzzle Set,Not happy with this product.,2,2024-04-23,C334546,Sophie Peeters,3000,42.0
P05506,Groceries,Granola with Nuts,"Good product, I'm satisfied.",4,2024-07-08,C849747,Noah Peeters,1011,
P05528,Groceries,Organic Almond Milk,Not happy with this product.,1,2022-02-27,C519912,,3010,
P06108,Clothing,Formal White Shirt,"It's okay, not great, not terrible.",3,2021/02/24,C111190,Zoë Dubois,2000,38.0
P06271,Clothing,Lightweight Hoodie,"It's okay, not great, not terrible.",3,2022-06-24,C524659,Adam Maes,5000,29.0
P06139,Clothing,Basic Cotton T-Shirt,"Good product, I'm satisfied.",5,10-11-2021,C487484,Emma De Wilde,3500,38.0
P03901,Beauty,Volumizing Mascara,Not happy with this product.,2,2024-08-08,C910822,Louis Lefevre,3500,
P01772,Electronics,Wireless Noise-Cancelling Headphones,"Good product, I'm satisfied.",4,2021-11-24,C301640,Emma Maes,2000,28.0
P01823,Electronics,Gaming Mouse Pro Series,Not happy with this product.,1,2022/04/24,C396451,Arthur Claes,3010,59.0
P01283,Electronics,Laptop Stand Aluminum,"Good product, I'm satisfied.",4,2021-08-06,C271487,Mila Hendriks,3000,45.0
P08848,Sports & Outdoors,Yoga Mat Non-Slip,Not happy with this product.,1,2022/05/08,C266037,Sophie Peeters,5000,38.0
P01967,Electronics,Wireless Keyboard and Mouse Combo,Not happy with this product.,2,2024/12/29,C521126,Mila Hendriks,,29.0
P05252,Groceries,Gluten-Free Pasta,Not happy with this product.,1,2024-06-29,C265146,Ava Peeters,,35.0
P01574,Electronics,Smartphone Fast Charger,"Good product, I'm satisfied.",4,2024-05-28,C158551,,9000,30.0
P01320,Electronics,Smartphone Fast Charger,Not happy with this product.,2,2021/11/26,C946699,Sophie Hendriks,2018,45.0
P03775,Beauty,Matte Liquid Lipstick,"Good product, I'm satisfied.",4,2021/06/03,C778569,Arthur De Smet,2000,39.0
P02385,Home & Kitchen,Electric Kettle 1.7L,"It's okay, not great, not terrible.",3,2021/09/27,C610944,Ava Hendriks,2018,36.0
P01231,Electronics,Laptop Stand Aluminum,"Good product, I'm satisfied.",4,06-11-2021,C544126,Adam Vermeulen,2018,37.0
P07547,Toys & Games,Plush Teddy Bear,"Good product, I'm satisfied.",4,22-11-2023,C291905,Noah Bosmans,3010,28.0
P01594,Electronics,Bluetooth Portable Speaker,"Good product, I'm satisfied.",4,2021-05-10,C611833,Liam Lefevre,1050A,67.0
P09674,Office Supplies,Wireless Computer Mouse,"Good product, I'm satisfied.",4,2022-02-15,C860973,Lucas Dubois,1180A,46.0
P02588,Home & Kitchen,Electric Kettle 1.7L,"It's okay, not great, not terrible.",3,2024-08-04,C599888,Louis Vermeulen,3500,39.0
P01438,Electronics,Bluetooth Portable Speaker,"Good product, I'm satisfied.",5,2021-06-30,C258070,Liam Martens,,18.0
P05922,Groceries,Extra Virgin Olive Oil,"Good product, I'm satisfied.",5,2024/07/17,C773730,Emma Bosmans,1180B,42.0
P02342,Home & Kitchen,Stainless Steel Cookware Set,"It's okay, not great, not terrible.",3,2021-07-28,C573682,Noah Hendriks,201,39.0
P01237,Electronics,Laptop Stand Aluminum,,4,04-01-2024,C986440,Adam Peeters,1180,25.0
P02169,Home & Kitchen,Electric Kettle 1.7L,"Good product, I'm satisfied.",5,2022/11/01,C586513,Sophie Maes,1180,44.0
P02811,Home & Kitchen,Stainless Steel Cookware Set,"It's okay, not great, not terrible.",3,22-01-2023,C804542,Ava Bosmans,1180,36.0
P03874,Beauty,Hydrating Face Serum,"Good product, I'm satisfied.",4,2024-09-28,C684426,Louis Lefevre,2000B,35.0
P09120,Office Supplies,Ergonomic Office Chair,"It's okay, not great, not terrible.",3,2023/10/04,C454278,Adam Vermeulen,3000,34.0
P02770,Home & Kitchen,Espresso Coffee Machine,"It's okay, not great, not terrible.",3,2022/01/05,C789150,Mila Martens,3500,26.0
P09672,Office Supplies,Ergonomic Office Chair,"Good product, I'm satisfied.",5,2022-08-14,C395532,Liam Bosmans,9000,29.0
P02705,Home & Kitchen,Air Purifier with HEPA Filter,"Good product, I'm satisfied.",5,2023/05/06,C256206,,2000,41.0
P10306,Garden,LED Grow Light,"Good product, I'm satisfied.",5,22-09-2021,C103872,Noor Maes,1050,37.0
P06893,Clothing,Running Shoes,"It's okay, not great, not terrible.",3,2021-06-30,C145474,Louis Hendriks,1050A,26.0
P09708,Office Supplies,Ergonomic Office Chair,"Good product, I'm satisfied.",5,2022/10/26,C638462,Noah Martens,301,52.0
P01898,Electronics,USB-C Docking Station,"It's okay, not great, not terrible.",3,12-12-2022,C488514,Léa De Smet,2018,29.0
P02708,Home & Kitchen,Espresso Coffee Machine,Not happy with this product.,1,2024/08/04,C807594,Sophie Bosmans,3500,44.0
P01260,Electronics,Bluetooth Portable Speaker,"Good product, I'm satisfied.",5,2024-02-29,C304216,Emma Martens,1050,
P01996,Electronics,Smartphone Fast Charger,"It's okay, not great, not terrible.",3,2023/05/02,C598675,Lucas Peeters,2018,28.0
P02360,Home & Kitchen,Air Purifier with HEPA Filter,"It's okay, not great, not terrible.",3,2024-10-24,C994680,,3000A,32.0
P10630,Garden,Indoor Plant Pot,,1,2022-03-31,C241647,Zoë Vermeulen,1050B,62.0
P03849,Beauty,Volumizing Mascara,"It's okay, not great, not terrible.",3,2021-12-25,C138390,Noor Bosmans,300,40.0
P01870,Electronics,Laptop Stand Aluminum,Not happy with this product.,2,2021-01-10,C500429,Noah Maes,1050,42.0
P06420,Clothing,Running Shoes,"It's okay, not great, not terrible.",3,07-10-2021,C495044,Zoë Maes,900,19.0
P02591,Home & Kitchen,Memory Foam Pillow,"It's okay, not great, not terrible.",3,2024-06-16,C369600,Louis Maes,,30.0
P01315,Electronics,Smartphone Fast Charger,"It's okay, not great, not terrible.",3,2024-07-04,C152427,Arthur Peeters,5000,40.0
P04511,Books,Cookbook: Easy Weeknight Meals,Not happy with this product.,2,2023-06-05,C280247,Finn Dubois,2018,43.0
P01512,Electronics,Laptop Stand Aluminum,"Good product, I'm satisfied.",5,22-06-2022,C146463,Olivia Maes,3000,32.0
P03806,Beauty,Volumizing Mascara,"Good product, I'm satisfied.",5,03-12-2024,C122913,Olivia Peeters,1050,39.0
P03178,Beauty,Anti-Frizz Hair Oil,"Good product, I'm satisfied.",4,2023-04-26,C147285,Noor Peeters,3010,43.0
P08553,Sports & Outdoors,Yoga Mat Non-Slip,"Good product, I'm satisfied.",4,2024-06-28,C439327,Mila De Wilde,2018,25.0
P10434,Garden,LED Grow Light,"Good product, I'm satisfied.",4,2023-12-23,C213105,,1011,34.0
P02494,Home & Kitchen,Stainless Steel Cookware Set,"Good product, I'm satisfied.",5,2022-06-22,C230763,Noor De Smet,3000A,33.0
P07653,Toys & Games,Educational Puzzle Set,,5,28-11-2023,C347941,Zoë Peeters,3500,45.0
P02232,Home & Kitchen,Memory Foam Pillow,Not happy with this product.,2,2022-03-12,C838747,Noor Maes,2000,57.0
P02138,Home & Kitchen,Dish Drying Rack,Not happy with this product.,1,2022-07-30,C507369,Zoë Vermeulen,2018,42.0
P02957,Home & Kitchen,Electric Kettle 1.7L,"Good product, I'm satisfied.",4,2024-05-16,C329537,Louis Hendriks,2000,28.0
P01412,Electronics,4K Ultra HD Smart TV,"Good product, I'm satisfied.",5,2024-07-23,C526261,Léa Martens,9000,26.0
P01772,Electronics,USB-C Docking Station,"Good product, I'm satisfied.",4,2021/02/18,C381955,Arthur De Wilde,3500,33.0
P08281,Sports & Outdoors,Yoga Mat Non-Slip,"Good product, I'm satisfied.",4,2021-11-03,C241498,Finn Vermeulen,9000,27.0
P04598,Books,Thriller Novel: The Last Signal,"Good product, I'm satisfied.",5,2024-12-02,C830809,Ava De Wilde,9000,37.0
P01668,Electronics,Wireless Keyboard and Mouse Combo,"Good product, I'm satisfied.",5,27-09-2022,C742690,Emma De Smet,200,37.0
P02165,Home & Kitchen,Espresso Coffee Machine,"Good product, I'm satisfied.",5,2022-07-20,C561834,Olivia Vermeulen,500,29.0
P01197,Electronics,Bluetooth Portable Speaker,"Good product, I'm satisfied.",5,2023/01/13,C760759,Zoë Peeters,2018A,28.0
P03287,Beauty,Matte Liquid Lipstick,"Good product, I'm satisfied.",4,2023/09/01,C870593,Olivia Lefevre,1011,41.0
P01938,Electronics,USB-C Docking Station,"Good product, I'm satisfied.",5,2023-11-19,C766430,Olivia Martens,350,32.0
P05740,Groceries,Gluten-Free Pasta,"Good product, I'm satisfied.",5,07-05-2022,C172149,Noor Bosmans,2018,32.0
P03913,Beauty,SPF 50 Daily Sunscreen,"Good product, I'm satisfied.",5,2022-06-13,C382014,Liam Maes,1011A,45.0
P01742,Electronics,Gaming Mouse Pro Series,"Good product, I'm satisfied.",4,2024/04/23,C598261,Olivia De Wilde,1011B,37.0
P01717,Electronics,Smartphone Fast Charger,"Good product, I'm satisfied.",5,06-07-2022,C847140,Liam Peeters,3500,22.0
P02621,Home & Kitchen,Dish Drying Rack,"It's okay, not great, not terrible.",3,2022-11-08,C456442,Liam Hendriks,3000,40.0
P02621,Home & Kitchen,Electric Kettle 1.7L,"Good product, I'm satisfied.",5,2023-08-26,C839677,Ava Lefevre,201,44.0
P06235,Clothing,Slim Fit Jeans,"Good product, I'm satisfied.",5,2021/06/25,C115920,Ava Hendriks,2018,26.0
P10340,Garden,LED Grow Light,"Good product, I'm satisfied.",5,2021/04/01,C823176,Louis Janssen,1180,32.0
P01157,Electronics,Smartphone Fast Charger,"Good product, I'm satisfied.",5,2024-12-12,C883281,Olivia Peeters,2000,26.0
P03777,Beauty,Matte Liquid Lipstick,"Good product, I'm satisfied.",5,2022-10-05,C705461,Ava Peeters,,18.0
P07161,Toys & Games,Building Blocks Set,"Good product, I'm satisfied.",5,2021-12-08,C256397,Louis Claes,3000B,39.0
P01707,Electronics,Bluetooth Portable Speaker,"Good product, I'm satisfied.",4,2023-12-12,C836334,Ava Martens,5000,26.0
P02686,Home & Kitchen,Dish Drying Rack,"Good product, I'm satisfied.",4,2023/11/20,C820047,Liam De Wilde,1180,34.0
P01776,Electronics,Wireless Noise-Cancelling Headphones,"Good product, I'm satisfied.",5,2021-08-13,C385742,Finn Hendriks,3500,44.0
P06682,Clothing,Running Shoes,"Good product, I'm satisfied.",5,09-12-2021,C886038,Louis Bosmans,3000,26.0
P06442,Clothing,Running Shoes,"It's okay, not great, not terrible.",3,2024-08-25,C305282,Lucas Vermeulen,2000,67.0
P04567,Books,Psychology of Habits,Not happy with this product.,2,2022/10/09,C662851,Lucas Bosmans,3010,46.0
P05260,Groceries,Granola with Nuts,"It's okay, not great, not terrible.",3,2022-02-25,C593683,Liam Dubois,3500,41.0
P05472,Groceries,Extra Virgin Olive Oil,"It's okay, not great, not terrible.",3,2022-09-21,C585884,Noor Lefevre,3500,39.0
P05864,Groceries,Gluten-Free Pasta,"Good product, I'm satisfied.",5,2022-03-01,C803729,Mila Claes,3500,30.0
P08872,Sports & Outdoors,Running Shorts,Not happy with this product.,1,2022-12-12,C831758,Louis Dubois,900,45.0
P02404,Home & Kitchen,Non-Stick Frying Pan,"Good product, I'm satisfied.",5,2021-04-20,C488584,Lucas De Wilde,1050,75.0
P04867,Books,Cookbook: Easy Weeknight Meals,"Good product, I'm satisfied.",5,2021-06-24,C978202,Emma Martens,3000,28.0
P07282,Toys & Games,Plush Teddy Bear,Not happy with this product.,1,2024-12-10,C934042,Noor Lefevre,3500,18.0
P03167,Beauty,Matte Liquid Lipstick,"It's okay, not great, not terrible.",3,24-06-2024,C657980,Liam Vermeulen,1180,33.0
P02795,Home & Kitchen,Memory Foam Pillow,"Good product, I'm satisfied.",5,2022-01-16,C881303,Emma De Smet,2018A,29.0
P02519,Home & Kitchen,Air Purifier with HEPA Filter,"It's okay, not great, not terrible.",3,01-01-2022,C827629,Ava Dubois,5000A,28.0
P01382,Electronics,Wireless Keyboard and Mouse Combo,"Good product, I'm satisfied.",5,2021-02-10,C657343,Finn Janssen,1050,41.0
P02682,Home & Kitchen,Electric Kettle 1.7L,Not happy with this product.,2,19-11-2023,C963013,Arthur Martens,201,41.0
P07121,Toys & Games,Educational Puzzle Set,Not happy with this product.,1,2023-03-10,C520967,Finn Vermeulen,9000,32.0
P04560,Books,Cookbook: Easy Weeknight Meals,Not happy with this product.,2,2024-06-17,C128085,Mila De Wilde,2018,33.0
P06225,Clothing,Slim Fit Jeans,Not happy with this product.,1,27-04-2022,C490479,Arthur Dubois,5000,26.0
P02893,Home & Kitchen,Memory Foam Pillow,"It's okay, not great, not terrible.",3,2024-04-27,C152756,Zoë Dubois,,43.0
P05497,Groceries,Whole Bean Coffee Dark Roast,"Good product, I'm satisfied.",4,2024-11-27,C356904,Mila Claes,3010,
P04834,Books,Beginner's Guide to Python,"It's okay, not great, not terrible.",3,12-09-2022,C335635,Finn Lefevre,118,30.0
P01690,Electronics,USB-C Docking Station,Not happy with this product.,1,2022/06/30,C202727,Arthur Dubois,9000,30.0
P01275,Electronics,Wireless Noise-Cancelling Headphones,"It's okay, not great, not terrible.",3,04-06-2024,C622937,Noor Lefevre,1050,23.0
P02811,Home & Kitchen,Stainless Steel Cookware Set,"It's okay, not great, not terrible.",3,2022-01-02,C786642,Louis Peeters,,31.0
P06406,Clothing,Lightweight Hoodie,"It's okay, not great, not terrible.",3,24-03-2023,C500127,Noor Lefevre,1011,18.0
P02257,Home & Kitchen,Memory Foam Pillow,"Good product, I'm satisfied.",4,25-08-2024,C804321,Zoë De Smet,1180,26.0
P06602,Clothing,Running Shoes,"Good product, I'm satisfied.",4,19-11-2024,C528187,Emma De Wilde,1180,60.0
P02811,Home & Kitchen,Electric Kettle 1.7L,"It's okay, not great, not terrible.",3,2021/01/06,C486999,Louis Claes,3000,36.0
P08171,Sports & Outdoors,Camping Lantern Rechargeable,"Good product, I'm satisfied.",4,2024/06/25,C805077,Zoë Martens,3500,60.0
P07212,Toys & Games,Strategy Board Game,Not happy with this product.,2,2022-12-06,C213119,Léa Janssen,9000B,44.0
P02152,Home & Kitchen,Dish Drying Rack,"Good product, I'm satisfied.",4,2024-12-31,C450067,Emma Peeters,1180,44.0
P01224,Electronics,Wireless Noise-Cancelling Headphones,"It's okay, not great, not terrible.",3,2024-05-10,C830032,Noor Lefevre,1011A,42.0
P01193,Electronics,Wireless Keyboard and Mouse Combo,"Good product, I'm satisfied.",5,2024-07-04,C819265,Finn Martens,1050,28.0
P05168,Groceries,Gluten-Free Pasta,"Good product, I'm satisfied.",5,15-04-2021,C196039,Emma De Wilde,2000,36.0
P02847,Home & Kitchen,Electric Kettle 1.7L,Not happy with this product.,1,2024-02-18,C601368,Emma Claes,9000,44.0
P09615,Office Supplies,Ergonomic Office Chair,"Good product, I'm satisfied.",5,2024-08-19,C978133,Noor De Smet,1011,69.0
P04725,Books,Cookbook: Easy Weeknight Meals,"Good product, I'm satisfied.",4,2023-02-08,C961915,Noor Janssen,3000B,18.0
P09592,Office Supplies,Wireless Computer Mouse,"Good product, I'm satisfied.",4,09-07-2023,C489434,,1050,20.0
P08269,Sports & Outdoors,Yoga Mat Non-Slip,"It's okay, not great, not terrible.",3,2023-03-11,C559008,,1011,43.0
P03162,Beauty,Anti-Frizz Hair Oil,Not happy with this product.,1,2023-09-04,C884309,Lucas Janssen,201,48.0
P03771,Beauty,SPF 50 Daily Sunscreen,,5,03-02-2021,C560215,Noah De Wilde,3500,20.0
P02195,Home & Kitchen,Espresso Coffee Machine,"Good product, I'm satisfied.",5,23-07-2024,C511209,Ava Maes,3010,37.0
P01488,Electronics,Bluetooth Portable Speaker,"Good product, I'm satisfied.",4,01-01-2023,C328783,Liam De Wilde,1180,36.0
P02601,Home & Kitchen,Air Purifier with HEPA Filter,"Good product, I'm satisfied.",4,2021-01-05,C733544,Louis Peeters,200,
P03437,Beauty,Volumizing Mascara,"It's okay, not great, not terrible.",3,2022/04/29,C972765,Finn Bosmans,900,33.0
P01316,Electronics,Wireless Noise-Cancelling Headphones,"Good product, I'm satisfied.",4,2021-01-30,C548128,Louis Martens,900,41.0
P05536,Groceries,Extra Virgin Olive Oil,Not happy with this product.,1,2021/10/11,C310198,Emma Peeters,3500A,23.0
P01198,Electronics,4K Ultra HD Smart TV,"Good product, I'm satisfied.",5,2024-10-28,C909751,Arthur Hendriks,3500,25.0
P03150,Beauty,Anti-Frizz Hair Oil,"Good product, I'm satisfied.",5,2021-12-10,C846261,Finn Maes,2000,32.0
P03157,Beauty,Hydrating Face Serum,Not happy with this product.,1,2024-05-20,C783134,Lucas Janssen,1011,41.0
P01954,Electronics,Wireless Noise-Cancelling Headphones,,3,2022/02/09,C763646,Noor Dubois,1180,32.0
P01729,Electronics,Wireless Keyboard and Mouse Combo,"Good product, I'm satisfied.",4,2021-08-29,C728950,,3500,25.0
P10560,Garden,LED Grow Light,"It's okay, not great, not terrible.",3,2024-06-16,C337011,Arthur Janssen,118,25.0
P01955,Electronics,4K Ultra HD Smart TV,Very easy to use and install. I use it almost every day for electronics tasks and it performs very well.,5,05-12-2023,C650173,Adam Claes,1011A,43.0
P01960,Electronics,Gaming Mouse Pro Series,"Good product, I'm satisfied.",5,2024/03/05,C494482,Sophie Lefevre,5000,26.0
P10471,Garden,LED Grow Light,"Good product, I'm satisfied.",5,13-02-2021,C598306,Arthur Martens,3010A,32.0
P05131,Groceries,Extra Virgin Olive Oil,"Good product, I'm satisfied.",4,2021-09-10,C972503,Adam Hendriks,1180,30.0
P07810,Toys & Games,Educational Puzzle Set,"It's okay, not great, not terrible.",3,02-07-2021,C238595,Louis Peeters,300,34.0
P02182,Home & Kitchen,Stainless Steel Cookware Set,"It's okay, not great, not terrible.",3,2022/03/07,C697525,Zoë Claes,1050,44.0
P08774,Sports & Outdoors,Stainless Steel Water Bottle,Not happy with this product.,2,2024-03-20,C104004,Louis Dubois,3000,
P04260,Books,Thriller Novel: The Last Signal,Not happy with this product.,2,2022-07-15,C722691,Louis Martens,9000,30.0
P02182,Home & Kitchen,Stainless Steel Cookware Set,Not happy with this product.,1,2021-01-28,C193811,Léa Vermeulen,5000,40.0
P02361,Home & Kitchen,Espresso Coffee Machine,Not happy with this product.,2,2022/06/10,C440887,,1011B,46.0
P05211,Groceries,Granola with Nuts,"It's okay, not great, not terrible.",3,2021-11-11,C188947,Léa Dubois,1180,20.0
P06855,Clothing,Lightweight Hoodie,"Good product, I'm satisfied.",5,2021-12-01,C227907,Lucas Vermeulen,3500,71.0
P01670,Electronics,Laptop Stand Aluminum,Not happy with this product.,2,2021-03-27,C948847,Sophie Dubois,9000,41.0
P02911,Home & Kitchen,Memory Foam Pillow,"Good product, I'm satisfied.",4,2021-10-27,C293317,Mila Lefevre,3500,30.0
P06225,Clothing,Formal White Shirt,"Good product, I'm satisfied.",4,2022-01-17,C788991,Arthur Peeters,1050A,37.0
P06504,Clothing,Slim Fit Jeans,"It's okay, not great, not terrible.",3,2022-09-26,C866469,Finn Maes,500,48.0
P09493,Office Supplies,Wireless Computer Mouse,Not happy with this product.,2,20-07-2024,C950038,Arthur Maes,2000,23.0
P01997,Electronics,Laptop Stand Aluminum,"Good product, I'm satisfied.",5,2024-10-14,C675030,Finn Hendriks,200,30.0
P04205,Books,Psychology of Habits,,5,2021/12/07,C117497,Zoë Bosmans,9000,32.0
P02729,Home & Kitchen,Espresso Coffee Machine,Not happy with this product.,1,2021-04-17,C188115,,2000,33.0
P04909,Books,Cookbook: Easy Weeknight Meals,"It's okay, not great, not terrible.",3,2023-08-04,C120692,Noah Martens,9000B,23.0
P04992,Books,Marketing Strategy Handbook,"Good product, I'm satisfied.",4,2023-11-16,C735933,Louis Claes,1180,29.0
P03262,Beauty,Hydrating Face Serum,"It's okay, not great, not terrible.",3,2024-05-28,C505041,Olivia Lefevre,5000,37.0
P08166,Sports & Outdoors,Running Shorts,"It's okay, not great, not terrible.",3,2024-09-10,C549415,Louis De Wilde,200,41.0
P02863,Home & Kitchen,Vacuum Cleaner Pro,"Good product, I'm satisfied.",4,2022-02-06,C481203,Finn Claes,5000,26.0
P01225,Electronics,Wireless Noise-Cancelling Headphones,"Good product, I'm satisfied.",5,2023/04/06,C781080,Léa Peeters,3000,31.0
P02973,Home & Kitchen,Espresso Coffee Machine,"Good product, I'm satisfied.",5,2022-10-09,C313257,Léa Martens,5000,29.0
P03490,Beauty,Anti-Frizz Hair Oil,Not happy with this product.,2,2023-03-28,C197046,Mila Vermeulen,900,20.0
P02761,Home & Kitchen,Stainless Steel Cookware Set,"Good product, I'm satisfied.",4,2024-12-19,C451402,Léa Lefevre,9000,29.0
P02607,Home & Kitchen,Vacuum Cleaner Pro,Not happy with this product.,1,2022-09-28,C116939,Ava Janssen,,59.0
P01535,Electronics,4K Ultra HD Smart TV,Not happy with this product.,1,19-09-2023,C824375,Léa Peeters,,41.0
P06692,Clothing,Lightweight Hoodie,"Good product, I'm satisfied.",4,2021-04-13,C802835,Zoë Claes,3010,33.0
P09542,Office Supplies,Wireless Computer Mouse,"Good product, I'm satisfied.",5,17-07-2024,C936283,Noah Dubois,1011,38.0
P02243,Home & Kitchen,Non-Stick Frying Pan,Not happy with this product.,2,2022-04-27,C258932,Liam Maes,1050,38.0
P03488,Beauty,SPF 50 Daily Sunscreen,"Good product, I'm satisfied.",5,2022-01-08,C452737,Emma Claes,1050,44.0
P06706,Clothing,Lightweight Hoodie,"It's okay, not great, not terrible.",3,2022-10-11,C687386,Léa Hendriks,1050,30.0
P10646,Garden,LED Grow Light,Not happy with this product.,2,2023-05-07,C855781,Olivia Janssen,1011,24.0
P02696,Home & Kitchen,Espresso Coffee Machine,"Good product, I'm satisfied.",5,2021-11-23,C981123,Finn Hendriks,2000,42.0
P06202,Clothing,Running Shoes,"Good product, I'm satisfied.",4,2023-01-27,C184464,Zoë Hendriks,3000,45.0
P01590,Electronics,Laptop Stand Aluminum,"Good product, I'm satisfied.",5,2023-07-16,C949049,Léa Bosmans,3000,38.0
P01293,Electronics,Smartphone Fast Charger,,3,22-10-2024,C784511,Zoë Peeters,3000,35.0
P07937,Toys & Games,Building Blocks Set,"Good product, I'm satisfied.",5,10-04-2024,C711433,Léa De Wilde,9000,62.0
P01463,Electronics,USB-C Docking Station,"Good product, I'm satisfied.",5,2023-10-24,C755602,Ava De Smet,2000,24.0
P05706,Groceries,Organic Almond Milk,"It's okay, not great, not terrible.",3,2022-01-01,C259825,Liam Bosmans,300,45.0
P01112,Electronics,Laptop Stand Aluminum,"It's okay, not great, not terrible.",3,2022-08-11,C117538,Noor Bosmans,1180,
P03168,Beauty,Anti-Frizz Hair Oil,Not happy with this product.,1,10-12-2023,C906473,Léa Vermeulen,1011A,39.0
P01646,Electronics,Wireless Noise-Cancelling Headphones,"Good product, I'm satisfied.",4,2022/07/23,C349788,Ava Janssen,1011,32.0
P08446,Sports & Outdoors,Stainless Steel Water Bottle,"Good product, I'm satisfied.",5,2023-04-02,C318361,,3500,41.0
P05671,Groceries,Granola with Nuts,"Good product, I'm satisfied.",4,2023-09-13,C407504,Olivia Hendriks,1050,29.0
P02523,Home & Kitchen,Vacuum Cleaner Pro,"Good product, I'm satisfied.",4,2022-11-06,C930583,Arthur Peeters,5000,56.0
P07740,Toys & Games,Building Blocks Set,,2,24-02-2023,C991968,Noor Dubois,1180,32.0
P06849,Clothing,Formal White Shirt,Not happy with this product.,2,2021/01/09,C182398,Mila Vermeulen,3500,25.0
P06427,Clothing,Running Shoes,"Good product, I'm satisfied.",5,2023-08-07,C631148,Sophie Lefevre,2018,26.0
P02451,Home & Kitchen,Vacuum Cleaner Pro,Not happy with this product.,2,28-12-2023,C760173,Arthur Lefevre,1180,40.0
P06176,Clothing,Lightweight Hoodie,Not happy with this product.,1,2022-07-20,C618276,Zoë Janssen,1050,29.0
P02887,Home & Kitchen,Dish Drying Rack,"Good product, I'm satisfied.",5,2023-08-29,C906389,Emma De Smet,201,38.0
P02102,Home & Kitchen,Vacuum Cleaner Pro,"Good product, I'm satisfied.",4,2021-12-13,C203326,Noah Maes,900,23.0
P02858,Home & Kitchen,Memory Foam Pillow,Not happy with this product.,2,03-04-2022,C943001,Noah Maes,5000B,37.0
P01770,Electronics,Bluetooth Portable Speaker,"Good product, I'm satisfied.",5,2024/09/25,C900882,Noah Maes,3010,23.0
P01550,Electronics,USB-C Docking Station,,3,2021/09/20,C837635,Finn Maes,1180,19.0
P07777,Toys & Games,Building Blocks Set,Not happy with this product.,2,2023-02-11,C453123,Zoë De Wilde,,24.0
P01384,Electronics,4K Ultra HD Smart TV,"It's okay, not great, not terrible.",3,2021/07/16,C212681,Noor Maes,1180,22.0
P06118,Clothing,Basic Cotton T-Shirt,"Good product, I'm satisfied.",4,2024-09-19,C456424,Lucas Claes,9000,70.0
P02374,Home & Kitchen,Vacuum Cleaner Pro,"Good product, I'm satisfied.",5,2023-11-23,C174872,Zoë Lefevre,2018,33.0
P02921,Home & Kitchen,Air Purifier with HEPA Filter,Not happy with this product.,2,2024-05-16,C733715,Sophie Claes,2000,39.0
P06907,Clothing,Lightweight Hoodie,"Good product, I'm satisfied.",4,13-01-2022,C398158,Noah De Smet,1180,29.0
P08495,Sports & Outdoors,Camping Lantern Rechargeable,"Good product, I'm satisfied.",4,2023/01/23,C455505,Olivia Claes,2018,38.0
P01428,Electronics,USB-C Docking Station,"Good product, I'm satisfied.",4,11-06-2023,C926147,Arthur Vermeulen,105,41.0
P04400,Books,Cookbook: Easy Weeknight Meals,"Good product, I'm satisfied.",5,2022-07-23,C896409,Ava Martens,1180,49.0
P02544,Home & Kitchen,Stainless Steel Cookware Set,Not happy with this product.,2,08-06-2023,C828956,Emma Vermeulen,1180B,28.0
P08741,Sports & Outdoors,Stainless Steel Water Bottle,"Good product, I'm satisfied.",4,2022/12/07,C811721,Mila Maes,1180,38.0
P06947,Clothing,Slim Fit Jeans,"It's okay, not great, not terrible.",3,06-05-2021,C319226,Noah Dubois,9000,31.0
P07712,Toys & Games,Strategy Board Game,"Good product, I'm satisfied.",4,22-06-2024,C258388,Lucas Peeters,105,28.0
P01832,Electronics,Wireless Keyboard and Mouse Combo,Not happy with this product.,1,16-03-2024,C371577,Liam Janssen,5000B,45.0
P06737,Clothing,Running Shoes,"Good product, I'm satisfied.",4,2024-03-07,C212783,Finn Lefevre,3000,22.0
P01763,Electronics,Smartphone Fast Charger,"Good product, I'm satisfied.",5,2021-05-27,C256226,Zoë Vermeulen,1011,20.0
P03573,Beauty,Hydrating Face Serum,"Good product, I'm satisfied.",5,2023-12-11,C433555,Emma Bosmans,9000,32.0
P02339,Home & Kitchen,Vacuum Cleaner Pro,"It's okay, not great, not terrible.",3,2021/04/21,C897311,Mila Hendriks,3000,45.0
P07794,Toys & Games,Educational Puzzle Set,"Good product, I'm satisfied.",5,2023-12-07,C152408,Sophie Lefevre,1011,45.0
P02107,Home & Kitchen,Stainless Steel Cookware Set,"Good product, I'm satisfied.",5,16-08-2021,C150237,Sophie Peeters,2000B,38.0
P10533,Garden,LED Grow Light,"It's okay, not great, not terrible.",3,2023/11/30,C790130,Emma De Smet,1011,43.0
P01472,Electronics,Wireless Keyboard and Mouse Combo,Not happy with this product.,2,2021-03-14,C501583,Zoë Dubois,1180,35.0
P08847,Sports & Outdoors,Running Shorts,"Good product, I'm satisfied.",5,2024-03-12,C357836,Noor Dubois,3000,20.0
P08816,Sports & Outdoors,Yoga Mat Non-Slip,"Good product, I'm satisfied.",4,2022-12-22,C623376,Sophie Claes,2018,56.0
P02825,Home & Kitchen,Vacuum Cleaner Pro,"Good product, I'm satisfied.",5,28-02-2023,C622127,Ava Hendriks,3500,44.0
P03669,Beauty,Volumizing Mascara,Not happy with this product.,1,2024-12-09,C120678,Noor Claes,2000,23.0
P07935,Toys & Games,Building Blocks Set,"It's okay, not great, not terrible.",3,2023-06-11,C953478,Arthur Lefevre,1050,32.0
P08476,Sports & Outdoors,Stainless Steel Water Bottle,"Good product, I'm satisfied.",4,01-08-2022,C811256,Finn Claes,2018,72.0
P10108,Garden,Herb Seeds Mix,"Good product, I'm satisfied.",4,2023-12-24,C327482,Liam Janssen,2018,36.0
P01800,Electronics,4K Ultra HD Smart TV,Not happy with this product.,1,30-04-2021,C345012,Emma Lefevre,301,45.0
P03799,Beauty,Nourishing Shampoo,"Good product, I'm satisfied.",4,2022-02-26,C858422,Louis Janssen,2000,30.0
P07774,Toys & Games,Strategy Board Game,"Good product, I'm satisfied.",4,15-01-2023,C741458,Mila Martens,5000,34.0
P03221,Beauty,Nourishing Shampoo,"It's okay, not great, not terrible.",3,22-01-2021,C365302,Emma Peeters,3000,31.0
P06934,Clothing,Formal White Shirt,"Good product, I'm satisfied.",5,16-12-2023,C182349,Lucas De Smet,1050,40.0
P02575,Home & Kitchen,Stainless Steel Cookware Set,"It's okay, not great, not terrible.",3,2023-06-05,C123947,Olivia Lefevre,1180B,28.0
P01485,Electronics,Gaming Mouse Pro Series,"Good product, I'm satisfied.",5,15-02-2024,C493262,Sophie Vermeulen,1180,38.0
P02998,Home & Kitchen,Electric Kettle 1.7L,Not happy with this product.,1,2021-08-23,C533394,Finn Claes,2018,27.0
P01652,Electronics,Laptop Stand Aluminum,"It's okay, not great, not terrible.",3,06-04-2024,C404118,,1011A,39.0
P08933,Sports & Outdoors,Running Shorts,"It's okay, not great, not terrible.",3,2024-01-16,C349767,Finn Janssen,2000,30.0
P03562,Beauty,SPF 50 Daily Sunscreen,"Good product, I'm satisfied.",4,2023-01-30,C486469,Mila Vermeulen,1050,30.0
P05491,Groceries,Extra Virgin Olive Oil,Not happy with this product.,2,2021-02-28,C393356,Sophie Hendriks,3010,29.0
P01289,Electronics,Wireless Keyboard and Mouse Combo,,5,2023-02-03,C589542,Ava Peeters,1050,
P08782,Sports & Outdoors,Running Shorts,"Good product, I'm satisfied.",5,2022/03/21,C169986,Arthur Bosmans,1180,36.0
P02876,Home & Kitchen,Dish Drying Rack,Not happy with this product.,2,11-08-2021,C965362,Sophie Maes,2000,40.0
P02474,Home & Kitchen,Memory Foam Pillow,"Good product, I'm satisfied.",4,11-12-2024,C575011,Arthur Dubois,5000,42.0
P01411,Electronics,Bluetooth Portable Speaker,"Good product, I'm satisfied.",5,2024-11-20,C744226,Zoë Peeters,1050A,18.0
P02314,Home & Kitchen,Electric Kettle 1.7L,"Good product, I'm satisfied.",5,02-05-2021,C369950,Emma De Smet,5000,
P05595,Groceries,Granola with Nuts,"Good product, I'm satisfied.",4,07-07-2022,C845627,Emma Hendriks,1180A,28.0
P01815,Electronics,Bluetooth Portable Speaker,"It's okay, not great, not terrible.",3,18-05-2024,C373646,Noor Peeters,2018,25.0
P02919,Home & Kitchen,Non-Stick Frying Pan,Not happy with this product.,1,2023-07-24,C115500,Louis Maes,3010,35.0
P02489,Home & Kitchen,Vacuum Cleaner Pro,"Good product, I'm satisfied.",4,12-01-2021,C115406,Ava Peeters,3010,27.0
P01308,Electronics,Wireless Keyboard and Mouse Combo,"It's okay, not great, not terrible.",3,28-06-2022,C420932,Mila Hendriks,2000,40.0
P08560,Sports & Outdoors,Camping Lantern Rechargeable,"It's okay, not great, not terrible.",3,2021/03/26,C725866,Emma Martens,,31.0
P02932,Home & Kitchen,Non-Stick Frying Pan,"Good product, I'm satisfied.",5,08-01-2023,C283188,Adam Janssen,1050,26.0
P09800,Office Supplies,Gel Ink Pens Pack,"Good product, I'm satisfied.",4,15-04-2024,C418945,Noor Hendriks,1050,51.0
P01548,Electronics,4K Ultra HD Smart TV,"Good product, I'm satisfied.",5,16-03-2021,C895337,Louis Lefevre,,27.0
P07414,Toys & Games,Educational Puzzle Set,Not happy with this product.,2,2021/01/04,C869649,Arthur Vermeulen,3010,64.0
P01133,Electronics,Wireless Keyboard and Mouse Combo,Not happy with this product.,2,2023-08-06,C770865,Sophie Dubois,1011,30.0
P09259,Office Supplies,Ergonomic Office Chair,"Good product, I'm satisfied.",5,10-11-2022,C104502,Arthur Maes,1011,43.0
P01493,Electronics,Gaming Mouse Pro Series,"Good product, I'm satisfied.",4,2023/04/27,C354244,Zoë Bosmans,1180,32.0
P02299,Home & Kitchen,Espresso Coffee Machine,"Good product, I'm satisfied.",4,2024-07-13,C346905,Adam Maes,3010,37.0
P07557,Toys & Games,Plush Teddy Bear,Not happy with this product.,1,2021/04/16,C237601,Olivia Claes,2018,66.0
P04543,Books,Cookbook: Easy Weeknight Meals,Not happy with this product.,1,16-12-2022,C976959,Emma Martens,2018,39.0
P07186,Toys & Games,Strategy Board Game,"It's okay, not great, not terrible.",3,2023/02/12,C534631,Lucas Dubois,3010,75.0
P02212,Home & Kitchen,Espresso Coffee Machine,Not happy with this product.,2,28-11-2024,C471560,Emma Hendriks,1011,30.0
P07144,Toys & Games,Educational Puzzle Set,"Good product, I'm satisfied.",5,2021-12-27,C209493,Arthur Janssen,2000,32.0
P01145,Electronics,USB-C Docking Station,"It's okay, not great, not terrible.",3,2021-09-15,C439944,Zoë Peeters,3500,21.0
P05581,Groceries,Extra Virgin Olive Oil,"Good product, I'm satisfied.",4,2023-03-13,C599028,Noor Dubois,3010,36.0
P01533,Electronics,4K Ultra HD Smart TV,"Good product, I'm satisfied.",4,2023-11-11,C699142,Arthur Janssen,1011,44.0
P02603,Home & Kitchen,Non-Stick Frying Pan,Not happy with this product.,1,2021-12-22,C162126,Léa Lefevre,1050,67.0
P01929,Electronics,Wireless Noise-Cancelling Headphones,"Good product, I'm satisfied.",5,25-03-2022,C273749,Ava De Wilde,2000,31.0
P03146,Beauty,Volumizing Mascara,"It's okay, not great, not terrible.",3,2021-01-22,C570490,Mila Lefevre,1180,27.0
P04483,Books,Cookbook: Easy Weeknight Meals,"Good product, I'm satisfied.",5,2023-01-08,C901818,Sophie De Wilde,2000B,20.0
P04920,Books,Thriller Novel: The Last Signal,"Good product, I'm satisfied.",4,18-09-2022,C108874,Noah Vermeulen,1011,36.0
P07742,Toys & Games,Educational Puzzle Set,"Good product, I'm satisfied.",5,18-12-2024,C703410,Zoë Lefevre,,36.0
P02878,Home & Kitchen,Electric Kettle 1.7L,"Good product, I'm satisfied.",4,11-12-2024,C360374,,1180,18.0
P02860,Home & Kitchen,Dish Drying Rack,"Good product, I'm satisfied.",4,2023-07-10,C187879,Zoë Martens,1011,45.0
P10360,Garden,LED Grow Light,Not happy with this product.,2,2021-03-22,C880654,Ava De Wilde,1050,42.0
P01238,Electronics,Bluetooth Portable Speaker,"Good product, I'm satisfied.",5,2021-05-12,C978083,Finn De Smet,5000,22.0
P02904,Home & Kitchen,Stainless Steel Cookware Set,"Good product, I'm satisfied.",5,12-04-2021,C778809,Zoë De Wilde,3010,32.0
P01281,Electronics,Wireless Noise-Cancelling Headphones,"It's okay, not great, not terrible.",3,19-09-2021,C677974,Noah De Wilde,900,47.0
P06398,Clothing,Formal White Shirt,"It's okay, not great, not terrible.",3,01-05-2024,C919282,Sophie Janssen,5000,44.0
P02225,Home & Kitchen,Memory Foam Pillow,Not happy with this product.,2,2021-04-14,C380464,Louis De Smet,1180,30.0
P06721,Clothing,Running Shoes,"Good product, I'm satisfied.",5,17-03-2024,C304553,,2018B,20.0
P05492,Groceries,Organic Almond Milk,"Good product, I'm satisfied.",5,2023-04-21,C708339,Sophie Lefevre,2000,44.0
P06725,Clothing,Running Shoes,"Good product, I'm satisfied.",4,2023-08-22,C366263,Zoë Peeters,5000,40.0
P05737,Groceries,Extra Virgin Olive Oil,"It's okay, not great, not terrible.",3,2021-11-20,C391841,Adam De Wilde,1180,32.0
P01123,Electronics,Gaming Mouse Pro Series,"It's okay, not great, not terrible.",3,2023-12-11,C928204,Noor Hendriks,1050,35.0
P02587,Home & Kitchen,Dish Drying Rack,"Good product, I'm satisfied.",5,2022-09-07,C590737,Lucas Dubois,1011,31.0
P10918,Garden,LED Grow Light,"It's okay, not great, not terrible.",3,2023-01-29,C300806,Olivia De Smet,1050,45.0
P01584,Electronics,Wireless Keyboard and Mouse Combo,Not happy with this product.,1,2023/11/07,C482644,Noor Claes,1011,23.0
P02359,Home & Kitchen,Memory Foam Pillow,"Good product, I'm satisfied.",5,27-03-2023,C421549,Finn Martens,3000,30.0
P06396,Clothing,Basic Cotton T-Shirt,"Good product, I'm satisfied.",4,2023-09-11,C926551,Olivia Janssen,1050B,43.0
P04755,Books,Marketing Strategy Handbook,Not happy with this product.,2,2023-05-01,C641574,Adam Maes,101,35.0
P06768,Clothing,Basic Cotton T-Shirt,"Good product, I'm satisfied.",5,2023/05/16,C455159,Liam Maes,3000,33.0
P07795,Toys & Games,Building Blocks Set,"Good product, I'm satisfied.",4,2023-11-10,C987600,Finn Martens,5000,27.0
P07714,Toys & Games,Educational Puzzle Set,"It's okay, not great, not terrible.",3,2023-01-30,C556526,Liam Peeters,2000,58.0
P05891,Groceries,Whole Bean Coffee Dark Roast,,4,2022-03-25,C908219,Noor De Smet,350,19.0
P02830,Home & Kitchen,Dish Drying Rack,"It's okay, not great, not terrible.",3,2023-07-16,C162546,Sophie De Smet,1180A,61.0
P08751,Sports & Outdoors,Running Shorts,"Good product, I'm satisfied.",4,09-12-2022,C650370,Emma Martens,1050A,33.0
P05598,Groceries,Gluten-Free Pasta,Not happy with this product.,1,2021-03-25,C402262,Liam Vermeulen,,25.0
P06893,Clothing,Basic Cotton T-Shirt,"Good product, I'm satisfied.",5,2021-03-04,C797179,Arthur Janssen,3500,22.0
P06979,Clothing,Lightweight Hoodie,"Good product, I'm satisfied.",4,2021-09-29,C215530,Olivia Claes,2000,19.0
P02623,Home & Kitchen,Memory Foam Pillow,"Good product, I'm satisfied.",5,2021-07-04,C695960,Léa Bosmans,3010,21.0
P02165,Home & Kitchen,Memory Foam Pillow,"It's okay, not great, not terrible.",3,2023-04-29,C298540,Zoë Lefevre,,
P03513,Beauty,Volumizing Mascara,"It's okay, not great, not terrible.",3,2021-02-15,C982356,Finn Dubois,201,67.0
P06891,Clothing,Lightweight Hoodie,,1,2021-05-13,C585046,Louis Dubois,2000,41.0
P04571,Books,Psychology of Habits,"Good product, I'm satisfied.",4,2022/07/22,C967397,Sophie Dubois,5000,44.0
P01454,Electronics,Smartphone Fast Charger,"Good product, I'm satisfied.",4,2021/01/01,C284847,Liam Hendriks,1180,
P08226,Sports & Outdoors,Camping Lantern Rechargeable,"Good product, I'm satisfied.",5,2022-05-28,C611088,Emma Dubois,1180,30.0
P01555,Electronics,4K Ultra HD Smart TV,"It's okay, not great, not terrible.",3,2023-07-12,C715772,Sophie Janssen,1050,33.0
P01124,Electronics,Bluetooth Portable Speaker,"Good product, I'm satisfied.",4,2021-03-18,C715698,Léa Lefevre,3500,45.0
P02865,Home & Kitchen,Dish Drying Rack,"Good product, I'm satisfied.",5,2022/01/10,C145885,Arthur Hendriks,2000,45.0
P10926,Garden,Herb Seeds Mix,"Good product, I'm satisfied.",4,2021-06-01,C878826,Finn Janssen,2000,26.0
P01686,Electronics,Smartphone Fast Charger,"It's okay, not great, not terrible.",3,2023-12-02,C662728,Olivia Dubois,9000,41.0
P02450,Home & Kitchen,Vacuum Cleaner Pro,"It's okay, not great, not terrible.",3,2021-06-18,C289880,Noah De Wilde,2000,39.0
P08374,Sports & Outdoors,Camping Lantern Rechargeable,"Good product, I'm satisfied.",5,23-05-2023,C691690,Noah De Wilde,2000,26.0
P02986,Home & Kitchen,Non-Stick Frying Pan,"It's okay, not great, not terrible.",3,01-03-2021,C581285,Léa Peeters,,28.0
P01353,Electronics,Wireless Noise-Cancelling Headphones,,4,2022-05-04,C309044,Adam Janssen,3000,33.0
P06271,Clothing,Basic Cotton T-Shirt,Not happy with this product.,2,2023-11-29,C714592,Lucas Claes,2000B,24.0
P02971,Home & Kitchen,Espresso Coffee Machine,"It's okay, not great, not terrible.",3,2022-06-04,C188563,Louis Vermeulen,9000,28.0
P03285,Beauty,Matte Liquid Lipstick,Not happy with this product.,2,2022-12-11,C712846,Sophie Vermeulen,105,41.0
P04214,Books,Psychology of Habits,"Good product, I'm satisfied.",5,2024/12/22,C451980,Finn Dubois,3010,18.0
P02868,Home & Kitchen,Electric Kettle 1.7L,Not happy with this product.,1,2023-03-07,C240053,,2018,45.0
P09887,Office Supplies,Notebook A5 Lined,"Good product, I'm satisfied.",5,2022-12-17,C575465,Arthur Bosmans,9000,38.0
P06136,Clothing,Slim Fit Jeans,"Good product, I'm satisfied.",5,2024-07-09,C125204,Liam De Smet,2000,
P07418,Toys & Games,Educational Puzzle Set,"Good product, I'm satisfied.",4,2021/01/21,C785343,Olivia De Smet,1180,25.0
P02724,Home & Kitchen,Non-Stick Frying Pan,"Good product, I'm satisfied.",5,2022-03-10,C383619,Finn Martens,1050A,29.0
P02110,Home & Kitchen,Espresso Coffee Machine,"Good product, I'm satisfied.",4,21-11-2023,C930823,Finn Dubois,2000,26.0
P02720,Home & Kitchen,Air Purifier with HEPA Filter,"Good product, I'm satisfied.",4,2021-03-09,C260252,Olivia De Wilde,1011,22.0
P06986,Clothing,Slim Fit Jeans,Not happy with this product.,1,2023-11-30,C781526,Arthur Lefevre,1180,44.0
P02193,Home & Kitchen,Electric Kettle 1.7L,Not happy with this product.,2,2023-02-21,C773045,Noor Lefevre,5000B,32.0
P07637,Toys & Games,Strategy Board Game,"Good product, I'm satisfied.",5,2021-09-15,C103458,Louis De Wilde,1180B,33.0
P08952,Sports & Outdoors,Yoga Mat Non-Slip,"Good product, I'm satisfied.",4,2021-12-04,C218695,Zoë Claes,2018,32.0
P06558,Clothing,Formal White Shirt,,4,04-11-2021,C209996,Sophie Vermeulen,2018,48.0
P01138,Electronics,Gaming Mouse Pro Series,"Good product, I'm satisfied.",4,2023-01-05,C123591,Ava Bosmans,5000,
P02410,Home & Kitchen,Non-Stick Frying Pan,"Good product, I'm satisfied.",4,2023-06-16,C451543,Emma Vermeulen,9000,37.0
P02545,Home & Kitchen,Espresso Coffee Machine,"It's okay, not great, not terrible.",3,2021-06-26,C412939,Ava Janssen,350,33.0
P01881,Electronics,4K Ultra HD Smart TV,"Good product, I'm satisfied.",4,18-10-2022,C343062,Noah Vermeulen,500,44.0
P06876,Clothing,Formal White Shirt,"Good product, I'm satisfied.",4,2024/02/09,C686470,Finn Maes,5000,39.0
P01967,Electronics,USB-C Docking Station,"Good product, I'm satisfied.",5,2021-06-29,C783119,Emma Peeters,9000,37.0
P07726,Toys & Games,Educational Puzzle Set,"Good product, I'm satisfied.",4,2024-10-16,C504233,Adam Maes,9000,36.0
P04665,Books,Marketing Strategy Handbook,"It's okay, not great, not terrible.",3,28-03-2024,C103964,Liam Bosmans,3010,30.0
P03799,Beauty,Nourishing Shampoo,Not happy with this product.,2,2022-01-23,C478233,Emma Maes,1011,18.0
P02195,Home & Kitchen,Dish Drying Rack,"Good product, I'm satisfied.",4,25-09-2023,C635535,Sophie Hendriks,1011,38.0
P01225,Electronics,Laptop Stand Aluminum,Not happy with this product.,2,2023-09-29,C979646,Zoë Lefevre,5000,41.0
P01430,Electronics,Smartphone Fast Charger,"Good product, I'm satisfied.",5,2022-02-28,C239093,Ava Peeters,5000,32.0
P01168,Electronics,Laptop Stand Aluminum,"It's okay, not great, not terrible.",3,2021-12-31,C614526,Noor De Wilde,1011,32.0
P02305,Home & Kitchen,Vacuum Cleaner Pro,"It's okay, not great, not terrible.",3,2022-11-29,C837362,Noor Peeters,5000,69.0
P05151,Groceries,Granola with Nuts,"It's okay, not great, not terrible.",3,19-03-2023,C269866,Finn Dubois,1180,19.0
P01646,Electronics,Gaming Mouse Pro Series,"It's okay, not great, not terrible.",3,2021-05-03,C935591,Noor Hendriks,2018B,37.0
P02309,Home & Kitchen,Stainless Steel Cookware Set,"Good product, I'm satisfied.",5,24-12-2021,C933466,Lucas Maes,3500,32.0
P06931,Clothing,Running Shoes,"Good product, I'm satisfied.",4,2024-02-25,C236435,Noor Janssen,3000,24.0
P09311,Office Supplies,Ergonomic Office Chair,"Good product, I'm satisfied.",4,2023-12-29,C518033,Arthur De Wilde,1180,25.0
P01841,Electronics,Wireless Noise-Cancelling Headphones,"Good product, I'm satisfied.",5,2023/01/24,C254030,Arthur De Wilde,118,42.0
P02519,Home & Kitchen,Memory Foam Pillow,"Good product, I'm satisfied.",4,2022/12/23,C222451,Louis Maes,1180,32.0
P05392,Groceries,Extra Virgin Olive Oil,Not happy with this product.,2,2024/02/26,C555989,Zoë De Wilde,1180,
P02585,Home & Kitchen,Stainless Steel Cookware Set,Not happy with this product.,2,12-03-2023,C263917,Noor De Smet,2018,34.0
P01336,Electronics,Wireless Noise-Cancelling Headphones,,3,2023-02-20,C653372,Lucas Dubois,3000,37.0
P01505,Electronics,Wireless Noise-Cancelling Headphones,"Good product, I'm satisfied.",4,14-07-2023,C863092,Mila Peeters,1050,
P01879,Electronics,Smartphone Fast Charger,Not happy with this product.,1,2024-01-29,C328384,Emma Janssen,9000,37.0
P06689,Clothing,Running Shoes,"Good product, I'm satisfied.",4,15-06-2024,C909478,Adam De Wilde,5000,32.0
P02455,Home & Kitchen,Memory Foam Pillow,"Good product, I'm satisfied.",5,12-03-2023,C834335,Adam Bosmans,3500,44.0
P07755,Toys & Games,Strategy Board Game,"Good product, I'm satisfied.",4,25-08-2023,C323627,Louis Dubois,1180,42.0
P01929,Electronics,Smartphone Fast Charger,"Good product, I'm satisfied.",5,02-12-2024,C340572,Arthur Claes,2000B,31.0
P02627,Home & Kitchen,Vacuum Cleaner Pro,"It's okay, not great, not terrible.",3,28-10-2022,C891535,Sophie Dubois,1011,30.0
P03601,Beauty,Matte Liquid Lipstick,Not happy with this product.,2,08-06-2023,C923353,Léa Peeters,1180,25.0
P06388,Clothing,Slim Fit Jeans,"Good product, I'm satisfied.",4,2021-07-25,C101662,Léa Claes,3010,26.0
P01581,Electronics,Bluetooth Portable Speaker,"Good product, I'm satisfied.",4,2022-09-06,C879677,Olivia Bosmans,1050,
P05930,Groceries,Granola with Nuts,"Good product, I'm satisfied.",4,2023-09-08,C446265,Arthur Peeters,301,18.0
P05853,Groceries,Whole Bean Coffee Dark Roast,"It's okay, not great, not terrible.",3,23-06-2021,C938261,Adam Bosmans,3010,30.0
P02160,Home & Kitchen,Dish Drying Rack,"Good product, I'm satisfied.",5,2021/01/09,C594435,Arthur Dubois,1011,40.0
P03669,Beauty,Anti-Frizz Hair Oil,"Good product, I'm satisfied.",4,2021/12/01,C525238,Noah Hendriks,1011,44.0
P04718,Books,Thriller Novel: The Last Signal,Not happy with this product.,1,2024-05-01,C107304,Mila Bosmans,5000,35.0
P08504,Sports & Outdoors,Camping Lantern Rechargeable,Not happy with this product.,2,2022-10-26,C860056,Emma De Smet,3000,44.0
P09525,Office Supplies,Wireless Computer Mouse,"Good product, I'm satisfied.",4,2022-09-03,C539884,Ava Maes,2018,39.0
P03367,Beauty,Volumizing Mascara,"It's okay, not great, not terrible.",3,2022-06-28,C314181,Sophie Bosmans,1011,75.0
P06271,Clothing,Formal White Shirt,"Good product, I'm satisfied.",5,15-12-2022,C917071,Zoë Bosmans,3000,45.0
P01219,Electronics,Bluetooth Portable Speaker,"Good product, I'm satisfied.",4,06-10-2021,C192679,Mila Lefevre,2000,39.0
P01661,Electronics,Laptop Stand Aluminum,"Good product, I'm satisfied.",4,2023-02-16,C707105,Lucas Bosmans,3500,27.0
P01929,Electronics,Wireless Noise-Cancelling Headphones,"Good product, I'm satisfied.",5,2024-08-20,C845305,Liam Janssen,3500,41.0
P06561,Clothing,Lightweight Hoodie,"Good product, I'm satisfied.",4,2023-08-07,C160579,Arthur Claes,1050,27.0
P09114,Office Supplies,Ergonomic Office Chair,"It's okay, not great, not terrible.",3,2023-08-23,C459946,Arthur Peeters,9000,42.0
P10946,Garden,Herb Seeds Mix,Not happy with this product.,1,2021-10-18,C339465,Lucas Lefevre,3010,21.0
P02922,Home & Kitchen,Vacuum Cleaner Pro,"Good product, I'm satisfied.",5,2022/09/29,C633792,Ava Martens,3000,40.0
P02799,Home & Kitchen,Dish Drying Rack,"It's okay, not great, not terrible.",3,21-03-2024,C746940,Finn Peeters,3500,73.0
P07794,Toys & Games,Building Blocks Set,"It's okay, not great, not terrible.",3,2024-02-26,C336206,Léa Hendriks,1011,20.0
P05216,Groceries,Whole Bean Coffee Dark Roast,Not happy with this product.,2,2021-03-22,C796117,Olivia Claes,1180,25.0
P01779,Electronics,Laptop Stand Aluminum,"It's okay, not great, not terrible.",3,25-10-2023,C270454,Louis De Smet,2000,34.0
P09994,Office Supplies,Gel Ink Pens Pack,"It's okay, not great, not terrible.",3,2024-08-19,C841976,Finn Claes,3000,27.0
P03160,Beauty,Matte Liquid Lipstick,"It's okay, not great, not terrible.",3,06-08-2022,C550039,Léa Dubois,1050,41.0
P02816,Home & Kitchen,Electric Kettle 1.7L,"It's okay, not great, not terrible.",3,2023-09-09,C764073,Noah De Smet,1180,33.0
P02462,Home & Kitchen,Vacuum Cleaner Pro,"Good product, I'm satisfied.",4,2021/02/28,C499856,Léa Hendriks,1050,27.0
P02506,Home & Kitchen,Stainless Steel Cookware Set,"Good product, I'm satisfied.",4,2021-12-19,C315471,Arthur De Wilde,1180,44.0
P05990,Groceries,Gluten-Free Pasta,"Good product, I'm satisfied.",4,2023/01/13,C207645,Noah De Wilde,900,61.0
P07441,Toys & Games,Educational Puzzle Set,"Good product, I'm satisfied.",5,2022-11-28,C891601,Louis Vermeulen,2000,42.0
P06428,Clothing,Running Shoes,Not happy with this product.,1,2023-01-21,C164407,Emma De Wilde,3010B,38.0
P02666,Home & Kitchen,Espresso Coffee Machine,"Good product, I'm satisfied.",4,2024-09-15,C493663,Mila Dubois,3010,27.0
P02274,Home & Kitchen,Non-Stick Frying Pan,Not happy with this product.,1,2021-02-22,C159476,Louis Maes,2018A,32.0
P02559,Home & Kitchen,Vacuum Cleaner Pro,"It's okay, not great, not terrible.",3,2022-05-02,C641897,Olivia Martens,,36.0
P03209,Beauty,Nourishing Shampoo,"Good product, I'm satisfied.",5,2023/02/21,C241004,Arthur Lefevre,5000,57.0
P01619,Electronics,Gaming Mouse Pro Series,"It's okay, not great, not terrible.",3,02-07-2021,C624700,Arthur De Smet,3000,43.0
P08229,Sports & Outdoors,Stainless Steel Water Bottle,Not happy with this product.,1,2021/02/28,C865954,Olivia De Wilde,1050,36.0
P02740,Home & Kitchen,Non-Stick Frying Pan,"Good product, I'm satisfied.",4,03-02-2021,C962684,Noor De Smet,9000,33.0
P02241,Home & Kitchen,Memory Foam Pillow,"It's okay, not great, not terrible.",3,2022-05-07,C137202,Sophie Peeters,200,20.0
P01638,Electronics,Bluetooth Portable Speaker,"Good product, I'm satisfied.",4,2021-04-22,C456865,Noah Dubois,1050,38.0
P08181,Sports & Outdoors,Stainless Steel Water Bottle,,3,31-05-2021,C565350,Léa Peeters,3010,33.0
P01448,Electronics,Wireless Noise-Cancelling Headphones,Not happy with this product.,2,2021-04-09,C134950,Noor Bosmans,9000,38.0
P02471,Home & Kitchen,Electric Kettle 1.7L,,3,2024-03-16,C118591,Olivia Bosmans,5000,31.0
P01515,Electronics,Wireless Noise-Cancelling Headphones,"Good product, I'm satisfied.",4,2023/07/28,C223928,Noah Hendriks,201,27.0
P07154,Toys & Games,Strategy Board Game,"Good product, I'm satisfied.",5,2022/07/04,C724356,Léa Peeters,2000,29.0
P02841,Home & Kitchen,Espresso Coffee Machine,Not happy with this product.,2,2023-02-13,C640950,Ava Maes,9000,22.0
P02401,Home & Kitchen,Vacuum Cleaner Pro,"Good product, I'm satisfied.",5,2022-11-28,C916777,Olivia Lefevre,1180,25.0
P01870,Electronics,Smartphone Fast Charger,"Good product, I'm satisfied.",4,2023-10-31,C726004,Finn De Smet,3000,42.0
P09792,Office Supplies,Wireless Computer Mouse,,5,01-08-2024,C765869,Sophie De Smet,9000A,43.0
P06146,Clothing,Slim Fit Jeans,,5,2024-04-10,C253734,Arthur Martens,3000,31.0
P06502,Clothing,Formal White Shirt,"Good product, I'm satisfied.",4,01-12-2024,C602976,Emma Claes,2018,24.0
P02403,Home & Kitchen,Stainless Steel Cookware Set,"Good product, I'm satisfied.",5,2024-10-17,C223295,Mila Vermeulen,1050,45.0
P01608,Electronics,Smartphone Fast Charger,"Good product, I'm satisfied.",5,2023-06-29,C591190,Finn Dubois,3000B,20.0
P02371,Home & Kitchen,Vacuum Cleaner Pro,"It's okay, not great, not terrible.",3,2023-12-19,C333089,Ava De Smet,,28.0
P02473,Home & Kitchen,Electric Kettle 1.7L,"It's okay, not great, not terrible.",3,2024/10/09,C420186,Mila Claes,5000B,23.0
P04611,Books,Beginner's Guide to Python,,5,2022/08/17,C419940,Léa De Wilde,1011,26.0
P08913,Sports & Outdoors,Stainless Steel Water Bottle,"Good product, I'm satisfied.",5,2021-02-17,C236507,Léa Dubois,3500,22.0
P02407,Home & Kitchen,Dish Drying Rack,"Good product, I'm satisfied.",4,2022/09/27,C607955,Olivia Lefevre,5000,36.0
P06994,Clothing,Slim Fit Jeans,"It's okay, not great, not terrible.",3,2022-08-07,C525957,Ava Hendriks,5000,40.0
P09192,Office Supplies,Wireless Computer Mouse,Quality feels premium and durable. I use it almost every day for office supplies tasks and it performs very well.,5,2024-05-15,C934184,Arthur Martens,1050,37.0
P01694,Electronics,Gaming Mouse Pro Series,"Good product, I'm satisfied.",5,25-02-2021,C377229,Liam Peeters,3500B,26.0
P04343,Books,Psychology of Habits,"Good product, I'm satisfied.",4,2021-04-05,C616293,Zoë Lefevre,300,25.0
P09753,Office Supplies,Ergonomic Office Chair,"Good product, I'm satisfied.",4,2024-01-08,C561759,Ava Janssen,2018,22.0
P10462,Garden,Herb Seeds Mix,"Good product, I'm satisfied.",5,2022-07-03,C639086,Noah Hendriks,1011,23.0
P02470,Home & Kitchen,Stainless Steel Cookware Set,Not happy with this product.,2,2022-05-06,C344694,Ava Claes,3000,31.0
P07880,Toys & Games,Educational Puzzle Set,"Good product, I'm satisfied.",5,05-05-2024,C742084,Finn De Smet,1050,42.0
P06708,Clothing,Formal White Shirt,Not happy with this product.,2,24-05-2022,C769180,Zoë Peeters,105,43.0
P01816,Electronics,Bluetooth Portable Speaker,"Good product, I'm satisfied.",5,2022-05-24,C943613,Zoë Lefevre,350,33.0
P02354,Home & Kitchen,Air Purifier with HEPA Filter,"It's okay, not great, not terrible.",3,2022-07-20,C974857,Lucas Peeters,118,29.0
P03730,Beauty,Volumizing Mascara,Not happy with this product.,2,2023/07/20,C414186,Mila Martens,2000,66.0
P01101,Electronics,USB-C Docking Station,"Good product, I'm satisfied.",5,2021/08/12,C740070,Olivia Claes,3000,26.0
P03178,Beauty,Matte Liquid Lipstick,"Good product, I'm satisfied.",4,22-10-2023,C354555,Lucas De Wilde,2000,31.0
P03718,Beauty,Matte Liquid Lipstick,Not happy with this product.,2,12-04-2023,C494675,Lucas Claes,1011,45.0
P02389,Home & Kitchen,Espresso Coffee Machine,"Good product, I'm satisfied.",5,2024-05-07,C959613,Sophie Bosmans,3000,43.0
P09591,Office Supplies,Wireless Computer Mouse,Not happy with this product.,1,2021/02/17,C370546,Mila De Smet,3010,32.0
P03115,Beauty,SPF 50 Daily Sunscreen,"Good product, I'm satisfied.",4,09-11-2023,C597619,Noah De Wilde,3000,42.0
P04948,Books,Beginner's Guide to Python,"Good product, I'm satisfied.",4,27-08-2021,C130467,Olivia De Smet,1180,31.0
P02837,Home & Kitchen,Memory Foam Pillow,"Good product, I'm satisfied.",5,2021-08-17,C242843,Olivia De Wilde,1011,27.0
P08346,Sports & Outdoors,Stainless Steel Water Bottle,"It's okay, not great, not terrible.",3,2022-12-27,C301255,Finn Maes,1180B,32.0
P01822,Electronics,Bluetooth Portable Speaker,Not happy with this product.,2,07-09-2022,C634915,Zoë De Wilde,1050,45.0
P10923,Garden,Garden Hose 20m,"Good product, I'm satisfied.",4,21-09-2021,C708185,Sophie Bosmans,,40.0
P08532,Sports & Outdoors,Yoga Mat Non-Slip,"Good product, I'm satisfied.",4,04-01-2022,C826187,Noah Vermeulen,2000,24.0
P07351,Toys & Games,Plush Teddy Bear,"It's okay, not great, not terrible.",3,25-10-2021,C176168,Noah Hendriks,3000A,
P07854,Toys & Games,Building Blocks Set,"Good product, I'm satisfied.",4,2021-02-20,C622542,Léa Janssen,1180B,19.0
P10604,Garden,Indoor Plant Pot,"Good product, I'm satisfied.",5,2023-02-05,C370838,Sophie Janssen,1180,52.0
P02826,Home & Kitchen,Memory Foam Pillow,"It's okay, not great, not terrible.",3,16-06-2023,C728835,Adam Dubois,5000,34.0
P02131,Home & Kitchen,Stainless Steel Cookware Set,"Good product, I'm satisfied.",4,2024-11-09,C218487,,9000,33.0
P02241,Home & Kitchen,Vacuum Cleaner Pro,Not happy with this product.,2,31-10-2021,C711795,Louis Peeters,1180,41.0
P02534,Home & Kitchen,Non-Stick Frying Pan,"Good product, I'm satisfied.",4,25-03-2023,C277855,Ava Bosmans,2018,38.0
P01737,Electronics,USB-C Docking Station,"Good product, I'm satisfied.",4,2021-04-16,C893188,Louis Hendriks,201,40.0
P06726,Clothing,Formal White Shirt,Not happy with this product.,1,2023/03/29,C497531,Adam De Smet,2000B,44.0
P02438,Home & Kitchen,Vacuum Cleaner Pro,"Good product, I'm satisfied.",4,28-01-2024,C897951,Louis Janssen,200,43.0
P01129,Electronics,USB-C Docking Station,"Good product, I'm satisfied.",5,2024-04-02,C195189,Olivia Bosmans,3500,22.0
P02238,Home & Kitchen,Electric Kettle 1.7L,"Good product, I'm satisfied.",5,18-03-2021,C760785,Ava Peeters,1011,40.0
P01739,Electronics,Gaming Mouse Pro Series,"Good product, I'm satisfied.",5,2023/02/20,C763829,Finn Maes,2018,38.0
P06956,Clothing,Basic Cotton T-Shirt,"Good product, I'm satisfied.",4,13-09-2022,C554489,Liam De Smet,2018,26.0
P06525,Clothing,Formal White Shirt,"Good product, I'm satisfied.",4,2022-07-27,C930782,Léa Claes,350,41.0
P02355,Home & Kitchen,Electric Kettle 1.7L,Not happy with this product.,2,2023-11-27,C218959,Emma Bosmans,201,23.0
P08744,Sports & Outdoors,Yoga Mat Non-Slip,"Good product, I'm satisfied.",5,2023/05/13,C874954,Adam Vermeulen,3000,68.0
P03134,Beauty,Nourishing Shampoo,"Good product, I'm satisfied.",5,2024-01-17,C450946,Mila Bosmans,9000B,40.0
P02580,Home & Kitchen,Vacuum Cleaner Pro,"Good product, I'm satisfied.",4,2022-12-03,C453449,Liam Bosmans,,33.0
P08972,Sports & Outdoors,Camping Lantern Rechargeable,"Good product, I'm satisfied.",5,07-07-2022,C672289,Louis Maes,1011,23.0
P02258,Home & Kitchen,Electric Kettle 1.7L,"It's okay, not great, not terrible.",3,2022-10-19,C120891,Liam Maes,1180A,
P01641,Electronics,Wireless Keyboard and Mouse Combo,"It's okay, not great, not terrible.",3,13-11-2024,C103534,Olivia Janssen,1180,31.0
P01869,Electronics,USB-C Docking Station,"Good product, I'm satisfied.",5,2023-03-30,C679701,Arthur Claes,5000,30.0
P02193,Home & Kitchen,Vacuum Cleaner Pro,Not happy with this product.,1,2021-09-05,C352750,Noor Hendriks,1050,28.0
P02688,Home & Kitchen,Vacuum Cleaner Pro,Not happy with this product.,2,2024-08-19,C649968,Liam Hendriks,3000,39.0
P01711,Electronics,Gaming Mouse Pro Series,"Good product, I'm satisfied.",5,09-03-2024,C831519,Noor De Smet,3500,18.0
P06136,Clothing,Running Shoes,"It's okay, not great, not terrible.",3,16-02-2023,C197649,Léa Vermeulen,1180,40.0
P08365,Sports & Outdoors,Stainless Steel Water Bottle,"Good product, I'm satisfied.",5,2021-12-21,C233310,Arthur De Wilde,350,36.0
P02344,Home & Kitchen,Stainless Steel Cookware Set,"Good product, I'm satisfied.",4,13-05-2024,C803763,Ava Lefevre,5000,27.0
P09889,Office Supplies,Ergonomic Office Chair,"Good product, I'm satisfied.",4,2021-11-15,C720620,Louis De Smet,2000,33.0
P01421,Electronics,4K Ultra HD Smart TV,"Good product, I'm satisfied.",5,2023/04/14,C730823,Ava Peeters,3000,24.0
P02457,Home & Kitchen,Stainless Steel Cookware Set,"Good product, I'm satisfied.",5,17-11-2024,C874750,Sophie Claes,5000B,67.0
P02967,Home & Kitchen,Espresso Coffee Machine,"Good product, I'm satisfied.",4,01-04-2023,C924052,Liam Martens,350,45.0
P03579,Beauty,Volumizing Mascara,"It's okay, not great, not terrible.",3,19-09-2021,C558600,Liam Claes,1011,34.0
P07829,Toys & Games,Educational Puzzle Set,"Good product, I'm satisfied.",5,2023-10-04,C781121,Lucas Dubois,350,25.0
P02626,Home & Kitchen,Electric Kettle 1.7L,"It's okay, not great, not terrible.",3,2021-12-19,C170213,Adam Lefevre,1011,54.0
P02452,Home & Kitchen,Dish Drying Rack,"Good product, I'm satisfied.",5,2022-03-20,C526691,Sophie Peeters,5000,29.0
P02333,Home & Kitchen,Electric Kettle 1.7L,"Good product, I'm satisfied.",5,31-08-2022,C655825,Emma Dubois,1011,39.0
P08632,Sports & Outdoors,Yoga Mat Non-Slip,"Good product, I'm satisfied.",5,23-03-2022,C295045,Arthur Janssen,1011A,41.0
P03619,Beauty,Anti-Frizz Hair Oil,"Good product, I'm satisfied.",4,16-12-2022,C370345,Sophie Lefevre,2000,43.0
P01418,Electronics,Gaming Mouse Pro Series,"Good product, I'm satisfied.",5,13-06-2021,C982342,Léa Maes,2018,22.0
P05360,Groceries,Whole Bean Coffee Dark Roast,"Good product, I'm satisfied.",4,2022-01-18,C879094,Liam Claes,3010,
P07563,Toys & Games,Plush Teddy Bear,"Good product, I'm satisfied.",5,2021-03-27,C158288,Lucas De Smet,9000,
P03503,Beauty,Anti-Frizz Hair Oil,"Good product, I'm satisfied.",4,2023/06/22,C779825,Liam De Smet,1050,43.0
P08912,Sports & Outdoors,Yoga Mat Non-Slip,,3,2023-06-19,C356161,Finn Hendriks,2000,68.0
P06211,Clothing,Basic Cotton T-Shirt,"Good product, I'm satisfied.",4,2021-01-19,C241774,Ava Vermeulen,3010,49.0
P01693,Electronics,4K Ultra HD Smart TV,"Good product, I'm satisfied.",4,2023-11-30,C804142,Emma Janssen,,
P03281,Beauty,Nourishing Shampoo,"It's okay, not great, not terrible.",3,2022-05-12,C380589,Ava Vermeulen,2018,23.0
P01650,Electronics,4K Ultra HD Smart TV,Not happy with this product.,1,2023-08-18,C580870,Lucas Peeters,3000,32.0
P07902,Toys & Games,Educational Puzzle Set,Not happy with this product.,2,2023-05-08,C237160,Adam Hendriks,1011B,44.0
P06767,Clothing,Running Shoes,"It's okay, not great, not terrible.",3,2022-01-09,C247525,Emma Dubois,3000,
P02840,Home & Kitchen,Memory Foam Pillow,"Good product, I'm satisfied.",4,2022-12-23,C772865,Arthur Claes,2018,63.0
P01623,Electronics,Laptop Stand Aluminum,"It's okay, not great, not terrible.",3,18-02-2024,C130770,Noor Hendriks,1011,19.0
P02451,Home & Kitchen,Espresso Coffee Machine,"Good product, I'm satisfied.",4,03-03-2021,C794027,Louis De Wilde,,39.0
P02619,Home & Kitchen,Stainless Steel Cookware Set,Not happy with this product.,1,2021-04-11,C555805,Louis Janssen,1011,45.0
P06556,Clothing,Running Shoes,"It's okay, not great, not terrible.",3,2022/06/18,C758734,Liam Bosmans,9000,41.0
P01437,Electronics,Bluetooth Portable Speaker,"Good product, I'm satisfied.",5,2023-08-23,C441815,Noor Maes,2000,31.0
P03537,Beauty,Hydrating Face Serum,"Good product, I'm satisfied.",5,2024-06-11,C828797,Ava Lefevre,3000,31.0
P03198,Beauty,Volumizing Mascara,"It's okay, not great, not terrible.",3,07-02-2021,C224796,,1180,59.0
P08738,Sports & Outdoors,Yoga Mat Non-Slip,"Good product, I'm satisfied.",5,2022-11-04,C671913,Zoë Martens,9000,25.0
P07422,Toys & Games,Strategy Board Game,Not happy with this product.,2,2024-08-02,C425914,Ava Bosmans,105,22.0
P02168,Home & Kitchen,Stainless Steel Cookware Set,"Good product, I'm satisfied.",5,2022-01-30,C328437,Liam Maes,9000,28.0
P02618,Home & Kitchen,Espresso Coffee Machine,"Good product, I'm satisfied.",4,2022-08-24,C693925,Noah Bosmans,1180B,23.0
P05931,Groceries,Whole Bean Coffee Dark Roast,"Good product, I'm satisfied.",5,2022-08-16,C155660,Noah Maes,1180,37.0
P01689,Electronics,Wireless Noise-Cancelling Headphones,"Good product, I'm satisfied.",5,01-07-2021,C362683,Liam Dubois,2000,19.0
P08835,Sports & Outdoors,Camping Lantern Rechargeable,Not happy with this product.,2,28-10-2021,C696325,Olivia Maes,200,20.0
P09457,Office Supplies,Wireless Computer Mouse,"Good product, I'm satisfied.",4,2024-08-08,C770514,Louis Janssen,3500,28.0
P02382,Home & Kitchen,Memory Foam Pillow,Not happy with this product.,1,2024-10-02,C209619,Adam De Smet,2018,23.0
P07871,Toys & Games,Building Blocks Set,"Good product, I'm satisfied.",5,31-03-2022,C175304,Louis Claes,1050,31.0
P06549,Clothing,Formal White Shirt,"Good product, I'm satisfied.",4,2024-08-31,C238257,Louis Claes,1011,34.0
P09402,Office Supplies,Wireless Computer Mouse,"It's okay, not great, not terrible.",3,12-03-2024,C259814,Noah Martens,5000,56.0
P04646,Books,Thriller Novel: The Last Signal,"Good product, I'm satisfied.",5,13-05-2024,C554652,Noor De Wilde,2000,40.0
P02733,Home & Kitchen,Air Purifier with HEPA Filter,"It's okay, not great, not terrible.",3,2021-08-06,C723907,,1180,29.0
P02998,Home & Kitchen,Dish Drying Rack,"Good product, I'm satisfied.",5,2022-12-05,C696902,Sophie Lefevre,5000B,28.0
P01501,Electronics,USB-C Docking Station,"Good product, I'm satisfied.",5,2022-03-23,C306172,Mila Hendriks,105,19.0
P03691,Beauty,Matte Liquid Lipstick,"Good product, I'm satisfied.",5,2023-10-28,C243606,Ava Maes,2000A,
P02734,Home & Kitchen,Electric Kettle 1.7L,"Good product, I'm satisfied.",4,2023-07-27,C887567,,500,57.0
P02353,Home & Kitchen,Air Purifier with HEPA Filter,"Good product, I'm satisfied.",5,2022-05-17,C316310,Olivia Janssen,200,45.0
P04134,Books,Marketing Strategy Handbook,"It's okay, not great, not terrible.",3,2024-06-09,C106019,Mila De Wilde,3010,
P07497,Toys & Games,Plush Teddy Bear,"Good product, I'm satisfied.",4,2022/07/19,C244205,Ava Claes,1011,21.0
P02420,Home & Kitchen,Non-Stick Frying Pan,Not happy with this product.,1,2024-05-28,C143553,Ava Dubois,1180,45.0
P10591,Garden,LED Grow Light,Not happy with this product.,2,2024-11-19,C705193,Zoë Dubois,3500,27.0
P07660,Toys & Games,Strategy Board Game,"Good product, I'm satisfied.",5,2022-03-19,C517223,Liam Dubois,,70.0
P01477,Electronics,Laptop Stand Aluminum,"It's okay, not great, not terrible.",3,2023-05-27,C966526,Olivia De Smet,1050,29.0
P02874,Home & Kitchen,Air Purifier with HEPA Filter,,4,03-07-2021,C401198,Lucas Vermeulen,9000,26.0
P09798,Office Supplies,Wireless Computer Mouse,"Good product, I'm satisfied.",5,2024-07-02,C847263,Lucas De Smet,350,27.0
P04852,Books,Marketing Strategy Handbook,"It's okay, not great, not terrible.",3,2021-05-08,C785528,Mila Bosmans,1050,44.0
P05141,Groceries,Gluten-Free Pasta,Not happy with this product.,2,23-05-2023,C345684,Léa Maes,3010,
P02954,Home & Kitchen,Electric Kettle 1.7L,"Good product, I'm satisfied.",4,2021-11-22,C820119,Mila Dubois,200,30.0
P04227,Books,Marketing Strategy Handbook,"It's okay, not great, not terrible.",3,2024-08-22,C879319,Lucas Dubois,3500,44.0
P06273,Clothing,Basic Cotton T-Shirt,"Good product, I'm satisfied.",4,2021-07-31,C146761,,3500,27.0
P01761,Electronics,USB-C Docking Station,Not happy with this product.,2,2022-03-13,C961433,Ava Peeters,3000,34.0
P02525,Home & Kitchen,Espresso Coffee Machine,"Good product, I'm satisfied.",5,2023-01-07,C300258,Noah Peeters,201,25.0
P01349,Electronics,Wireless Keyboard and Mouse Combo,"Good product, I'm satisfied.",4,2022-10-27,C189940,Ava De Smet,3000,42.0
P01582,Electronics,Gaming Mouse Pro Series,Not happy with this product.,2,2021/07/29,C912091,Sophie De Wilde,301,62.0
P03320,Beauty,Matte Liquid Lipstick,,1,2023-10-11,C711680,Lucas Janssen,5000,28.0
P05243,Groceries,Gluten-Free Pasta,Not happy with this product.,2,24-07-2024,C926690,Zoë Maes,5000,
P10206,Garden,Garden Hose 20m,"Good product, I'm satisfied.",4,22-11-2024,C537833,Zoë Dubois,500,44.0
P08591,Sports & Outdoors,Running Shorts,Not happy with this product.,2,2021-11-02,C618972,Noah De Wilde,1011,18.0
P01693,Electronics,USB-C Docking Station,"Good product, I'm satisfied.",4,2024-01-17,C896969,Noah Hendriks,2000,32.0
P02763,Home & Kitchen,Dish Drying Rack,Not happy with this product.,1,2022-12-14,C917654,Ava Peeters,5000,22.0
P02422,Home & Kitchen,Espresso Coffee Machine,Not happy with this product.,2,20-04-2024,C832987,Noah Claes,1011,39.0
P06922,Clothing,Running Shoes,Not happy with this product.,1,05-05-2023,C879949,Finn Peeters,2000,27.0
P10435,Garden,LED Grow Light,"Good product, I'm satisfied.",5,2021-03-22,C695451,Mila Claes,2018,38.0
P06655,Clothing,Running Shoes,,3,2024-02-27,C989746,Noah De Smet,105,43.0
P01704,Electronics,Smartphone Fast Charger,Not happy with this product.,2,2021-07-26,C369756,Zoë Lefevre,2018,63.0
P02681,Home & Kitchen,Vacuum Cleaner Pro,"Good product, I'm satisfied.",5,2023-05-10,C185102,Léa De Smet,2018B,36.0
P06619,Clothing,Running Shoes,"It's okay, not great, not terrible.",3,2024-11-28,C424308,Sophie Lefevre,350,37.0
P02765,Home & Kitchen,Air Purifier with HEPA Filter,"It's okay, not great, not terrible.",3,2022-04-12,C467271,Mila Claes,2000A,37.0
P06659,Clothing,Basic Cotton T-Shirt,Not happy with this product.,1,2023-04-01,C667323,Zoë Bosmans,201,
P02103,Home & Kitchen,Memory Foam Pillow,"Good product, I'm satisfied.",4,2023-05-04,C949832,Arthur Bosmans,5000,21.0
P02494,Home & Kitchen,Electric Kettle 1.7L,"It's okay, not great, not terrible.",3,23-03-2022,C267951,Noor Maes,2018,31.0
P01848,Electronics,Smartphone Fast Charger,"Good product, I'm satisfied.",5,2023-12-24,C491225,Emma Martens,2000,36.0
P03376,Beauty,Volumizing Mascara,"Good product, I'm satisfied.",4,2023-06-10,C227765,Noah De Smet,200,44.0
P01950,Electronics,Smartphone Fast Charger,Not happy with this product.,1,2021/04/28,C244936,Arthur Claes,1180,35.0
P04567,Books,Psychology of Habits,Not happy with this product.,2,2022/10/09,C662851,Lucas Bosmans,3010,46.0
P03287,Beauty,SPF 50 Daily Sunscreen,"Good product, I'm satisfied.",4,20-07-2023,C770667,Lucas Lefevre,5000,30.0
P01681,Electronics,Wireless Noise-Cancelling Headphones,Not happy with this product.,2,2023/09/14,C606743,Arthur Martens,300,33.0
P01291,Electronics,4K Ultra HD Smart TV,"Good product, I'm satisfied.",4,2023-04-16,C551914,Louis Maes,3000,44.0
P01945,Electronics,4K Ultra HD Smart TV,"It's okay, not great, not terrible.",3,2023-03-19,C495653,Léa Bosmans,9000,62.0
P01388,Electronics,4K Ultra HD Smart TV,"Good product, I'm satisfied.",5,11-04-2022,C651898,Ava Lefevre,9000,37.0
P08727,Sports & Outdoors,Camping Lantern Rechargeable,Not happy with this product.,2,2024-05-28,C159268,Adam Dubois,2000,34.0
P02574,Home & Kitchen,Electric Kettle 1.7L,Not happy with this product.,1,2024-07-23,C992562,Liam Claes,3010A,37.0
P02850,Home & Kitchen,Air Purifier with HEPA Filter,"It's okay, not great, not terrible.",3,2022/10/25,C460510,Ava Peeters,1180,31.0
P01248,Electronics,Bluetooth Portable Speaker,Not happy with this product.,2,2022-07-12,C437805,Léa Martens,3010,42.0
P02816,Home & Kitchen,Memory Foam Pillow,"Good product, I'm satisfied.",4,2021-10-14,C370450,Finn Vermeulen,1011B,34.0
P03558,Beauty,Volumizing Mascara,"It's okay, not great, not terrible.",3,2024/06/30,C923501,Olivia Martens,1180B,44.0
P01603,Electronics,Laptop Stand Aluminum,"Good product, I'm satisfied.",4,2023/04/19,C857634,Ava Maes,3500,40.0
P02915,Home & Kitchen,Vacuum Cleaner Pro,"Good product, I'm satisfied.",4,2021-09-17,C772107,Emma De Wilde,2018,22.0
P02706,Home & Kitchen,Air Purifier with HEPA Filter,"Good product, I'm satisfied.",5,2021/02/25,C672133,Olivia Hendriks,5000,34.0
P01111,Electronics,USB-C Docking Station,,5,20-01-2022,C699876,Louis Claes,3010,60.0
P02198,Home & Kitchen,Dish Drying Rack,"Good product, I'm satisfied.",4,2024-06-01,C207821,Louis Claes,2000,18.0
P01213,Electronics,Laptop Stand Aluminum,"Good product, I'm satisfied.",4,2024-02-05,C390819,Finn Maes,3010,30.0
P07276,Toys & Games,Plush Teddy Bear,"Good product, I'm satisfied.",5,2021-08-31,C844378,Ava Janssen,3500,31.0
P07446,Toys & Games,Building Blocks Set,"Good product, I'm satisfied.",5,2024-11-04,C646743,,3000,28.0
P01567,Electronics,Smartphone Fast Charger,"Good product, I'm satisfied.",4,2023-06-16,C158960,,3000,36.0
P01863,Electronics,Bluetooth Portable Speaker,"Good product, I'm satisfied.",5,2022/04/12,C168209,Olivia Vermeulen,101,42.0
P02644,Home & Kitchen,Dish Drying Rack,"It's okay, not great, not terrible.",3,2022-12-10,C497700,Adam De Smet,9000,28.0
P08146,Sports & Outdoors,Stainless Steel Water Bottle,"Good product, I'm satisfied.",5,2023/08/06,C364328,Mila De Wilde,9000,33.0
P01551,Electronics,4K Ultra HD Smart TV,"Good product, I'm satisfied.",5,01-06-2024,C881390,Finn Claes,3000,42.0
P01694,Electronics,Smartphone Fast Charger,"Good product, I'm satisfied.",5,19-09-2021,C327704,Léa De Wilde,3500,29.0
P09794,Office Supplies,Ergonomic Office Chair,"Good product, I'm satisfied.",4,2022-09-27,C425165,Ava Vermeulen,,
P02907,Home & Kitchen,Memory Foam Pillow,"It's okay, not great, not terrible.",3,2023-07-14,C706135,Sophie Hendriks,2000,28.0
P01704,Electronics,Bluetooth Portable Speaker,"Good product, I'm satisfied.",4,2024-05-20,C643674,Olivia Peeters,3010,75.0
P01887,Electronics,Gaming Mouse Pro Series,"Good product, I'm satisfied.",4,2024-04-03,C729402,Sophie Janssen,2018,32.0
P07749,Toys & Games,Building Blocks Set,Not happy with this product.,1,2023-12-10,C915182,Sophie Lefevre,2018,32.0
P09904,Office Supplies,Notebook A5 Lined,"Good product, I'm satisfied.",5,2023-04-22,C399990,Adam Maes,5000,30.0
P01978,Electronics,Smartphone Fast Charger,"Good product, I'm satisfied.",5,12-11-2021,C313198,Mila Peeters,1050A,40.0
P09467,Office Supplies,Gel Ink Pens Pack,"Good product, I'm satisfied.",5,2021-02-02,C410158,Noah Hendriks,101,43.0
P02724,Home & Kitchen,Air Purifier with HEPA Filter,"It's okay, not great, not terrible.",3,2021-10-16,C404799,Noor Bosmans,118,31.0
P01990,Electronics,Smartphone Fast Charger,"It's okay, not great, not terrible.",3,2022/01/25,C449138,,3000,19.0
P04941,Books,Beginner's Guide to Python,"It's okay, not great, not terrible.",3,2023-08-22,C857514,Noah Martens,3500,23.0
P03796,Beauty,SPF 50 Daily Sunscreen,"Good product, I'm satisfied.",5,04-11-2023,C183360,Sophie Dubois,9000,33.0
P02137,Home & Kitchen,Memory Foam Pillow,Not happy with this product.,2,2021/02/26,C452586,Mila Lefevre,2000,25.0
P09655,Office Supplies,Wireless Computer Mouse,Not happy with this product.,1,2021-04-26,C424065,Olivia Claes,9000B,44.0
P05135,Groceries,Granola with Nuts,"Good product, I'm satisfied.",4,2023-06-17,C839742,Noor Claes,3500A,68.0
P02873,Home & Kitchen,Vacuum Cleaner Pro,"Good product, I'm satisfied.",5,29-05-2022,C704645,Noah Maes,2000,34.0
P01737,Electronics,Gaming Mouse Pro Series,"It's okay, not great, not terrible.",3,2022-01-28,C257310,Léa Martens,1050,38.0
P06289,Clothing,Basic Cotton T-Shirt,"It's okay, not great, not terrible.",3,15-02-2023,C511263,Sophie Martens,5000,24.0
P04281,Books,Marketing Strategy Handbook,"Good product, I'm satisfied.",4,29-02-2024,C910389,Sophie Claes,5000,23.0
P01759,Electronics,Laptop Stand Aluminum,"It's okay, not great, not terrible.",3,24-11-2021,C443120,Adam Hendriks,3500,44.0
P06560,Clothing,Slim Fit Jeans,Not happy with this product.,1,2022-03-16,C720970,Mila Lefevre,3000,
P01367,Electronics,Smartphone Fast Charger,Not happy with this product.,2,2024-01-24,C644656,Zoë Lefevre,5000,39.0
P01216,Electronics,Wireless Noise-Cancelling Headphones,Not happy with this product.,2,09-01-2022,C876487,Sophie Claes,2000B,39.0
P03343,Beauty,Volumizing Mascara,"It's okay, not great, not terrible.",3,28-03-2023,C491203,Sophie Hendriks,3000,44.0
P02566,Home & Kitchen,Vacuum Cleaner Pro,"Good product, I'm satisfied.",4,2022-11-26,C578347,Ava Martens,3000,36.0
P01836,Electronics,Bluetooth Portable Speaker,Not happy with this product.,1,2021-07-14,C219201,Noor Hendriks,2000,19.0
P05721,Groceries,Organic Almond Milk,"Good product, I'm satisfied.",5,2023/12/09,C570445,Olivia Hendriks,3500A,26.0
P06482,Clothing,Basic Cotton T-Shirt,"It's okay, not great, not terrible.",3,29-08-2022,C711013,Zoë Janssen,2018,29.0
P02150,Home & Kitchen,Air Purifier with HEPA Filter,"Good product, I'm satisfied.",4,2021-03-17,C293818,Olivia Janssen,2000,20.0
P02221,Home & Kitchen,Dish Drying Rack,"Good product, I'm satisfied.",4,21-10-2022,C214835,,1050,45.0
P02556,Home & Kitchen,Air Purifier with HEPA Filter,Not happy with this product.,1,2024-08-06,C474754,Liam Martens,2018,54.0
P06381,Clothing,Lightweight Hoodie,"Good product, I'm satisfied.",5,2021/06/28,C663556,Arthur Claes,3000,41.0
P10984,Garden,Indoor Plant Pot,"Good product, I'm satisfied.",4,2022-06-27,C938294,Ava De Wilde,,36.0
P01819,Electronics,Wireless Noise-Cancelling Headphones,"Good product, I'm satisfied.",5,13-08-2024,C279708,,3010,74.0
P01676,Electronics,Laptop Stand Aluminum,Not happy with this product.,2,2021-05-08,C118215,Olivia Hendriks,1050,37.0
P10395,Garden,LED Grow Light,Not happy with this product.,2,2024-12-27,C796130,Olivia De Smet,3010A,64.0
P01981,Electronics,USB-C Docking Station,"Good product, I'm satisfied.",4,2024/01/13,C440998,Adam Claes,2018,68.0
P01727,Electronics,Gaming Mouse Pro Series,"Good product, I'm satisfied.",4,22-07-2024,C792188,,1180,34.0
P01351,Electronics,Bluetooth Portable Speaker,"It's okay, not great, not terrible.",3,2024-07-06,C172611,Sophie Peeters,5000B,31.0
P03316,Beauty,Anti-Frizz Hair Oil,"It's okay, not great, not terrible.",3,2021-08-26,C787492,Finn Dubois,3010B,43.0
P07303,Toys & Games,Building Blocks Set,Not happy with this product.,2,09-07-2024,C520055,Noor Claes,2018,43.0
P06641,Clothing,Basic Cotton T-Shirt,"Good product, I'm satisfied.",5,2024-12-05,C600035,Lucas Bosmans,5000,26.0
P01752,Electronics,Wireless Keyboard and Mouse Combo,Not happy with this product.,2,2023-06-18,C111857,Emma Dubois,1180,34.0
P02632,Home & Kitchen,Vacuum Cleaner Pro,Not happy with this product.,2,2024-02-05,C667059,Ava De Smet,,25.0
P09583,Office Supplies,Notebook A5 Lined,"Good product, I'm satisfied.",5,2022-04-12,C785864,Noor Dubois,9000,42.0
P08650,Sports & Outdoors,Stainless Steel Water Bottle,"Good product, I'm satisfied.",5,2022-09-08,C777670,Finn Martens,2018,27.0
P01874,Electronics,Laptop Stand Aluminum,"It's okay, not great, not terrible.",3,2021-02-28,C768170,Arthur Maes,3500A,25.0
P06747,Clothing,Formal White Shirt,"Good product, I'm satisfied.",5,2022-05-29,C496187,Finn Claes,3500,66.0
P01401,Electronics,Bluetooth Portable Speaker,"Good product, I'm satisfied.",5,2024-04-27,C991081,Noah Lefevre,2000,43.0
P01130,Electronics,4K Ultra HD Smart TV,,5,2022/02/15,C194089,,3500,66.0
P01408,Electronics,Wireless Noise-Cancelling Headphones,"Good product, I'm satisfied.",4,07-07-2022,C541315,Sophie Peeters,3500,
P03603,Beauty,SPF 50 Daily Sunscreen,"It's okay, not great, not terrible.",3,08-06-2022,C133049,Louis Martens,1180,21.0
P07453,Toys & Games,Strategy Board Game,"It's okay, not great, not terrible.",3,2023/06/08,C637631,Liam Claes,3000,30.0
P03572,Beauty,Volumizing Mascara,"It's okay, not great, not terrible.",3,2022-08-11,C573866,Emma Janssen,3000,39.0
P02336,Home & Kitchen,Espresso Coffee Machine,"Good product, I'm satisfied.",5,2024-11-20,C577963,,1180,41.0
P10814,Garden,Herb Seeds Mix,"It's okay, not great, not terrible.",3,2021-04-18,C177281,Sophie Hendriks,9000,37.0
P02747,Home & Kitchen,Electric Kettle 1.7L,"Good product, I'm satisfied.",5,2024-03-06,C819308,Lucas Vermeulen,1180,32.0
P03501,Beauty,Anti-Frizz Hair Oil,"It's okay, not great, not terrible.",3,19-10-2024,C299559,Lucas De Wilde,2000,27.0
P06971,Clothing,Basic Cotton T-Shirt,Not happy with this product.,1,06-05-2022,C120867,Noor Vermeulen,301,40.0
P10883,Garden,Indoor Plant Pot,"Good product, I'm satisfied.",4,2023-12-31,C573213,Lucas Peeters,3000,27.0
P01478,Electronics,Gaming Mouse Pro Series,"It's okay, not great, not terrible.",3,2024-11-13,C589584,Léa Bosmans,1011,21.0
P09533,Office Supplies,Gel Ink Pens Pack,"Good product, I'm satisfied.",5,02-04-2021,C613899,Olivia Hendriks,2018,34.0
P04484,Books,Psychology of Habits,"It's okay, not great, not terrible.",3,2022-01-17,C506813,Adam Maes,1011,45.0
P10443,Garden,Garden Hose 20m,"Good product, I'm satisfied.",4,2022-08-22,C111676,Léa Janssen,1050,29.0
P02604,Home & Kitchen,Air Purifier with HEPA Filter,Not happy with this product.,1,2023-01-07,C822568,Lucas Dubois,3000,49.0
P03347,Beauty,Hydrating Face Serum,"It's okay, not great, not terrible.",3,2022-01-06,C971548,Léa Maes,1180,31.0
P05337,Groceries,Granola with Nuts,"Good product, I'm satisfied.",4,2024/06/24,C496091,Léa Hendriks,2000,32.0
P03959,Beauty,Volumizing Mascara,"It's okay, not great, not terrible.",3,2023-04-12,C986327,Ava Martens,3500,29.0
P10205,Garden,Indoor Plant Pot,"Good product, I'm satisfied.",4,01-01-2021,C523037,Mila Janssen,3010,41.0
P01967,Electronics,Bluetooth Portable Speaker,"Good product, I'm satisfied.",5,2022-10-17,C722871,Sophie Lefevre,3500,35.0
P02247,Home & Kitchen,Dish Drying Rack,"Good product, I'm satisfied.",5,03-09-2021,C356851,Olivia Peeters,5000,40.0
P01843,Electronics,Smartphone Fast Charger,"Good product, I'm satisfied.",5,26-10-2024,C214498,Louis Bosmans,3500,32.0
P05845,Groceries,Organic Almond Milk,"Good product, I'm satisfied.",5,2021/10/11,C296384,Noah Peeters,,32.0
P03856,Beauty,Volumizing Mascara,Not happy with this product.,2,14-11-2023,C433658,Olivia Martens,,37.0
P06805,Clothing,Slim Fit Jeans,"It's okay, not great, not terrible.",3,12-07-2022,C503418,Finn Peeters,3010,27.0
P01243,Electronics,Wireless Noise-Cancelling Headphones,"Good product, I'm satisfied.",4,2023-01-31,C500365,Finn De Smet,2000,29.0
P01764,Electronics,Gaming Mouse Pro Series,"It's okay, not great, not terrible.",3,2024-11-21,C405239,Adam Martens,1011,51.0
P02222,Home & Kitchen,Espresso Coffee Machine,"Good product, I'm satisfied.",5,14-12-2022,C131638,Louis Janssen,5000A,36.0
P04284,Books,Marketing Strategy Handbook,"Good product, I'm satisfied.",4,2022-01-18,C568531,Finn De Wilde,5000A,44.0
P01690,Electronics,USB-C Docking Station,"Good product, I'm satisfied.",5,18-06-2024,C111908,Zoë Janssen,3010,28.0
P01875,Electronics,USB-C Docking Station,"Good product, I'm satisfied.",4,09-12-2022,C709908,Adam Hendriks,3000,29.0
P05114,Groceries,Granola with Nuts,Not happy with this product.,1,21-05-2023,C746223,Noah Bosmans,1050,41.0
P02670,Home & Kitchen,Dish Drying Rack,"It's okay, not great, not terrible.",3,2021-11-04,C598408,Ava Janssen,5000,34.0
P03659,Beauty,Anti-Frizz Hair Oil,,1,2021-06-30,C467274,,1050,44.0
P02990,Home & Kitchen,Vacuum Cleaner Pro,Not happy with this product.,2,2022-02-01,C306369,Adam Peeters,5000,40.0
P01602,Electronics,4K Ultra HD Smart TV,Not happy with this product.,1,2024-07-05,C934080,Emma Lefevre,1180,39.0
P08262,Sports & Outdoors,Running Shorts,Great value for money. I use it almost every day for sports & outdoors tasks and it performs very well.,4,2023-06-14,C973474,Zoë De Smet,1180,38.0
P01592,Electronics,Smartphone Fast Charger,"Good product, I'm satisfied.",5,09-01-2024,C944495,Liam Claes,2000,44.0
P01799,Electronics,Bluetooth Portable Speaker,Not happy with this product.,2,2024/05/13,C393454,Zoë Janssen,1180,61.0
P01685,Electronics,Smartphone Fast Charger,Not happy with this product.,1,27-08-2023,C501574,Noah Lefevre,1180,45.0
P03882,Beauty,SPF 50 Daily Sunscreen,"It's okay, not great, not terrible.",3,2024-07-04,C654787,Zoë De Smet,9000,
P08634,Sports & Outdoors,Camping Lantern Rechargeable,"It's okay, not great, not terrible.",3,2021-08-10,C807435,Léa De Wilde,3010,30.0
P02141,Home & Kitchen,Dish Drying Rack,Not happy with this product.,2,2022-04-21,C936959,Finn Hendriks,3000,55.0
P04299,Books,Psychology of Habits,Not happy with this product.,1,2024-04-24,C967783,Adam De Wilde,5000,33.0
P03840,Beauty,Volumizing Mascara,"Good product, I'm satisfied.",5,13-06-2021,C582591,Liam De Wilde,2018,38.0
P01805,Electronics,Gaming Mouse Pro Series,"Good product, I'm satisfied.",5,2022-01-01,C329858,Arthur De Wilde,9000,25.0
P02336,Home & Kitchen,Vacuum Cleaner Pro,"It's okay, not great, not terrible.",3,2024-02-06,C154511,Adam Bosmans,3010,27.0
P02147,Home & Kitchen,Vacuum Cleaner Pro,,2,11-06-2022,C144817,Emma Martens,3000,75.0
P01433,Electronics,Smartphone Fast Charger,Not happy with this product.,2,2023-12-17,C186845,Sophie De Wilde,2000,45.0
P08259,Sports & Outdoors,Stainless Steel Water Bottle,Not happy with this product.,1,17-03-2022,C304439,Noor Hendriks,200,23.0
P02290,Home & Kitchen,Air Purifier with HEPA Filter,"Good product, I'm satisfied.",4,30-04-2022,C545405,Finn Janssen,1011,36.0
P07174,Toys & Games,Building Blocks Set,"It's okay, not great, not terrible.",3,2022-01-02,C747968,Finn Janssen,1180,40.0
P01243,Electronics,4K Ultra HD Smart TV,"Good product, I'm satisfied.",4,2021-05-17,C243765,Sophie Hendriks,3010,33.0
P02673,Home & Kitchen,Vacuum Cleaner Pro,"Good product, I'm satisfied.",4,2024-04-02,C627321,Ava De Wilde,2018,38.0
P06711,Clothing,Lightweight Hoodie,"Good product, I'm satisfied.",5,23-01-2022,C906487,Emma Hendriks,1050A,56.0
P01168,Electronics,4K Ultra HD Smart TV,"Good product, I'm satisfied.",4,2023/03/23,C265615,Emma De Wilde,1180,25.0
P08423,Sports & Outdoors,Yoga Mat Non-Slip,"Good product, I'm satisfied.",4,2024-06-30,C391755,Adam Claes,3500,26.0
P07244,Toys & Games,Building Blocks Set,"It's okay, not great, not terrible.",3,31-12-2021,C318628,Léa Claes,1180,33.0
P01673,Electronics,USB-C Docking Station,"Good product, I'm satisfied.",4,2023/08/18,C699597,Arthur De Smet,3010,31.0
P06953,Clothing,Running Shoes,"Good product, I'm satisfied.",5,2022-04-06,C721688,Léa Martens,1180,35.0
P01352,Electronics,4K Ultra HD Smart TV,Not happy with this product.,2,2022-11-05,C905572,Louis Hendriks,3000,28.0
P06956,Clothing,Basic Cotton T-Shirt,"Good product, I'm satisfied.",5,2024/09/08,C996385,Louis De Wilde,1180B,28.0
P01440,Electronics,Laptop Stand Aluminum,"Good product, I'm satisfied.",5,12-08-2023,C102860,Liam Maes,5000,41.0
P01569,Electronics,USB-C Docking Station,"Good product, I'm satisfied.",5,03-03-2023,C714696,Ava Hendriks,3500,43.0
P06440,Clothing,Slim Fit Jeans,"Good product, I'm satisfied.",4,26-12-2024,C138949,Louis Hendriks,9000,53.0
P01865,Electronics,USB-C Docking Station,,3,19-12-2024,C361977,Olivia Vermeulen,1180,34.0
P06444,Clothing,Lightweight Hoodie,"Good product, I'm satisfied.",5,2022/02/03,C348245,Noah Martens,1050,43.0
P02843,Home & Kitchen,Air Purifier with HEPA Filter,"Good product, I'm satisfied.",5,2024-09-12,C917919,Léa Lefevre,3000,45.0
P06792,Clothing,Running Shoes,"Good product, I'm satisfied.",4,08-11-2024,C381886,Léa Dubois,3000,27.0
P02320,Home & Kitchen,Memory Foam Pillow,"It's okay, not great, not terrible.",3,11-11-2024,C897671,Zoë Lefevre,1011,
P06740,Clothing,Formal White Shirt,"Good product, I'm satisfied.",4,2023/02/09,C541175,Léa De Wilde,1011,44.0
P05256,Groceries,Extra Virgin Olive Oil,"Good product, I'm satisfied.",5,2023-05-28,C693024,Finn Martens,1050,45.0
P02391,Home & Kitchen,Electric Kettle 1.7L,Not happy with this product.,2,2021-09-02,C997065,Finn Vermeulen,9000,40.0
P02267,Home & Kitchen,Espresso Coffee Machine,"Good product, I'm satisfied.",5,21-03-2022,C193379,Liam Dubois,2000,33.0
P04494,Books,Thriller Novel: The Last Signal,"It's okay, not great, not terrible.",3,2023-05-28,C121426,Ava De Smet,2000,33.0
P03939,Beauty,SPF 50 Daily Sunscreen,"Good product, I'm satisfied.",4,2024-06-15,C666869,Louis Hendriks,3010A,23.0
P01563,Electronics,Wireless Keyboard and Mouse Combo,"Good product, I'm satisfied.",5,2023-01-12,C605056,Arthur Claes,3010,32.0
P10853,Garden,Herb Seeds Mix,Not happy with this product.,1,2023-01-31,C471307,Noah Claes,101,24.0
P03384,Beauty,Volumizing Mascara,"It's okay, not great, not terrible.",3,2024-08-11,C498169,Finn Lefevre,3500,42.0
P03568,Beauty,SPF 50 Daily Sunscreen,"It's okay, not great, not terrible.",3,2022-01-10,C871992,Sophie Dubois,3000,25.0
P02841,Home & Kitchen,Memory Foam Pillow,"Good product, I'm satisfied.",4,2023-01-23,C328155,Mila Janssen,3500,29.0
P02883,Home & Kitchen,Air Purifier with HEPA Filter,"Good product, I'm satisfied.",4,2022/07/17,C640247,Adam Dubois,3010,62.0
P05848,Groceries,Whole Bean Coffee Dark Roast,"It's okay, not great, not terrible.",3,14-05-2024,C954845,Olivia Peeters,1050,44.0
P01297,Electronics,Laptop Stand Aluminum,"It's okay, not great, not terrible.",3,2023/04/09,C965101,Noor Vermeulen,1180,32.0
P03239,Beauty,SPF 50 Daily Sunscreen,Not happy with this product.,2,2023-04-19,C431311,Léa Lefevre,1050,44.0
P06513,Clothing,Lightweight Hoodie,,5,04-10-2021,C360535,Arthur Vermeulen,2018,27.0
P06714,Clothing,Lightweight Hoodie,"Good product, I'm satisfied.",4,2024/12/13,C132415,Mila Peeters,3500,33.0
P06316,Clothing,Formal White Shirt,Not happy with this product.,2,2021-01-21,C793629,Léa Vermeulen,3000B,34.0
P10391,Garden,LED Grow Light,"It's okay, not great, not terrible.",3,22-12-2024,C853185,Sophie Hendriks,500,29.0
P09160,Office Supplies,Notebook A5 Lined,Not happy with this product.,2,25-11-2021,C891852,Mila Dubois,9000,38.0
P01405,Electronics,Bluetooth Portable Speaker,,2,2024-04-27,C976980,Louis Peeters,2000,25.0
P02215,Home & Kitchen,Air Purifier with HEPA Filter,"Good product, I'm satisfied.",4,2021-02-01,C570102,Mila De Wilde,1050,20.0
P03176,Beauty,Anti-Frizz Hair Oil,"Good product, I'm satisfied.",4,2022-01-15,C481449,Lucas De Smet,2018,30.0
P06336,Clothing,Formal White Shirt,"Good product, I'm satisfied.",4,2024-10-30,C102957,Arthur De Smet,101,31.0
P08281,Sports & Outdoors,Camping Lantern Rechargeable,"Good product, I'm satisfied.",4,2023-03-21,C645957,Finn Hendriks,9000,31.0
P01421,Electronics,Bluetooth Portable Speaker,"It's okay, not great, not terrible.",3,2023-04-02,C475263,Arthur Dubois,2018,31.0
P05346,Groceries,Granola with Nuts,"Good product, I'm satisfied.",5,2024-05-24,C700727,Olivia Lefevre,,43.0
P01544,Electronics,4K Ultra HD Smart TV,"It's okay, not great, not terrible.",3,26-02-2021,C353172,Ava Maes,2018,30.0
P08537,Sports & Outdoors,Stainless Steel Water Bottle,"Good product, I'm satisfied.",4,19-02-2023,C524533,Léa Janssen,1180,44.0
P01897,Electronics,4K Ultra HD Smart TV,"It's okay, not great, not terrible.",3,2021-12-27,C515684,Noor Maes,9000,25.0
P06816,Clothing,Lightweight Hoodie,"It's okay, not great, not terrible.",3,2021-10-19,C430619,,5000,67.0
P07120,Toys & Games,Building Blocks Set,"Good product, I'm satisfied.",4,2023/01/29,C352813,Adam De Smet,2000,24.0
P01649,Electronics,Smartphone Fast Charger,Not happy with this product.,2,2023-08-06,C570405,Olivia Lefevre,3000,22.0
P03210,Beauty,Volumizing Mascara,,2,16-06-2022,C510185,Noah Martens,3000,30.0
P02407,Home & Kitchen,Dish Drying Rack,"It's okay, not great, not terrible.",3,2024-06-02,C967359,Liam Janssen,2000,26.0
P01544,Electronics,4K Ultra HD Smart TV,"Good product, I'm satisfied.",4,26-09-2022,C221620,Louis De Wilde,350,25.0
P02234,Home & Kitchen,Non-Stick Frying Pan,"It's okay, not great, not terrible.",3,2024-02-22,C805613,Finn Martens,2018,24.0
P02237,Home & Kitchen,Electric Kettle 1.7L,Not happy with this product.,2,2023-01-16,C587274,Noor Maes,9000,22.0
P02142,Home & Kitchen,Air Purifier with HEPA Filter,"Good product, I'm satisfied.",5,2023-10-15,C492557,Arthur Claes,3500,51.0
P09202,Office Supplies,Wireless Computer Mouse,Not happy with this product.,2,2021-09-22,C902144,Louis Bosmans,2018B,43.0
P05466,Groceries,Gluten-Free Pasta,"Good product, I'm satisfied.",4,2024-06-12,C847851,Arthur Peeters,3000,31.0
P01758,Electronics,Gaming Mouse Pro Series,Not happy with this product.,2,2024-12-21,C628183,Adam Martens,1050,18.0
P07399,Toys & Games,Educational Puzzle Set,"Good product, I'm satisfied.",4,2021-04-23,C154040,Emma De Wilde,900,37.0
P06781,Clothing,Formal White Shirt,Not happy with this product.,1,2021-05-31,C767774,Finn Martens,2000B,39.0
P02571,Home & Kitchen,Dish Drying Rack,"Good product, I'm satisfied.",5,21-08-2021,C480186,,3000,33.0
P01397,Electronics,USB-C Docking Station,"Good product, I'm satisfied.",5,2024/12/24,C997358,Olivia Lefevre,5000,73.0
P02875,Home & Kitchen,Espresso Coffee Machine,Not happy with this product.,2,15-04-2022,C404728,Adam Janssen,1050,34.0
P02340,Home & Kitchen,Espresso Coffee Machine,Not happy with this product.,2,2024-07-30,C614380,Sophie De Wilde,1180A,41.0
P02771,Home & Kitchen,Stainless Steel Cookware Set,"Good product, I'm satisfied.",4,2021-05-04,C551553,Ava Janssen,3000A,37.0
P01100,Electronics,Wireless Noise-Cancelling Headphones,Not happy with this product.,2,2022/08/01,C837520,Noor Martens,9000,45.0
P09748,Office Supplies,Notebook A5 Lined,"Good product, I'm satisfied.",5,2024-09-29,C565676,Noor De Wilde,1180,22.0
P02719,Home & Kitchen,Memory Foam Pillow,Not happy with this product.,2,2022-05-14,C428192,Emma Janssen,3010,39.0
P03506,Beauty,Matte Liquid Lipstick,"Good product, I'm satisfied.",4,02-07-2022,C915085,Olivia Janssen,2018,35.0
P10790,Garden,Indoor Plant Pot,"It's okay, not great, not terrible.",3,03-08-2024,C908538,Noah Martens,200,43.0
P07753,Toys & Games,Plush Teddy Bear,"Good product, I'm satisfied.",5,19-07-2021,C701128,Adam Martens,3500,26.0
P03561,Beauty,Hydrating Face Serum,"Good product, I'm satisfied.",5,2022-04-23,C476921,Mila Janssen,3000,39.0
P02788,Home & Kitchen,Stainless Steel Cookware Set,Not happy with this product.,1,2021-07-20,C108887,Adam Peeters,5000,33.0
P08350,Sports & Outdoors,Running Shorts,"Good product, I'm satisfied.",5,25-12-2021,C354881,Arthur Bosmans,3000A,34.0
P08466,Sports & Outdoors,Yoga Mat Non-Slip,,4,26-12-2022,C320281,Sophie De Smet,1180,32.0
P05401,Groceries,Whole Bean Coffee Dark Roast,"Good product, I'm satisfied.",4,16-11-2023,C102307,Mila Lefevre,1011,34.0
P03309,Beauty,Nourishing Shampoo,"It's okay, not great, not terrible.",3,07-08-2021,C293810,Liam Janssen,9000,34.0
P04676,Books,Beginner's Guide to Python,"Good product, I'm satisfied.",5,2023-01-13,C656334,Noor Janssen,201,30.0
P07503,Toys & Games,Strategy Board Game,"Good product, I'm satisfied.",4,2023-07-05,C118710,Léa Peeters,5000,23.0
P01102,Electronics,Smartphone Fast Charger,"Good product, I'm satisfied.",4,2023-12-20,C546802,Arthur De Smet,9000B,41.0
P02911,Home & Kitchen,Vacuum Cleaner Pro,"Good product, I'm satisfied.",5,01-10-2022,C843501,Finn Lefevre,3010A,40.0
P01179,Electronics,Gaming Mouse Pro Series,"Good product, I'm satisfied.",5,2023-02-06,C873812,Olivia Vermeulen,3010,39.0
P01556,Electronics,Laptop Stand Aluminum,"Good product, I'm satisfied.",4,2022-03-31,C889410,Finn De Wilde,118,40.0
P01219,Electronics,Laptop Stand Aluminum,"It's okay, not great, not terrible.",3,2024-05-09,C935303,Noah Dubois,1180,31.0
P07523,Toys & Games,Strategy Board Game,"Good product, I'm satisfied.",5,2022-08-11,C230374,Liam Peeters,3500A,42.0
P09109,Office Supplies,Wireless Computer Mouse,,4,2021-01-24,C450713,Zoë Bosmans,3000,37.0
P07308,Toys & Games,Building Blocks Set,Not happy with this product.,2,2024-10-28,C241800,Léa Bosmans,2000,39.0
P01468,Electronics,Smartphone Fast Charger,"Good product, I'm satisfied.",4,22-07-2023,C480887,Adam Maes,3500,33.0
P02589,Home & Kitchen,Memory Foam Pillow,"Good product, I'm satisfied.",5,2024-08-06,C702702,Louis Hendriks,9000,40.0
P06494,Clothing,Basic Cotton T-Shirt,"Good product, I'm satisfied.",4,31-12-2023,C782507,Sophie Claes,1011,34.0
P08229,Sports & Outdoors,Running Shorts,"Good product, I'm satisfied.",4,2023-11-13,C878403,,2000,
P02117,Home & Kitchen,Non-Stick Frying Pan,"Good product, I'm satisfied.",4,2022-01-01,C894743,Louis De Smet,350,23.0
P01517,Electronics,Bluetooth Portable Speaker,"Good product, I'm satisfied.",5,2023-12-12,C148758,Noor Lefevre,3000A,
P01921,Electronics,Smartphone Fast Charger,"Good product, I'm satisfied.",5,2022-05-11,C824621,Noah Lefevre,3010,43.0
P06520,Clothing,Basic Cotton T-Shirt,,3,2022/08/11,C500560,Liam Dubois,5000,32.0
P08712,Sports & Outdoors,Running Shorts,"Good product, I'm satisfied.",5,2022-05-30,C193158,Emma Janssen,1011,34.0
P01358,Electronics,4K Ultra HD Smart TV,"It's okay, not great, not terrible.",3,2024-01-24,C500377,Léa Janssen,2018,35.0
P03720,Beauty,Matte Liquid Lipstick,"Good product, I'm satisfied.",5,2022-10-15,C640546,Olivia Martens,3010,35.0
P08322,Sports & Outdoors,Yoga Mat Non-Slip,"Good product, I'm satisfied.",4,21-09-2021,C624393,Louis Claes,3010,43.0
P03261,Beauty,Matte Liquid Lipstick,Not happy with this product.,1,12-04-2023,C362663,Léa Bosmans,3500,27.0
P03751,Beauty,SPF 50 Daily Sunscreen,Not happy with this product.,2,2021-04-22,C936994,Louis Janssen,2000,39.0
P01825,Electronics,Gaming Mouse Pro Series,"Good product, I'm satisfied.",4,2021-07-23,C562965,Léa Maes,1050,31.0
P02831,Home & Kitchen,Stainless Steel Cookware Set,"Good product, I'm satisfied.",4,2024-05-12,C602139,Lucas De Smet,,30.0
P03209,Beauty,Matte Liquid Lipstick,"Good product, I'm satisfied.",5,2022-11-25,C417128,Lucas De Smet,9000,49.0
P02350,Home & Kitchen,Air Purifier with HEPA Filter,Not happy with this product.,2,2024/08/25,C368511,Léa Bosmans,9000,26.0
P06295,Clothing,Basic Cotton T-Shirt,"Good product, I'm satisfied.",4,06-06-2022,C335682,Emma Maes,1011,29.0
P02397,Home & Kitchen,Espresso Coffee Machine,"Good product, I'm satisfied.",5,05-12-2024,C530487,Noor De Wilde,3010,21.0
P04760,Books,Marketing Strategy Handbook,"Good product, I'm satisfied.",4,2024-07-19,C495328,Zoë Claes,2018,33.0
P03263,Beauty,Nourishing Shampoo,"Good product, I'm satisfied.",5,2023-12-18,C507281,Finn Claes,1180,45.0
P01833,Electronics,Smartphone Fast Charger,Not happy with this product.,1,20-07-2024,C454349,Liam Lefevre,301,21.0
P08637,Sports & Outdoors,Running Shorts,"Good product, I'm satisfied.",5,18-11-2022,C750919,Adam Maes,1050,38.0
P04206,Books,Psychology of Habits,"Good product, I'm satisfied.",5,2024/01/06,C209050,Mila Claes,3000,45.0
P02928,Home & Kitchen,Vacuum Cleaner Pro,Not happy with this product.,2,2022-07-20,C163557,Finn Dubois,2018,58.0
P04223,Books,Beginner's Guide to Python,"Good product, I'm satisfied.",5,2022/09/28,C413048,Louis Lefevre,301,36.0
P01871,Electronics,Wireless Keyboard and Mouse Combo,"It's okay, not great, not terrible.",3,2022/03/20,C375414,Olivia Dubois,350,41.0
P10178,Garden,Garden Hose 20m,Not happy with this product.,1,2022-12-29,C630036,Sophie De Smet,9000,59.0
P02375,Home & Kitchen,Memory Foam Pillow,"Good product, I'm satisfied.",4,2022-10-02,C772582,Noor Janssen,3000,22.0
P01294,Electronics,Smartphone Fast Charger,,5,2022/04/05,C398249,Mila Martens,9000,40.0
P01174,Electronics,Wireless Noise-Cancelling Headphones,Not happy with this product.,2,2023-06-22,C845099,Zoë Vermeulen,1180,31.0
P03300,Beauty,SPF 50 Daily Sunscreen,Not happy with this product.,2,08-07-2024,C835157,Emma Hendriks,3500A,54.0
P06654,Clothing,Slim Fit Jeans,"Good product, I'm satisfied.",5,2024/01/30,C551283,Lucas Bosmans,3010,27.0
P06339,Clothing,Lightweight Hoodie,"Good product, I'm satisfied.",5,2021-06-16,C736237,Louis Lefevre,5000,18.0
P01600,Electronics,Bluetooth Portable Speaker,"Good product, I'm satisfied.",5,2024-06-20,C785592,Emma Claes,3500A,72.0
P10996,Garden,Garden Hose 20m,"Good product, I'm satisfied.",5,2021-05-16,C429975,,3010,44.0
P05730,Groceries,Whole Bean Coffee Dark Roast,"Good product, I'm satisfied.",4,2021-01-01,C696750,,9000,45.0
P03596,Beauty,Matte Liquid Lipstick,Not happy with this product.,2,2021-12-04,C422391,Emma Lefevre,2000,32.0
P04146,Books,Marketing Strategy Handbook,Not happy with this product.,2,2022-08-18,C500019,Noah Bosmans,9000,56.0
P04360,Books,Beginner's Guide to Python,"Good product, I'm satisfied.",5,2021-11-27,C359433,Finn De Wilde,3000,
P05689,Groceries,Gluten-Free Pasta,"It's okay, not great, not terrible.",3,2024-03-23,C773640,Lucas Lefevre,1011,20.0
P01620,Electronics,Wireless Noise-Cancelling Headphones,"Good product, I'm satisfied.",5,2023/08/18,C605081,Zoë Lefevre,2000,38.0
P08776,Sports & Outdoors,Running Shorts,"Good product, I'm satisfied.",5,28-07-2021,C673009,Louis Bosmans,5000,35.0
P07416,Toys & Games,Plush Teddy Bear,"Good product, I'm satisfied.",4,2023/09/02,C741310,Emma Claes,3000,42.0
P01702,Electronics,Gaming Mouse Pro Series,Not happy with this product.,2,16-12-2022,C961240,Léa Claes,1011,26.0
P08492,Sports & Outdoors,Running Shorts,"Good product, I'm satisfied.",4,2022-11-13,C965303,Emma Peeters,1050,45.0
P06378,Clothing,Lightweight Hoodie,"Good product, I'm satisfied.",5,2021-11-09,C429989,Louis Dubois,5000,21.0
P06314,Clothing,Slim Fit Jeans,"Good product, I'm satisfied.",4,26-12-2024,C950083,Arthur De Wilde,118,31.0
P03561,Beauty,Hydrating Face Serum,"Good product, I'm satisfied.",4,2024/08/01,C972950,Adam Dubois,3000A,42.0
P08283,Sports & Outdoors,Yoga Mat Non-Slip,Not happy with this product.,1,2023-12-29,C758804,Louis Lefevre,3010,
P07876,Toys & Games,Building Blocks Set,,4,2024-08-02,C872179,Lucas De Wilde,101,42.0
P02732,Home & Kitchen,Memory Foam Pillow,"Good product, I'm satisfied.",4,2022-01-20,C574760,Ava Bosmans,3500A,28.0
P05279,Groceries,Whole Bean Coffee Dark Roast,"Good product, I'm satisfied.",5,2023-05-26,C740632,Adam Hendriks,3000,29.0
P04992,Books,Thriller Novel: The Last Signal,"Good product, I'm satisfied.",5,2022-10-19,C836984,Noah Bosmans,1011,26.0
P02147,Home & Kitchen,Stainless Steel Cookware Set,"Good product, I'm satisfied.",5,18-04-2023,C407775,Liam De Smet,5000,25.0
P08435,Sports & Outdoors,Camping Lantern Rechargeable,,5,2023-05-16,C535110,Olivia Janssen,1011,44.0
P01954,Electronics,4K Ultra HD Smart TV,"It's okay, not great, not terrible.",3,2022-07-06,C548664,Olivia Dubois,1011,45.0
P08191,Sports & Outdoors,Stainless Steel Water Bottle,"Good product, I'm satisfied.",4,2022-06-18,C432731,Arthur Maes,2000,33.0
P05761,Groceries,Whole Bean Coffee Dark Roast,"Good product, I'm satisfied.",5,2023-09-10,C212947,Léa Bosmans,2018A,54.0
P03970,Beauty,Matte Liquid Lipstick,"Good product, I'm satisfied.",5,08-01-2023,C111632,Zoë Vermeulen,1180,26.0
P07855,Toys & Games,Plush Teddy Bear,"Good product, I'm satisfied.",5,2022-09-26,C345433,Emma Vermeulen,5000,29.0
P04262,Books,Marketing Strategy Handbook,Not happy with this product.,2,2022-11-02,C929622,Louis Peeters,1011,37.0
P05928,Groceries,Whole Bean Coffee Dark Roast,"Good product, I'm satisfied.",5,03-01-2022,C856532,Liam Martens,,31.0
P01991,Electronics,USB-C Docking Station,"It's okay, not great, not terrible.",3,2023-12-16,C329820,Louis Bosmans,500,33.0
P06840,Clothing,Basic Cotton T-Shirt,"It's okay, not great, not terrible.",3,2022-07-11,C612856,Lucas Vermeulen,1011,27.0
P01460,Electronics,4K Ultra HD Smart TV,"Good product, I'm satisfied.",4,2023-02-14,C983073,Emma Martens,1011,34.0
P01249,Electronics,Gaming Mouse Pro Series,Not happy with this product.,2,2024-11-28,C999948,Zoë Peeters,2018,33.0
P02606,Home & Kitchen,Dish Drying Rack,Not happy with this product.,1,28-04-2023,C138878,Sophie Martens,2018A,31.0
P07527,Toys & Games,Building Blocks Set,Not happy with this product.,2,2021/09/26,C582860,Zoë Peeters,5000,29.0
P06551,Clothing,Formal White Shirt,Not happy with this product.,2,2023-07-15,C884856,Olivia De Wilde,1180,45.0
P02752,Home & Kitchen,Air Purifier with HEPA Filter,"It's okay, not great, not terrible.",3,04-02-2022,C459129,Finn Martens,1050,43.0
P05191,Groceries,Whole Bean Coffee Dark Roast,Not happy with this product.,2,2023/04/13,C437488,Emma Bosmans,3500,25.0
P10118,Garden,Garden Hose 20m,Not happy with this product.,2,25-08-2022,C661723,Olivia Maes,1180,28.0
P09907,Office Supplies,Wireless Computer Mouse,Not happy with this product.,1,2022-03-12,C488558,Zoë Janssen,1050,21.0
P04244,Books,Beginner's Guide to Python,"Good product, I'm satisfied.",5,2021-10-10,C851450,,118,63.0
P01874,Electronics,USB-C Docking Station,"Good product, I'm satisfied.",4,2022-01-29,C978103,Arthur Peeters,3500,24.0
P05434,Groceries,Whole Bean Coffee Dark Roast,Not happy with this product.,2,23-12-2021,C294607,Emma Lefevre,1180A,37.0
P02460,Home & Kitchen,Espresso Coffee Machine,Not happy with this product.,2,2024-03-02,C183950,Lucas Lefevre,2000,35.0
P09632,Office Supplies,Ergonomic Office Chair,"Good product, I'm satisfied.",5,2024-09-29,C123432,Noah Bosmans,2000,32.0
P02545,Home & Kitchen,Stainless Steel Cookware Set,"Good product, I'm satisfied.",5,2023-07-10,C497324,Noor Maes,2018,28.0
P05118,Groceries,Organic Almond Milk,Not happy with this product.,1,24-08-2021,C481086,Zoë Peeters,2018,29.0
P01228,Electronics,Laptop Stand Aluminum,"It's okay, not great, not terrible.",3,2023-04-12,C980945,Sophie Martens,1180,37.0
P07259,Toys & Games,Building Blocks Set,"Good product, I'm satisfied.",5,02-01-2024,C745179,Zoë Vermeulen,1011,37.0
P03758,Beauty,Anti-Frizz Hair Oil,Not happy with this product.,1,29-06-2023,C497030,Mila De Smet,5000B,28.0
P08874,Sports & Outdoors,Camping Lantern Rechargeable,Not happy with this product.,2,2021-12-30,C586449,Ava Claes,2000,39.0
P01323,Electronics,Wireless Keyboard and Mouse Combo,"Good product, I'm satisfied.",4,2021-03-29,C275530,Ava De Smet,3010A,37.0
P03446,Beauty,Matte Liquid Lipstick,"Good product, I'm satisfied.",5,17-11-2021,C355962,Louis Lefevre,2018,25.0
P01424,Electronics,Smartphone Fast Charger,Not happy with this product.,1,29-06-2021,C993614,Noor Martens,9000,23.0
P10457,Garden,LED Grow Light,"Good product, I'm satisfied.",5,2022-12-26,C537697,Zoë Vermeulen,1011,43.0
P01276,Electronics,Wireless Keyboard and Mouse Combo,Not happy with this product.,2,2022-01-11,C468513,Finn Dubois,2018,29.0
P01605,Electronics,4K Ultra HD Smart TV,Not happy with this product.,1,2023-05-31,C460944,Zoë Bosmans,5000A,36.0
P05432,Groceries,Granola with Nuts,Not happy with this product.,2,10-04-2021,C867080,Arthur De Wilde,1011,27.0
P04469,Books,Cookbook: Easy Weeknight Meals,"Good product, I'm satisfied.",4,2022-10-03,C743732,Noor Vermeulen,1180,32.0
P03335,Beauty,SPF 50 Daily Sunscreen,"Good product, I'm satisfied.",4,2023-04-03,C390648,Finn Peeters,1180,40.0
P03123,Beauty,Hydrating Face Serum,"It's okay, not great, not terrible.",3,2021-12-29,C950138,Olivia Peeters,3500,27.0
P06833,Clothing,Running Shoes,"Good product, I'm satisfied.",5,2022-03-31,C574514,Liam Peeters,1050,55.0
P08452,Sports & Outdoors,Running Shorts,"Good product, I'm satisfied.",5,2024/06/04,C108286,Adam Vermeulen,1180,42.0
P02904,Home & Kitchen,Vacuum Cleaner Pro,"It's okay, not great, not terrible.",3,2024-05-06,C313464,Lucas Hendriks,2000B,32.0
P01122,Electronics,4K Ultra HD Smart TV,,4,2023-01-09,C987560,Ava Janssen,,26.0
P02206,Home & Kitchen,Electric Kettle 1.7L,"Good product, I'm satisfied.",4,27-05-2024,C918855,Adam Bosmans,1180,
P07221,Toys & Games,Strategy Board Game,"Good product, I'm satisfied.",4,2023-10-18,C469390,Adam Bosmans,1050,38.0
P01498,Electronics,Smartphone Fast Charger,"Good product, I'm satisfied.",5,2023/07/22,C566695,Sophie Claes,5000,43.0
P01507,Electronics,Laptop Stand Aluminum,Not happy with this product.,1,2024-03-25,C156171,Sophie De Smet,1050,31.0
P05330,Groceries,Gluten-Free Pasta,"Good product, I'm satisfied.",4,2024-07-15,C638752,Liam Peeters,2018,36.0
P03272,Beauty,Nourishing Shampoo,Not happy with this product.,1,14-04-2022,C461629,Olivia Hendriks,1050,39.0
P04658,Books,Thriller Novel: The Last Signal,,2,2024-08-30,C349282,Arthur Peeters,5000,45.0
P10850,Garden,Herb Seeds Mix,"Good product, I'm satisfied.",5,2024/12/09,C484014,Noor Claes,9000,27.0
P02666,Home & Kitchen,Non-Stick Frying Pan,Not happy with this product.,2,2021-01-20,C749918,Noor Hendriks,5000,24.0
P01507,Electronics,Wireless Noise-Cancelling Headphones,Not happy with this product.,1,2024-01-25,C698939,Mila Maes,5000,32.0
P09664,Office Supplies,Gel Ink Pens Pack,"Good product, I'm satisfied.",5,2023-02-05,C106802,Louis De Smet,1180,20.0
P02707,Home & Kitchen,Memory Foam Pillow,"Good product, I'm satisfied.",5,28-08-2023,C703943,Arthur Lefevre,1011,40.0
P02146,Home & Kitchen,Vacuum Cleaner Pro,"Good product, I'm satisfied.",5,13-01-2024,C936043,Arthur Martens,2018,70.0
P08248,Sports & Outdoors,Stainless Steel Water Bottle,"Good product, I'm satisfied.",4,2022-07-27,C635725,Noah Hendriks,,35.0
P02627,Home & Kitchen,Dish Drying Rack,"Good product, I'm satisfied.",5,2023-07-28,C292858,Adam Dubois,1180A,22.0
P02279,Home & Kitchen,Stainless Steel Cookware Set,Not happy with this product.,2,2023/04/28,C332431,Noah Lefevre,1050,29.0
P01444,Electronics,Bluetooth Portable Speaker,"Good product, I'm satisfied.",5,2024-09-17,C746968,Noah Bosmans,3500,33.0
P01813,Electronics,Gaming Mouse Pro Series,"Good product, I'm satisfied.",5,05-05-2021,C235197,Ava Janssen,9000,42.0
P06438,Clothing,Slim Fit Jeans,"Good product, I'm satisfied.",5,03-02-2024,C179742,,,45.0
P04643,Books,Cookbook: Easy Weeknight Meals,"Good product, I'm satisfied.",5,22-08-2022,C788852,Olivia Vermeulen,5000,36.0
P01820,Electronics,Wireless Noise-Cancelling Headphones,"Good product, I'm satisfied.",5,2024-04-28,C445184,Olivia Bosmans,3000,23.0
P10194,Garden,Indoor Plant Pot,"Good product, I'm satisfied.",5,2021-11-08,C730166,Mila Hendriks,3500,58.0
P05542,Groceries,Gluten-Free Pasta,"Good product, I'm satisfied.",4,2023/09/10,C570627,Finn Janssen,2000,30.0
P01808,Electronics,Smartphone Fast Charger,"It's okay, not great, not terrible.",3,12-01-2021,C529041,Sophie Janssen,2018A,27.0
P01966,Electronics,Gaming Mouse Pro Series,"Good product, I'm satisfied.",5,2022/08/04,C256957,Arthur Hendriks,3000B,37.0
P03561,Beauty,Anti-Frizz Hair Oil,"Good product, I'm satisfied.",5,30-10-2024,C945402,Ava Maes,1050,45.0
P01351,Electronics,Gaming Mouse Pro Series,"Good product, I'm satisfied.",5,2024-01-13,C295245,Emma De Wilde,300,44.0
P08139,Sports & Outdoors,Running Shorts,"Good product, I'm satisfied.",5,2022-07-14,C943518,Léa Maes,1050,36.0
P03454,Beauty,SPF 50 Daily Sunscreen,"It's okay, not great, not terrible.",3,2021-09-11,C989243,Emma Peeters,2018,74.0
P05880,Groceries,Whole Bean Coffee Dark Roast,"Good product, I'm satisfied.",5,2021-06-17,C359486,Sophie De Wilde,2018,43.0
P01227,Electronics,Wireless Keyboard and Mouse Combo,"It's okay, not great, not terrible.",3,2024-02-08,C263547,Mila Peeters,,
P05182,Groceries,Organic Almond Milk,"It's okay, not great, not terrible.",3,2021/06/12,C271306,Noor Lefevre,2000,68.0
P03597,Beauty,Nourishing Shampoo,"Good product, I'm satisfied.",4,2024-08-26,C108051,Emma Janssen,3500,54.0
P05225,Groceries,Granola with Nuts,"Good product, I'm satisfied.",4,2022/02/04,C286578,Liam De Wilde,3010,40.0
P01456,Electronics,Bluetooth Portable Speaker,Quality feels premium and durable. I use it almost every day for electronics tasks and it performs very well.,5,2023-09-17,C427040,Lucas Claes,3000,35.0
P01374,Electronics,Bluetooth Portable Speaker,"Good product, I'm satisfied.",4,2022-04-21,C413425,Adam Vermeulen,105,57.0
P08337,Sports & Outdoors,Camping Lantern Rechargeable,"Good product, I'm satisfied.",5,2021-10-24,C322562,Ava De Wilde,5000,42.0
P07987,Toys & Games,Strategy Board Game,"Good product, I'm satisfied.",5,2022-11-28,C304019,Noor De Wilde,1011B,35.0
P02240,Home & Kitchen,Air Purifier with HEPA Filter,Not happy with this product.,2,2024-04-12,C935741,Emma Janssen,1050,24.0
P08773,Sports & Outdoors,Running Shorts,Not happy with this product.,1,2023-11-07,C126781,Sophie Hendriks,1180,31.0
P04901,Books,Cookbook: Easy Weeknight Meals,Exceeded my expectations. I use it almost every day for books tasks and it performs very well.,5,2021-11-28,C456234,Léa Peeters,118,26.0
P01658,Electronics,USB-C Docking Station,"Good product, I'm satisfied.",5,29-01-2022,C342001,Léa Maes,3010,36.0
P02784,Home & Kitchen,Memory Foam Pillow,"Good product, I'm satisfied.",4,01-07-2022,C719482,Noor Maes,3500,29.0
P03806,Beauty,Hydrating Face Serum,"Good product, I'm satisfied.",4,2024-01-18,C412514,Lucas Dubois,1180A,38.0
P02676,Home & Kitchen,Espresso Coffee Machine,"Good product, I'm satisfied.",4,2023/03/10,C988209,Liam Vermeulen,1050,22.0
P07318,Toys & Games,Building Blocks Set,Not happy with this product.,1,2022-11-12,C907940,Arthur Peeters,1050,37.0
P01153,Electronics,Wireless Noise-Cancelling Headphones,"Good product, I'm satisfied.",4,2022/12/27,C449031,Zoë De Smet,3010,18.0
P03301,Beauty,Anti-Frizz Hair Oil,"Good product, I'm satisfied.",4,10-03-2024,C527260,Noah Dubois,3010,23.0
P06926,Clothing,Lightweight Hoodie,Not happy with this product.,1,2023-06-21,C708399,Léa Janssen,1011,44.0
P04464,Books,Cookbook: Easy Weeknight Meals,"Good product, I'm satisfied.",5,2023-09-20,C598940,Sophie De Wilde,3500,33.0
P01980,Electronics,4K Ultra HD Smart TV,"It's okay, not great, not terrible.",3,2023-11-30,C521312,Mila De Smet,3500,26.0
P06167,Clothing,Running Shoes,"It's okay, not great, not terrible.",3,2021-04-21,C318101,Ava Hendriks,1180,43.0
P01267,Electronics,Bluetooth Portable Speaker,"Good product, I'm satisfied.",5,2023-04-20,C535353,Liam Maes,2018,33.0
P03589,Beauty,Anti-Frizz Hair Oil,"It's okay, not great, not terrible.",3,2023-09-16,C793390,Louis Vermeulen,1011,36.0
P08271,Sports & Outdoors,Camping Lantern Rechargeable,"Good product, I'm satisfied.",5,2022/05/12,C576643,Sophie De Wilde,3500,28.0
P05820,Groceries,Granola with Nuts,"Good product, I'm satisfied.",5,30-03-2024,C263678,Liam Bosmans,9000,22.0
P01867,Electronics,Smartphone Fast Charger,"It's okay, not great, not terrible.",3,12-10-2024,C813448,Arthur De Wilde,2018,33.0
P02289,Home & Kitchen,Memory Foam Pillow,Not happy with this product.,2,2023/10/02,C955216,Adam Dubois,3500,30.0
P01157,Electronics,Wireless Keyboard and Mouse Combo,"Good product, I'm satisfied.",4,2023/12/16,C832698,Léa Lefevre,9000,42.0
P10365,Garden,LED Grow Light,Not happy with this product.,1,2023-09-21,C554995,Lucas Bosmans,1180B,36.0
P09708,Office Supplies,Wireless Computer Mouse,Not happy with this product.,2,2022-09-16,C746624,Noah Claes,1180,35.0
P06988,Clothing,Formal White Shirt,"Good product, I'm satisfied.",4,2021-11-22,C492073,Adam Janssen,2018,22.0
P01405,Electronics,Wireless Keyboard and Mouse Combo,"Good product, I'm satisfied.",5,2023-07-20,C962181,Liam Maes,1050,47.0
P09569,Office Supplies,Gel Ink Pens Pack,"Good product, I'm satisfied.",4,2021-04-01,C420565,Finn De Smet,3000,26.0
P06841,Clothing,Running Shoes,Not happy with this product.,1,08-05-2024,C893577,Olivia Bosmans,1011,
P04712,Books,Beginner's Guide to Python,Not happy with this product.,2,19-08-2024,C928317,Sophie Martens,1050,33.0
P01608,Electronics,Wireless Noise-Cancelling Headphones,"Good product, I'm satisfied.",5,2021-08-10,C862899,Mila Martens,3010,32.0
P08675,Sports & Outdoors,Yoga Mat Non-Slip,"Good product, I'm satisfied.",5,2024-12-09,C885654,Finn De Wilde,5000,20.0
P02830,Home & Kitchen,Non-Stick Frying Pan,"It's okay, not great, not terrible.",3,2023-01-21,C277540,Mila Peeters,101,31.0
P01217,Electronics,4K Ultra HD Smart TV,"Good product, I'm satisfied.",5,2021-12-21,C846944,Noor Martens,,44.0
P02316,Home & Kitchen,Espresso Coffee Machine,"Good product, I'm satisfied.",5,2021-10-19,C532699,Zoë Hendriks,9000,28.0
P02555,Home & Kitchen,Non-Stick Frying Pan,Not happy with this product.,2,02-04-2022,C966294,Mila Hendriks,9000,24.0
P02810,Home & Kitchen,Memory Foam Pillow,"Good product, I'm satisfied.",4,10-10-2022,C788541,Louis Vermeulen,1180A,
P02784,Home & Kitchen,Memory Foam Pillow,Not happy with this product.,2,2024-09-27,C127086,Adam Lefevre,3500,19.0
P02522,Home & Kitchen,Stainless Steel Cookware Set,"Good product, I'm satisfied.",5,24-12-2023,C339286,Olivia Dubois,3000,30.0
P05469,Groceries,Granola with Nuts,"It's okay, not great, not terrible.",3,2023-11-30,C145927,Liam Bosmans,3000,25.0
P02144,Home & Kitchen,Electric Kettle 1.7L,Not happy with this product.,2,2022-06-17,C554510,Sophie Janssen,201,32.0
P01587,Electronics,Wireless Noise-Cancelling Headphones,Not happy with this product.,2,2022-04-26,C283061,Emma Peeters,3010,25.0
P01560,Electronics,Bluetooth Portable Speaker,Not happy with this product.,2,2023/01/04,C588694,Lucas Lefevre,9000,28.0
P08738,Sports & Outdoors,Camping Lantern Rechargeable,"Good product, I'm satisfied.",5,2024-06-15,C648862,,900,28.0
P01449,Electronics,4K Ultra HD Smart TV,"Good product, I'm satisfied.",4,2023-11-06,C787682,Liam Dubois,9000,35.0
P02351,Home & Kitchen,Memory Foam Pillow,"Good product, I'm satisfied.",5,2023-01-24,C776095,Adam Maes,1180B,39.0
P02191,Home & Kitchen,Espresso Coffee Machine,"Good product, I'm satisfied.",5,27-12-2023,C231169,Emma Hendriks,2000,35.0
P06677,Clothing,Basic Cotton T-Shirt,"It's okay, not great, not terrible.",3,2023-07-14,C774757,Adam Dubois,3000B,37.0
P06669,Clothing,Running Shoes,Not happy with this product.,2,2023-04-13,C110644,Noor De Smet,9000,40.0
P05233,Groceries,Organic Almond Milk,"Good product, I'm satisfied.",4,2023-11-24,C804243,Noor Hendriks,9000B,28.0
P02617,Home & Kitchen,Memory Foam Pillow,Not happy with this product.,1,2021-01-22,C988885,Ava De Smet,2018,26.0
P06515,Clothing,Basic Cotton T-Shirt,"Good product, I'm satisfied.",4,2021-07-21,C951752,Louis Lefevre,5000,23.0
P06706,Clothing,Lightweight Hoodie,"Good product, I'm satisfied.",5,2024-08-13,C403889,Mila Bosmans,3000,22.0
P02623,Home & Kitchen,Electric Kettle 1.7L,"Good product, I'm satisfied.",4,2023-09-17,C371127,Zoë Martens,101,66.0
P01368,Electronics,Bluetooth Portable Speaker,"Good product, I'm satisfied.",5,2023-09-05,C113415,Mila Martens,1180,35.0
P01748,Electronics,Wireless Noise-Cancelling Headphones,Not happy with this product.,2,2021-11-19,C258263,Arthur Dubois,5000,
P01152,Electronics,Wireless Keyboard and Mouse Combo,"Good product, I'm satisfied.",5,2021-08-05,C640615,Louis Maes,2000,25.0
P08264,Sports & Outdoors,Yoga Mat Non-Slip,"Good product, I'm satisfied.",4,2024-11-06,C434522,Olivia De Wilde,5000,38.0
P02509,Home & Kitchen,Dish Drying Rack,"It's okay, not great, not terrible.",3,27-09-2022,C999146,Liam Martens,1180,32.0
P05908,Groceries,Whole Bean Coffee Dark Roast,"It's okay, not great, not terrible.",3,2024/02/13,C705662,Adam Maes,1011,45.0
P02633,Home & Kitchen,Air Purifier with HEPA Filter,"Good product, I'm satisfied.",4,2024-10-29,C757746,Emma Vermeulen,3500,45.0
P01789,Electronics,Bluetooth Portable Speaker,Not happy with this product.,1,2024/03/16,C509008,Ava Lefevre,5000,31.0
P08337,Sports & Outdoors,Camping Lantern Rechargeable,"It's okay, not great, not terrible.",3,28-07-2022,C970753,Ava Vermeulen,,74.0
P02673,Home & Kitchen,Air Purifier with HEPA Filter,"Good product, I'm satisfied.",5,2022/07/31,C455294,Léa De Smet,3500,
P02101,Home & Kitchen,Dish Drying Rack,"Good product, I'm satisfied.",4,2024-10-05,C645175,Zoë Maes,1180B,28.0
P01791,Electronics,Wireless Noise-Cancelling Headphones,"Good product, I'm satisfied.",4,24-07-2024,C658155,Noah Claes,3000,26.0
P01617,Electronics,Bluetooth Portable Speaker,"Good product, I'm satisfied.",5,03-06-2021,C990079,Louis Claes,1050,47.0
P01520,Electronics,Wireless Noise-Cancelling Headphones,"Good product, I'm satisfied.",5,2022-01-15,C725802,Sophie Lefevre,1180,20.0
P02391,Home & Kitchen,Air Purifier with HEPA Filter,"Good product, I'm satisfied.",5,2022-06-18,C610910,Olivia Vermeulen,1180,42.0
P06783,Clothing,Lightweight Hoodie,Not happy with this product.,1,27-11-2021,C638329,Olivia Dubois,5000,30.0
P02494,Home & Kitchen,Vacuum Cleaner Pro,"Good product, I'm satisfied.",4,2022/01/03,C801215,Noah Dubois,,29.0
P01533,Electronics,Laptop Stand Aluminum,"It's okay, not great, not terrible.",3,01-05-2024,C483010,Lucas De Smet,101,39.0
P01449,Electronics,Gaming Mouse Pro Series,Not happy with this product.,1,2024-06-25,C512373,Ava Peeters,1050,32.0
P01810,Electronics,Wireless Keyboard and Mouse Combo,I would definitely recommend this. I use it almost every day for electronics tasks and it performs very well.,5,2022-12-27,C428477,Noor Hendriks,1180,42.0
P09893,Office Supplies,Notebook A5 Lined,"Good product, I'm satisfied.",4,24-11-2024,C530744,Zoë De Smet,2018,48.0
P02793,Home & Kitchen,Espresso Coffee Machine,Not happy with this product.,1,2021-08-29,C620787,Louis Bosmans,1050,39.0
P03580,Beauty,Volumizing Mascara,"Good product, I'm satisfied.",5,2022-10-06,C972596,Lucas Janssen,2018,35.0
P08965,Sports & Outdoors,Yoga Mat Non-Slip,,5,27-02-2021,C169958,Adam Hendriks,3010,45.0
P06545,Clothing,Formal White Shirt,"Good product, I'm satisfied.",5,2021-12-26,C913743,Léa Martens,,50.0
P02276,Home & Kitchen,Stainless Steel Cookware Set,"Good product, I'm satisfied.",5,2023-11-08,C176696,Zoë Peeters,2000,29.0
P01867,Electronics,USB-C Docking Station,"It's okay, not great, not terrible.",3,2024-08-11,C527817,Arthur Peeters,9000,22.0
P02350,Home & Kitchen,Stainless Steel Cookware Set,"Good product, I'm satisfied.",5,2023-01-07,C705640,Arthur Bosmans,300,66.0
P01875,Electronics,USB-C Docking Station,Not happy with this product.,2,29-07-2023,C206490,Arthur Hendriks,3500,62.0
P02194,Home & Kitchen,Vacuum Cleaner Pro,Not happy with this product.,2,2024/11/12,C492585,Mila Bosmans,3500,37.0
P02321,Home & Kitchen,Non-Stick Frying Pan,"Good product, I'm satisfied.",4,2021-12-28,C943554,Louis Vermeulen,3010,29.0
P01734,Electronics,Wireless Noise-Cancelling Headphones,"Good product, I'm satisfied.",4,2022/03/21,C196407,,3000,44.0
P08991,Sports & Outdoors,Camping Lantern Rechargeable,"Good product, I'm satisfied.",4,13-07-2024,C102850,Liam Maes,300,40.0
P02342,Home & Kitchen,Espresso Coffee Machine,"Good product, I'm satisfied.",5,2023-12-04,C416422,Zoë Dubois,1011,43.0
P01414,Electronics,Bluetooth Portable Speaker,Not happy with this product.,2,2022-12-20,C560530,Léa Claes,500,22.0
P08557,Sports & Outdoors,Running Shorts,"Good product, I'm satisfied.",4,2023-10-14,C546597,Arthur Lefevre,3000,31.0
P01951,Electronics,Laptop Stand Aluminum,"Good product, I'm satisfied.",4,2022/10/18,C273349,Adam Bosmans,3000,24.0
P10206,Garden,LED Grow Light,"Good product, I'm satisfied.",4,11-03-2024,C536236,Zoë De Wilde,3500,22.0
P01754,Electronics,Wireless Noise-Cancelling Headphones,Not happy with this product.,1,11-08-2021,C317782,Lucas Janssen,1011,34.0
P02696,Home & Kitchen,Espresso Coffee Machine,Not happy with this product.,1,07-09-2023,C695783,Emma Bosmans,1011A,56.0
P07196,Toys & Games,Building Blocks Set,Not happy with this product.,2,2023-01-30,C399092,Mila Janssen,1050,37.0
P08996,Sports & Outdoors,Yoga Mat Non-Slip,Not happy with this product.,1,2021-12-01,C267383,Louis De Wilde,2018,41.0
P03643,Beauty,Hydrating Face Serum,Not happy with this product.,1,2024-10-01,C253880,Louis De Smet,1011,34.0
P03540,Beauty,Anti-Frizz Hair Oil,"Good product, I'm satisfied.",5,2021-04-28,C471500,Liam Martens,5000,38.0
P02865,Home & Kitchen,Stainless Steel Cookware Set,Not happy with this product.,1,12-04-2021,C790379,Lucas Maes,2018,
P02945,Home & Kitchen,Stainless Steel Cookware Set,,5,2024-11-10,C657566,Noah Maes,3010,42.0
P07369,Toys & Games,Strategy Board Game,"Good product, I'm satisfied.",4,29-07-2023,C971605,Liam Janssen,3500,44.0
P01641,Electronics,Wireless Noise-Cancelling Headphones,,3,26-02-2021,C113189,Emma Martens,3010,19.0
P02281,Home & Kitchen,Espresso Coffee Machine,"It's okay, not great, not terrible.",3,2021-07-08,C752036,Louis De Smet,3500,58.0
P06358,Clothing,Lightweight Hoodie,Not happy with this product.,1,2024-01-10,C975467,Liam Claes,1050,45.0
P02882,Home & Kitchen,Air Purifier with HEPA Filter,"It's okay, not great, not terrible.",3,2021-09-19,C724881,Léa Vermeulen,1050,43.0
P04785,Books,Cookbook: Easy Weeknight Meals,Not happy with this product.,2,2021-05-31,C238657,Emma De Wilde,200,42.0
P02123,Home & Kitchen,Espresso Coffee Machine,"Good product, I'm satisfied.",4,2024-01-24,C574631,Arthur Janssen,2000,36.0
P04289,Books,Thriller Novel: The Last Signal,"It's okay, not great, not terrible.",3,2021/04/07,C231875,Liam Janssen,1180,42.0
P01929,Electronics,Wireless Keyboard and Mouse Combo,"Good product, I'm satisfied.",5,2021-05-20,C720020,Ava Bosmans,2018,38.0
P06673,Clothing,Running Shoes,"It's okay, not great, not terrible.",3,03-01-2022,C415361,Liam Hendriks,,37.0
P02303,Home & Kitchen,Electric Kettle 1.7L,"Good product, I'm satisfied.",5,2022/03/23,C477934,Zoë Janssen,9000,30.0
P01687,Electronics,Gaming Mouse Pro Series,"Good product, I'm satisfied.",4,2022-03-10,C879367,Liam Dubois,2000,24.0
P02683,Home & Kitchen,Electric Kettle 1.7L,"Good product, I'm satisfied.",5,2022-01-25,C748841,Léa De Smet,9000,38.0
P01297,Electronics,4K Ultra HD Smart TV,"Good product, I'm satisfied.",4,2021-04-04,C291912,,3010,28.0
P01334,Electronics,Bluetooth Portable Speaker,Not happy with this product.,1,2022/01/29,C226312,Olivia Lefevre,1180A,26.0
P06985,Clothing,Lightweight Hoodie,Not happy with this product.,2,2022-09-11,C719110,Léa Bosmans,3500A,54.0
P01116,Electronics,Wireless Noise-Cancelling Headphones,"It's okay, not great, not terrible.",3,2023-06-08,C166092,Arthur Maes,2000,45.0
P07997,Toys & Games,Building Blocks Set,"Good product, I'm satisfied.",4,2024-09-08,C317756,Liam Claes,105,
P01515,Electronics,Gaming Mouse Pro Series,"It's okay, not great, not terrible.",3,06-02-2021,C535214,Olivia Claes,105,
P01767,Electronics,Wireless Keyboard and Mouse Combo,"Good product, I'm satisfied.",4,26-11-2022,C508319,Sophie Janssen,2018,42.0
P07114,Toys & Games,Educational Puzzle Set,Not happy with this product.,2,2024-08-27,C297950,Sophie Dubois,1050,36.0
P01529,Electronics,Smartphone Fast Charger,"Good product, I'm satisfied.",5,2021-07-10,C615929,Emma Dubois,9000,
P02798,Home & Kitchen,Memory Foam Pillow,"Good product, I'm satisfied.",4,2024-11-14,C815798,Lucas Peeters,3010,57.0
P02410,Home & Kitchen,Dish Drying Rack,"Good product, I'm satisfied.",5,2023-02-02,C667472,Ava Hendriks,3010,32.0
P07466,Toys & Games,Building Blocks Set,,5,12-09-2024,C161471,Zoë Claes,3010A,35.0
P03919,Beauty,SPF 50 Daily Sunscreen,"Good product, I'm satisfied.",4,27-08-2024,C441365,Sophie Claes,1050,37.0
P02877,Home & Kitchen,Dish Drying Rack,Not happy with this product.,2,2024-03-22,C138895,Sophie Hendriks,2018,42.0
P03852,Beauty,SPF 50 Daily Sunscreen,Great value for money. I use it almost every day for beauty tasks and it performs very well.,4,02-09-2023,C259000,Arthur Vermeulen,1180,
P02143,Home & Kitchen,Memory Foam Pillow,"Good product, I'm satisfied.",4,2024-01-29,C683698,Olivia Lefevre,1050,34.0
P01806,Electronics,Wireless Noise-Cancelling Headphones,"Good product, I'm satisfied.",4,2024-02-09,C138725,Liam Janssen,9000,32.0
P01914,Electronics,USB-C Docking Station,Not happy with this product.,2,2021-02-02,C797037,Zoë Bosmans,1180,19.0
P01408,Electronics,Gaming Mouse Pro Series,"Good product, I'm satisfied.",4,2024-12-16,C252724,Louis Maes,1011,34.0
P10217,Garden,Herb Seeds Mix,"Good product, I'm satisfied.",5,2022-08-29,C819562,Zoë De Wilde,3000,36.0
P03384,Beauty,Nourishing Shampoo,"Good product, I'm satisfied.",4,19-01-2021,C312080,Arthur Dubois,1050,
P01917,Electronics,Bluetooth Portable Speaker,"Good product, I'm satisfied.",4,18-08-2023,C638444,Adam Peeters,9000,21.0
P10238,Garden,LED Grow Light,Not happy with this product.,1,2022-11-12,C169950,Noah De Smet,5000,45.0
P08278,Sports & Outdoors,Running Shorts,"Good product, I'm satisfied.",4,2022-11-16,C638322,Louis Maes,9000,18.0
P01880,Electronics,Bluetooth Portable Speaker,"Good product, I'm satisfied.",4,2023-01-28,C988691,Adam Hendriks,1050,41.0
P09347,Office Supplies,Notebook A5 Lined,"Good product, I'm satisfied.",5,2024/09/30,C396551,Ava De Smet,3010,75.0
P01142,Electronics,USB-C Docking Station,"Good product, I'm satisfied.",5,06-03-2021,C337359,Liam Peeters,1180,28.0
P04430,Books,Thriller Novel: The Last Signal,"Good product, I'm satisfied.",4,2023-08-19,C757685,Lucas Dubois,1011,36.0
P01656,Electronics,Gaming Mouse Pro Series,"Good product, I'm satisfied.",4,2024-09-08,C818001,Liam De Smet,3010A,33.0
P01302,Electronics,4K Ultra HD Smart TV,Not happy with this product.,2,2022-11-11,C777366,Louis Dubois,5000B,21.0
P01103,Electronics,Laptop Stand Aluminum,"It's okay, not great, not terrible.",3,02-06-2024,C751226,Sophie De Smet,3500,44.0
P07562,Toys & Games,Building Blocks Set,"Good product, I'm satisfied.",5,2021-10-05,C522567,Finn Dubois,1050,39.0
P02775,Home & Kitchen,Memory Foam Pillow,Not happy with this product.,1,2024-07-02,C184142,Lucas Maes,3010B,40.0
P03356,Beauty,Nourishing Shampoo,"Good product, I'm satisfied.",5,2024-10-01,C755109,,1011,18.0
P06380,Clothing,Slim Fit Jeans,"It's okay, not great, not terrible.",3,16-09-2021,C147726,Emma Maes,500,34.0
P02400,Home & Kitchen,Electric Kettle 1.7L,"Good product, I'm satisfied.",4,27-04-2022,C785233,Arthur Lefevre,1011,39.0
P02466,Home & Kitchen,Non-Stick Frying Pan,Not happy with this product.,2,2023-06-21,C131475,Noor Peeters,3010,25.0
P06982,Clothing,Slim Fit Jeans,"Good product, I'm satisfied.",4,26-05-2021,C295177,Sophie Lefevre,3000,28.0
P01924,Electronics,Smartphone Fast Charger,"Good product, I'm satisfied.",4,18-10-2022,C867036,Noah Lefevre,1011,48.0
P03617,Beauty,Matte Liquid Lipstick,"Good product, I'm satisfied.",5,2023-11-09,C662646,Léa Vermeulen,1011,20.0
P01970,Electronics,4K Ultra HD Smart TV,"Good product, I'm satisfied.",4,12-02-2023,C901245,Olivia Claes,3000,31.0
P06642,Clothing,Formal White Shirt,Not happy with this product.,1,2022-03-04,C352814,Finn Peeters,101,45.0
P01779,Electronics,Bluetooth Portable Speaker,"It's okay, not great, not terrible.",3,2023/06/16,C778636,Olivia Martens,1011,35.0
P05719,Groceries,Extra Virgin Olive Oil,"It's okay, not great, not terrible.",3,2023-01-30,C341248,Noah Vermeulen,2018,54.0
P08209,Sports & Outdoors,Running Shorts,"Good product, I'm satisfied.",4,26-02-2021,C144569,Louis Hendriks,301,27.0
P01607,Electronics,Wireless Keyboard and Mouse Combo,"Good product, I'm satisfied.",5,2022-04-05,C479030,Noor Janssen,1180,37.0
P06774,Clothing,Basic Cotton T-Shirt,"Good product, I'm satisfied.",4,2023-10-11,C358052,Sophie Dubois,1011,19.0
P05524,Groceries,Whole Bean Coffee Dark Roast,"Good product, I'm satisfied.",4,2022-11-20,C990293,Lucas De Wilde,9000,26.0
P02687,Home & Kitchen,Electric Kettle 1.7L,"It's okay, not great, not terrible.",3,2022-11-25,C356717,Olivia Peeters,200,26.0
P01177,Electronics,Laptop Stand Aluminum,"Good product, I'm satisfied.",4,08-08-2024,C836119,Liam Martens,1050,32.0
P04224,Books,Beginner's Guide to Python,"It's okay, not great, not terrible.",3,14-10-2023,C449518,Olivia De Wilde,300,20.0
P03919,Beauty,Anti-Frizz Hair Oil,Not happy with this product.,2,2023-07-09,C699245,Sophie De Wilde,3500,19.0
P03293,Beauty,Matte Liquid Lipstick,"Good product, I'm satisfied.",5,15-05-2024,C461499,Mila De Wilde,3500,42.0
P03277,Beauty,Nourishing Shampoo,"It's okay, not great, not terrible.",3,2024-03-17,C538582,Noah Bosmans,350,43.0
P01852,Electronics,Bluetooth Portable Speaker,"Good product, I'm satisfied.",5,2021-07-01,C185445,Ava Janssen,2018,35.0
P03455,Beauty,Volumizing Mascara,Not happy with this product.,2,2022-08-18,C928221,Zoë Peeters,3010A,19.0
P06835,Clothing,Slim Fit Jeans,"Good product, I'm satisfied.",4,2023-10-27,C793194,Emma Martens,3000A,28.0
P01789,Electronics,Bluetooth Portable Speaker,"Good product, I'm satisfied.",4,2022/08/05,C768334,Zoë Maes,3010,42.0
P01741,Electronics,Gaming Mouse Pro Series,"Good product, I'm satisfied.",5,2024-09-01,C743228,Zoë Peeters,3010,42.0
P03202,Beauty,Anti-Frizz Hair Oil,Not happy with this product.,1,2023/01/05,C464980,Léa De Wilde,3500,39.0
P06571,Clothing,Formal White Shirt,"Good product, I'm satisfied.",4,2024-10-08,C192726,Finn Lefevre,2018,44.0
P01166,Electronics,Wireless Noise-Cancelling Headphones,Not happy with this product.,1,2021/10/17,C615524,Liam De Smet,3500A,27.0
P01286,Electronics,Laptop Stand Aluminum,"Good product, I'm satisfied.",4,2022-08-04,C327697,Noah Martens,1050,45.0
P05392,Groceries,Extra Virgin Olive Oil,"Good product, I'm satisfied.",4,2021-02-21,C988459,Mila Janssen,2000,30.0
P02247,Home & Kitchen,Dish Drying Rack,"It's okay, not great, not terrible.",3,31-01-2024,C670741,Noah De Smet,1050,27.0
P05394,Groceries,Extra Virgin Olive Oil,"Good product, I'm satisfied.",4,14-05-2024,C576199,Mila Lefevre,9000B,55.0
P02489,Home & Kitchen,Memory Foam Pillow,"It's okay, not great, not terrible.",3,2023-06-07,C614150,Adam Claes,,37.0
P01920,Electronics,USB-C Docking Station,"Good product, I'm satisfied.",5,08-03-2021,C352957,Zoë Bosmans,3500,31.0
P01712,Electronics,Smartphone Fast Charger,Not happy with this product.,1,2023/05/31,C610898,Ava De Wilde,3000,45.0
P02219,Home & Kitchen,Stainless Steel Cookware Set,Not happy with this product.,2,2021-03-18,C555960,Noor Peeters,2000B,44.0
P01703,Electronics,Wireless Keyboard and Mouse Combo,"Good product, I'm satisfied.",5,2022-08-13,C895157,Olivia Lefevre,9000,
P01283,Electronics,Gaming Mouse Pro Series,"Good product, I'm satisfied.",5,2022-01-29,C553355,Léa Claes,3010B,18.0
P07564,Toys & Games,Plush Teddy Bear,"It's okay, not great, not terrible.",3,2022-06-19,C868849,Arthur Maes,,35.0
P02276,Home & Kitchen,Dish Drying Rack,Not happy with this product.,2,2022-10-02,C872329,Liam Maes,350,45.0
P10556,Garden,Indoor Plant Pot,"Good product, I'm satisfied.",5,20-07-2023,C102735,Adam Hendriks,3010,23.0
P01123,Electronics,4K Ultra HD Smart TV,"Good product, I'm satisfied.",5,2021-12-31,C927320,Emma Peeters,1180,37.0
P04336,Books,Cookbook: Easy Weeknight Meals,Not happy with this product.,1,11-05-2024,C684610,Louis Vermeulen,5000,59.0
P02811,Home & Kitchen,Stainless Steel Cookware Set,"Good product, I'm satisfied.",5,2024-02-29,C726667,Arthur Vermeulen,5000,34.0
P10945,Garden,Garden Hose 20m,"Good product, I'm satisfied.",4,2023/12/04,C218711,Liam Dubois,9000,26.0
P05991,Groceries,Extra Virgin Olive Oil,,3,26-11-2021,C605491,Mila Bosmans,1180A,30.0
P06543,Clothing,Formal White Shirt,Not happy with this product.,1,05-01-2021,C354797,Louis De Wilde,9000,41.0
P01111,Electronics,Wireless Noise-Cancelling Headphones,Not happy with this product.,2,22-07-2024,C462034,Finn De Smet,1050,22.0
P01344,Electronics,USB-C Docking Station,,4,18-05-2022,C811190,Emma De Smet,5000,45.0
P01621,Electronics,Smartphone Fast Charger,Not happy with this product.,2,2023-01-27,C997629,Zoë Janssen,3000,32.0
P08449,Sports & Outdoors,Running Shorts,,3,2021/06/18,C260118,Emma Lefevre,3000A,69.0
P01541,Electronics,Smartphone Fast Charger,"Good product, I'm satisfied.",4,30-05-2024,C834447,Olivia Peeters,3500A,40.0
P01521,Electronics,Bluetooth Portable Speaker,Not happy with this product.,1,2021-05-01,C670541,Arthur Janssen,3500B,30.0
P02486,Home & Kitchen,Electric Kettle 1.7L,Not happy with this product.,1,14-01-2023,C225322,Louis De Smet,105,29.0
P06804,Clothing,Formal White Shirt,"Good product, I'm satisfied.",5,2022-06-06,C521044,Zoë De Smet,350,39.0
P08262,Sports & Outdoors,Yoga Mat Non-Slip,,3,2022/01/19,C541878,Louis Martens,101,25.0
P02770,Home & Kitchen,Electric Kettle 1.7L,"Good product, I'm satisfied.",5,2023-03-04,C833182,Noah Peeters,3000,23.0
P02746,Home & Kitchen,Espresso Coffee Machine,"Good product, I'm satisfied.",4,2021-11-02,C428744,Noah Janssen,350,28.0
P08727,Sports & Outdoors,Stainless Steel Water Bottle,"Good product, I'm satisfied.",4,2023/01/24,C822343,Louis De Wilde,118,39.0
P01206,Electronics,Laptop Stand Aluminum,Not happy with this product.,2,2024-05-31,C460293,Liam Vermeulen,1011,41.0
P02975,Home & Kitchen,Stainless Steel Cookware Set,,3,2024-10-17,C747392,Mila De Smet,1180B,
P02511,Home & Kitchen,Espresso Coffee Machine,"Good product, I'm satisfied.",5,2021-02-17,C717499,Emma Claes,3500,20.0
P04381,Books,Marketing Strategy Handbook,"Good product, I'm satisfied.",5,15-06-2021,C444246,Adam Vermeulen,2018,61.0
P06509,Clothing,Basic Cotton T-Shirt,Exceeded my expectations. I use it almost every day for clothing tasks and it performs very well.,5,05-01-2021,C790742,Emma Hendriks,5000,69.0
P07849,Toys & Games,Building Blocks Set,"Good product, I'm satisfied.",5,2023/01/27,C395650,Olivia Dubois,9000,29.0
P01654,Electronics,Smartphone Fast Charger,"Good product, I'm satisfied.",5,2024-10-24,C684171,Noah Lefevre,2000,36.0
P01556,Electronics,Wireless Keyboard and Mouse Combo,"Good product, I'm satisfied.",4,2024-10-15,C870033,Sophie Peeters,1180,19.0
P01282,Electronics,Gaming Mouse Pro Series,"It's okay, not great, not terrible.",3,08-04-2022,C392514,Olivia De Wilde,1011,34.0
P07667,Toys & Games,Plush Teddy Bear,"Good product, I'm satisfied.",5,2022-09-15,C614416,Emma Vermeulen,5000,19.0
P08369,Sports & Outdoors,Yoga Mat Non-Slip,"It's okay, not great, not terrible.",3,27-09-2022,C266606,Zoë Peeters,2000,37.0
P03420,Beauty,Hydrating Face Serum,"It's okay, not great, not terrible.",3,31-10-2021,C635780,Zoë Peeters,,33.0
P02156,Home & Kitchen,Non-Stick Frying Pan,"Good product, I'm satisfied.",4,2024-05-04,C257476,Zoë De Wilde,5000,28.0
P02712,Home & Kitchen,Espresso Coffee Machine,"Good product, I'm satisfied.",5,2024-10-08,C775920,Finn Maes,9000,38.0
P08718,Sports & Outdoors,Running Shorts,"Good product, I'm satisfied.",5,2024-12-23,C298791,Liam Martens,3500A,
P01659,Electronics,4K Ultra HD Smart TV,"It's okay, not great, not terrible.",3,2021-10-11,C518383,Zoë Vermeulen,3000,20.0
P02226,Home & Kitchen,Memory Foam Pillow,"Good product, I'm satisfied.",5,2023-04-28,C728918,Arthur Lefevre,3000B,32.0
P03829,Beauty,SPF 50 Daily Sunscreen,"Good product, I'm satisfied.",4,2023-04-04,C625387,,2018,27.0
P01580,Electronics,Wireless Noise-Cancelling Headphones,,3,2023-03-06,C602078,Liam Peeters,3000,39.0
P08699,Sports & Outdoors,Yoga Mat Non-Slip,"It's okay, not great, not terrible.",3,2021-03-16,C938207,Mila Peeters,3000A,36.0
P01491,Electronics,Wireless Noise-Cancelling Headphones,"Good product, I'm satisfied.",4,2023-09-20,C919898,Arthur Martens,3010,30.0
P01984,Electronics,Laptop Stand Aluminum,,4,2022-01-31,C412198,Lucas De Smet,101,25.0
P04331,Books,Thriller Novel: The Last Signal,Not happy with this product.,2,2024-06-02,C984199,Zoë Bosmans,9000,58.0
P02805,Home & Kitchen,Memory Foam Pillow,"Good product, I'm satisfied.",5,2023-10-22,C418862,Arthur Lefevre,5000A,23.0
P02982,Home & Kitchen,Air Purifier with HEPA Filter,"Good product, I'm satisfied.",5,14-06-2021,C918035,Sophie Martens,118,30.0
P04873,Books,Beginner's Guide to Python,"Good product, I'm satisfied.",4,2024/07/24,C819593,Adam De Smet,3000,37.0
P07167,Toys & Games,Strategy Board Game,Not happy with this product.,2,08-01-2021,C679909,Louis Maes,1011,26.0
P01176,Electronics,Bluetooth Portable Speaker,"Good product, I'm satisfied.",4,2021/12/01,C899440,Noah Vermeulen,2000,70.0
P09246,Office Supplies,Wireless Computer Mouse,"Good product, I'm satisfied.",4,2022-08-02,C614774,Olivia Janssen,3010,31.0
P01288,Electronics,Smartphone Fast Charger,"Good product, I'm satisfied.",4,03-03-2024,C640531,Emma De Wilde,5000B,34.0
P06817,Clothing,Slim Fit Jeans,"Good product, I'm satisfied.",4,2023-08-25,C359527,Liam De Wilde,1050,38.0
P01880,Electronics,Wireless Keyboard and Mouse Combo,Not happy with this product.,2,2022-01-31,C227305,Ava Martens,2000,30.0
P02638,Home & Kitchen,Memory Foam Pillow,"Good product, I'm satisfied.",4,01-06-2022,C742590,Arthur Bosmans,5000,39.0
P07781,Toys & Games,Building Blocks Set,"Good product, I'm satisfied.",4,2024-10-16,C154695,Adam De Smet,5000,36.0
P01532,Electronics,Laptop Stand Aluminum,"Good product, I'm satisfied.",4,11-12-2021,C529728,Emma Bosmans,2000A,42.0
P03598,Beauty,Hydrating Face Serum,"Good product, I'm satisfied.",4,28-04-2021,C582865,Léa Bosmans,5000,44.0
P05857,Groceries,Whole Bean Coffee Dark Roast,"Good product, I'm satisfied.",5,2023-09-29,C337798,Sophie Bosmans,1050,37.0
P01485,Electronics,Smartphone Fast Charger,Not happy with this product.,2,01-10-2022,C540226,Louis Martens,3010,19.0
P02265,Home & Kitchen,Vacuum Cleaner Pro,Not happy with this product.,2,06-01-2022,C996330,Noor Dubois,201,31.0
P02482,Home & Kitchen,Non-Stick Frying Pan,"Good product, I'm satisfied.",4,2022-11-21,C838761,Sophie Lefevre,3500,38.0
P01213,Electronics,Bluetooth Portable Speaker,,3,2024/09/14,C829445,Olivia Vermeulen,5000,38.0
P09175,Office Supplies,Ergonomic Office Chair,"Good product, I'm satisfied.",5,2022-09-29,C556997,Arthur Claes,1050,22.0
P02830,Home & Kitchen,Non-Stick Frying Pan,"Good product, I'm satisfied.",4,2024/06/12,C724386,Arthur Lefevre,3000,18.0
P02939,Home & Kitchen,Vacuum Cleaner Pro,"Good product, I'm satisfied.",5,06-09-2021,C472193,Léa Janssen,301,42.0
P07443,Toys & Games,Plush Teddy Bear,"It's okay, not great, not terrible.",3,2023-03-13,C278688,Finn Lefevre,1180,22.0
P07359,Toys & Games,Plush Teddy Bear,"It's okay, not great, not terrible.",3,2023-12-25,C656859,,1050,43.0
P02151,Home & Kitchen,Stainless Steel Cookware Set,"Good product, I'm satisfied.",5,26-10-2023,C363647,Olivia Martens,201,33.0
P02235,Home & Kitchen,Electric Kettle 1.7L,"Good product, I'm satisfied.",4,2023-05-19,C482901,Lucas Janssen,5000,30.0
P02836,Home & Kitchen,Electric Kettle 1.7L,"Good product, I'm satisfied.",4,2021-09-29,C986520,Zoë Peeters,3010,
P05482,Groceries,Extra Virgin Olive Oil,"Good product, I'm satisfied.",5,2021-03-11,C192733,Mila Hendriks,3500,40.0
P02954,Home & Kitchen,Dish Drying Rack,"Good product, I'm satisfied.",5,2022-06-08,C223177,Liam Vermeulen,1180,69.0
P02799,Home & Kitchen,Non-Stick Frying Pan,"Good product, I'm satisfied.",4,2022-09-12,C826722,Noor Claes,301,39.0
P01940,Electronics,Bluetooth Portable Speaker,Not happy with this product.,2,2022-03-13,C314508,Arthur Lefevre,1180,32.0
P03685,Beauty,Volumizing Mascara,"It's okay, not great, not terrible.",3,2021-11-18,C626251,Ava Bosmans,3000,50.0
P04979,Books,Psychology of Habits,Not happy with this product.,2,2024-07-07,C966589,Olivia Maes,3000,
P09719,Office Supplies,Notebook A5 Lined,"Good product, I'm satisfied.",5,2023-02-01,C260891,Sophie Claes,3000,37.0
P02577,Home & Kitchen,Air Purifier with HEPA Filter,"Good product, I'm satisfied.",5,2023-03-25,C416822,Sophie Maes,2000,
P01254,Electronics,4K Ultra HD Smart TV,"Good product, I'm satisfied.",4,2021-03-03,C218205,Sophie Hendriks,3500,30.0
P10922,Garden,Indoor Plant Pot,Not happy with this product.,2,2021-01-01,C744794,Olivia Dubois,200,21.0
P02331,Home & Kitchen,Electric Kettle 1.7L,"Good product, I'm satisfied.",5,2024-03-23,C735818,Noah Claes,3500,27.0
P10720,Garden,LED Grow Light,Not happy with this product.,2,2021-06-07,C517143,Louis Hendriks,2018,36.0
P10196,Garden,LED Grow Light,Not happy with this product.,1,03-09-2022,C326042,Liam Bosmans,,18.0
P04416,Books,Cookbook: Easy Weeknight Meals,Not happy with this product.,1,2024-11-06,C506478,Emma De Smet,3500A,25.0
P03973,Beauty,Matte Liquid Lipstick,"Good product, I'm satisfied.",5,2022-09-29,C428594,Mila De Wilde,201,38.0
P01112,Electronics,Wireless Noise-Cancelling Headphones,"Good product, I'm satisfied.",5,17-05-2021,C217698,Mila Bosmans,5000,43.0
P09222,Office Supplies,Wireless Computer Mouse,,5,22-02-2022,C689144,Olivia Lefevre,9000,25.0
P01615,Electronics,Wireless Noise-Cancelling Headphones,"Good product, I'm satisfied.",4,28-12-2023,C792797,Ava Claes,3000,
P05802,Groceries,Whole Bean Coffee Dark Roast,"It's okay, not great, not terrible.",3,2024-02-28,C386923,,1011A,73.0
P10574,Garden,Indoor Plant Pot,"It's okay, not great, not terrible.",3,2022-10-14,C405590,Finn De Wilde,300,40.0
P01270,Electronics,4K Ultra HD Smart TV,Not happy with this product.,2,27-01-2021,C296444,Lucas Claes,1180,33.0
P01865,Electronics,4K Ultra HD Smart TV,Not happy with this product.,2,2023-04-03,C295386,Olivia Martens,5000,26.0
P05396,Groceries,Whole Bean Coffee Dark Roast,Absolutely love this product. I use it almost every day for groceries tasks and it performs very well.,5,2024-01-14,C285083,Finn De Wilde,3500,45.0
P02983,Home & Kitchen,Memory Foam Pillow,"Good product, I'm satisfied.",5,2023-12-19,C799512,Zoë Maes,2000,44.0
P03754,Beauty,Matte Liquid Lipstick,"Good product, I'm satisfied.",4,23-06-2022,C291582,Louis Hendriks,1011,42.0
P08622,Sports & Outdoors,Stainless Steel Water Bottle,"Good product, I'm satisfied.",4,06-02-2024,C576680,Léa Lefevre,900,45.0
P01837,Electronics,Wireless Noise-Cancelling Headphones,Not happy with this product.,2,2022-09-07,C129270,Olivia Hendriks,1180,22.0
P03248,Beauty,Nourishing Shampoo,"Good product, I'm satisfied.",5,2021-10-09,C397436,Léa Claes,3500,27.0
P02584,Home & Kitchen,Espresso Coffee Machine,"Good product, I'm satisfied.",5,2023-02-18,C798964,,1011,45.0
P06297,Clothing,Formal White Shirt,Not happy with this product.,2,2023/07/11,C612575,Ava Vermeulen,3000,73.0
P01810,Electronics,Wireless Noise-Cancelling Headphones,"Good product, I'm satisfied.",4,2021-06-17,C425714,Noor Lefevre,1011,38.0
P08842,Sports & Outdoors,Stainless Steel Water Bottle,"It's okay, not great, not terrible.",3,2023-05-13,C558980,Mila Maes,3010,39.0
P08294,Sports & Outdoors,Camping Lantern Rechargeable,,2,18-10-2024,C906215,Ava Martens,3010,38.0
P03315,Beauty,Nourishing Shampoo,"Good product, I'm satisfied.",5,2023/10/24,C177087,Louis Janssen,1180,75.0
P02826,Home & Kitchen,Dish Drying Rack,Not happy with this product.,2,2021/02/12,C771237,Mila Vermeulen,3500,36.0
P01402,Electronics,Wireless Keyboard and Mouse Combo,"Good product, I'm satisfied.",5,2022-04-12,C315899,Finn Hendriks,1011,55.0
P01227,Electronics,Bluetooth Portable Speaker,"Good product, I'm satisfied.",4,2024-03-17,C913533,Adam Martens,1011,37.0
P02142,Home & Kitchen,Vacuum Cleaner Pro,"It's okay, not great, not terrible.",3,2022-09-23,C276894,Ava Maes,,33.0
P05252,Groceries,Whole Bean Coffee Dark Roast,Not happy with this product.,2,2022-05-24,C950544,,1180,19.0
P03741,Beauty,Volumizing Mascara,"Good product, I'm satisfied.",5,15-03-2021,C853629,Zoë Claes,9000,53.0
P01141,Electronics,Gaming Mouse Pro Series,"Good product, I'm satisfied.",5,2021-03-06,C240173,Mila Lefevre,9000,54.0
P09999,Office Supplies,Notebook A5 Lined,"Good product, I'm satisfied.",5,2021-06-25,C854500,Arthur Hendriks,3010,19.0
P01646,Electronics,4K Ultra HD Smart TV,"Good product, I'm satisfied.",5,2024-12-18,C603123,Léa Peeters,,45.0
P05773,Groceries,Whole Bean Coffee Dark Roast,"Good product, I'm satisfied.",4,2022-07-02,C232506,Olivia Lefevre,1050,44.0
P02150,Home & Kitchen,Stainless Steel Cookware Set,"Good product, I'm satisfied.",5,24-05-2023,C252198,Sophie De Wilde,1050,35.0
P01382,Electronics,USB-C Docking Station,"Good product, I'm satisfied.",5,2024-02-28,C912534,Zoë Hendriks,3000,27.0
P09866,Office Supplies,Wireless Computer Mouse,"Good product, I'm satisfied.",5,10-05-2024,C702213,Adam Maes,1011,38.0
P07139,Toys & Games,Educational Puzzle Set,"Good product, I'm satisfied.",5,07-04-2024,C203950,Sophie Janssen,3010,24.0
P01420,Electronics,Bluetooth Portable Speaker,Not happy with this product.,2,2024-01-05,C358890,Zoë Vermeulen,2000,25.0
P06453,Clothing,Formal White Shirt,"Good product, I'm satisfied.",5,16-02-2021,C599841,Noor Hendriks,1050,25.0
P04672,Books,Psychology of Habits,"Good product, I'm satisfied.",5,2024/03/10,C750579,,2018,47.0
P03411,Beauty,Anti-Frizz Hair Oil,"Good product, I'm satisfied.",5,06-11-2023,C651125,Louis De Wilde,1180,38.0
P08144,Sports & Outdoors,Camping Lantern Rechargeable,"Good product, I'm satisfied.",5,29-06-2023,C530816,Lucas Hendriks,5000,40.0
P05242,Groceries,Gluten-Free Pasta,"Good product, I'm satisfied.",4,2022-08-13,C391707,Louis Peeters,3000,38.0
P08428,Sports & Outdoors,Running Shorts,"Good product, I'm satisfied.",5,2022-03-22,C857758,Zoë Hendriks,2000,35.0
P01749,Electronics,Laptop Stand Aluminum,"It's okay, not great, not terrible.",3,01-05-2021,C170414,,9000,33.0
P02367,Home & Kitchen,Non-Stick Frying Pan,Not happy with this product.,2,12-06-2023,C416693,Finn Vermeulen,1050,31.0
P02379,Home & Kitchen,Vacuum Cleaner Pro,Not happy with this product.,2,2023-06-15,C571145,Zoë Maes,9000,18.0
P02908,Home & Kitchen,Memory Foam Pillow,"Good product, I'm satisfied.",5,2021-05-08,C274603,Zoë Maes,350,25.0
P10406,Garden,Garden Hose 20m,"Good product, I'm satisfied.",4,2021-12-29,C668267,Noor De Smet,9000,75.0
P02866,Home & Kitchen,Air Purifier with HEPA Filter,"Good product, I'm satisfied.",5,2023/11/10,C233511,,3500,40.0
P02138,Home & Kitchen,Espresso Coffee Machine,"Good product, I'm satisfied.",4,02-11-2023,C682350,Emma Hendriks,500,66.0
P01345,Electronics,4K Ultra HD Smart TV,"Good product, I'm satisfied.",5,16-12-2023,C783839,Emma Dubois,1180,37.0
P03981,Beauty,Anti-Frizz Hair Oil,Not happy with this product.,2,2021-12-05,C665706,,1180,31.0
P05187,Groceries,Organic Almond Milk,"It's okay, not great, not terrible.",3,2021-07-04,C122508,,1050,31.0
P03897,Beauty,Hydrating Face Serum,"Good product, I'm satisfied.",5,30-09-2024,C745988,Sophie De Smet,2000,74.0
P01663,Electronics,Smartphone Fast Charger,"Good product, I'm satisfied.",4,2023-01-24,C817157,Adam Vermeulen,3000,34.0
P06433,Clothing,Running Shoes,"Good product, I'm satisfied.",5,2022-01-12,C418322,Liam Maes,300,73.0
P01621,Electronics,Laptop Stand Aluminum,"It's okay, not great, not terrible.",3,2024-12-05,C779772,Mila Dubois,3000,45.0
P03303,Beauty,Matte Liquid Lipstick,"Good product, I'm satisfied.",5,2021-02-14,C624970,Louis Maes,2018,30.0
P04926,Books,Thriller Novel: The Last Signal,"It's okay, not great, not terrible.",3,10-09-2023,C751651,Lucas De Wilde,2000,44.0
P01754,Electronics,Laptop Stand Aluminum,Not happy with this product.,2,2022-04-02,C347264,Louis Maes,3010A,27.0
P02702,Home & Kitchen,Espresso Coffee Machine,"Good product, I'm satisfied.",4,2023-04-07,C708934,Lucas De Wilde,2000,28.0
P01572,Electronics,Laptop Stand Aluminum,Not happy with this product.,2,23-06-2021,C765600,Sophie Maes,2000,47.0
P03400,Beauty,Anti-Frizz Hair Oil,Not happy with this product.,2,2024-03-29,C717276,Mila Dubois,,38.0
P06624,Clothing,Lightweight Hoodie,"It's okay, not great, not terrible.",3,2021-08-02,C882361,,3500,24.0
P10449,Garden,Herb Seeds Mix,"Good product, I'm satisfied.",4,2023-01-05,C131394,Noor Dubois,3500,42.0
P02281,Home & Kitchen,Dish Drying Rack,"Good product, I'm satisfied.",4,2024-07-19,C517127,Léa Janssen,,35.0
P05319,Groceries,Whole Bean Coffee Dark Roast,"Good product, I'm satisfied.",5,2023-10-22,C586129,Mila Janssen,1011,32.0
P02214,Home & Kitchen,Vacuum Cleaner Pro,"Good product, I'm satisfied.",5,2024-01-06,C187556,Louis Janssen,3010,62.0
P10177,Garden,Garden Hose 20m,Not happy with this product.,1,2021/03/13,C393578,Mila Hendriks,101,31.0
P03406,Beauty,Matte Liquid Lipstick,"It's okay, not great, not terrible.",3,2021/01/22,C714669,Adam Peeters,3010,30.0
P08537,Sports & Outdoors,Running Shorts,"Good product, I'm satisfied.",4,2023-05-16,C661174,Arthur Vermeulen,1180,44.0
P02995,Home & Kitchen,Stainless Steel Cookware Set,"Good product, I'm satisfied.",5,2023-07-31,C207931,Finn Dubois,1180,44.0
P07342,Toys & Games,Educational Puzzle Set,Not happy with this product.,2,05-06-2022,C404380,Arthur Janssen,3010,39.0
P02223,Home & Kitchen,Stainless Steel Cookware Set,"Good product, I'm satisfied.",4,2021-12-07,C954952,Olivia Lefevre,,21.0
P01617,Electronics,Bluetooth Portable Speaker,"Good product, I'm satisfied.",5,03-06-2021,C990079,Louis Claes,1050,47.0
P01587,Electronics,USB-C Docking Station,"It's okay, not great, not terrible.",3,2021-08-07,C336183,Lucas Martens,300,38.0
P03677,Beauty,SPF 50 Daily Sunscreen,"Good product, I'm satisfied.",5,2022/03/08,C963124,Liam Maes,1050A,34.0
P10156,Garden,LED Grow Light,"It's okay, not great, not terrible.",3,2022-04-21,C643781,Olivia De Smet,5000,28.0
P01569,Electronics,Laptop Stand Aluminum,"It's okay, not great, not terrible.",3,2023/03/09,C659949,Liam De Wilde,1050,53.0
P06147,Clothing,Running Shoes,"Good product, I'm satisfied.",5,2021-10-27,C815106,Arthur Vermeulen,1180,34.0
P04942,Books,Beginner's Guide to Python,"Good product, I'm satisfied.",5,2023/06/15,C949206,Zoë Claes,1180,43.0
P02143,Home & Kitchen,Vacuum Cleaner Pro,"Good product, I'm satisfied.",4,2024-04-22,C367933,Finn De Wilde,3010,58.0
P05545,Groceries,Extra Virgin Olive Oil,Not happy with this product.,1,2023/01/19,C783768,Lucas Dubois,1050,42.0
P02190,Home & Kitchen,Air Purifier with HEPA Filter,Not happy with this product.,2,17-06-2022,C180437,Arthur Martens,9000,25.0
P06290,Clothing,Basic Cotton T-Shirt,"Good product, I'm satisfied.",4,2022-04-08,C558713,Olivia Lefevre,,33.0
P01514,Electronics,Gaming Mouse Pro Series,"Good product, I'm satisfied.",5,14-08-2022,C704789,Ava Maes,300,29.0
P01957,Electronics,Bluetooth Portable Speaker,Not happy with this product.,2,2024/03/26,C130688,Lucas Dubois,3010,30.0
P04603,Books,Beginner's Guide to Python,"It's okay, not great, not terrible.",3,2024/09/28,C603500,Noor De Wilde,9000A,24.0
P03129,Beauty,SPF 50 Daily Sunscreen,"Good product, I'm satisfied.",4,2021-07-13,C201117,Louis Janssen,1011,61.0
P01809,Electronics,Bluetooth Portable Speaker,,4,2021-03-15,C981536,Noor Vermeulen,2000,30.0
P01780,Electronics,Laptop Stand Aluminum,"Good product, I'm satisfied.",4,12-02-2023,C152040,Liam Vermeulen,1050A,
P02604,Home & Kitchen,Non-Stick Frying Pan,,4,07-08-2024,C520017,Noor Janssen,3500,31.0
P01832,Electronics,Wireless Noise-Cancelling Headphones,"It's okay, not great, not terrible.",3,2022-11-07,C908938,Olivia Hendriks,3500,30.0
P07563,Toys & Games,Plush Teddy Bear,Not happy with this product.,2,2023-12-16,C884011,Mila Janssen,2000,35.0
P01430,Electronics,Gaming Mouse Pro Series,Not happy with this product.,2,08-12-2023,C529711,Sophie Martens,2000,26.0
P07726,Toys & Games,Plush Teddy Bear,"Good product, I'm satisfied.",5,2023/05/03,C626743,Liam Hendriks,2018A,42.0
P08796,Sports & Outdoors,Yoga Mat Non-Slip,"Good product, I'm satisfied.",5,01-07-2022,C855731,Liam Hendriks,105,39.0
P07203,Toys & Games,Plush Teddy Bear,Not happy with this product.,1,2024-01-13,C223655,Louis De Smet,9000,33.0
P02285,Home & Kitchen,Espresso Coffee Machine,"Good product, I'm satisfied.",5,2021-11-23,C570239,Léa Martens,3500,32.0
P03661,Beauty,Volumizing Mascara,"Good product, I'm satisfied.",5,24-11-2024,C606489,Finn Bosmans,2000,62.0
P05902,Groceries,Granola with Nuts,"Good product, I'm satisfied.",4,01-11-2022,C843588,Adam Martens,,
P01927,Electronics,Gaming Mouse Pro Series,"Good product, I'm satisfied.",5,2023-01-14,C852677,Noah De Smet,5000,31.0
P01542,Electronics,USB-C Docking Station,,2,22-10-2021,C612616,Noah De Smet,3010,29.0
P02684,Home & Kitchen,Vacuum Cleaner Pro,"Good product, I'm satisfied.",5,18-10-2021,C685576,Zoë Hendriks,1011,28.0
P02855,Home & Kitchen,Air Purifier with HEPA Filter,"Good product, I'm satisfied.",4,2021/11/20,C734085,Noah Dubois,500,19.0
P03811,Beauty,Volumizing Mascara,"Good product, I'm satisfied.",4,2024-04-15,C541553,Zoë De Smet,300,23.0
P02197,Home & Kitchen,Memory Foam Pillow,"Good product, I'm satisfied.",5,2021-09-01,C451452,Louis Peeters,5000A,45.0
P01424,Electronics,4K Ultra HD Smart TV,"Good product, I'm satisfied.",5,2024-07-30,C453625,Arthur Claes,9000,45.0
P01429,Electronics,Wireless Keyboard and Mouse Combo,"It's okay, not great, not terrible.",3,2021/08/20,C334055,Noah Bosmans,3010,62.0
P02537,Home & Kitchen,Non-Stick Frying Pan,"Good product, I'm satisfied.",5,2024-01-15,C108747,Noah De Smet,2000,27.0
P01537,Electronics,Laptop Stand Aluminum,"Good product, I'm satisfied.",5,2023-12-19,C515559,Léa Claes,2018,26.0
P02733,Home & Kitchen,Vacuum Cleaner Pro,"Good product, I'm satisfied.",5,15-09-2024,C867286,Noah Hendriks,2018,38.0
P01252,Electronics,Smartphone Fast Charger,"Good product, I'm satisfied.",4,2022/03/19,C747749,Finn Lefevre,1011,36.0
P02438,Home & Kitchen,Air Purifier with HEPA Filter,Not happy with this product.,2,2021-09-01,C308895,Léa Peeters,1050,44.0
P02856,Home & Kitchen,Memory Foam Pillow,"It's okay, not great, not terrible.",3,2021-01-13,C497115,Emma Bosmans,5000,33.0
P01109,Electronics,Bluetooth Portable Speaker,"It's okay, not great, not terrible.",3,19-06-2024,C329344,Noor Claes,3010,25.0
P02631,Home & Kitchen,Memory Foam Pillow,"Good product, I'm satisfied.",4,2024-11-01,C627916,Noor De Wilde,1050,32.0
P02997,Home & Kitchen,Electric Kettle 1.7L,"Good product, I'm satisfied.",5,2023-05-18,C855704,Arthur De Wilde,3500,19.0
P06830,Clothing,Formal White Shirt,"Good product, I'm satisfied.",4,18-02-2022,C370380,Liam Claes,5000,35.0
P02247,Home & Kitchen,Air Purifier with HEPA Filter,"Good product, I'm satisfied.",4,2023-05-14,C410486,Emma Janssen,5000,60.0
P04951,Books,Psychology of Habits,Not happy with this product.,1,2022-03-23,C151031,Sophie De Wilde,301,43.0
P05348,Groceries,Granola with Nuts,,5,2023/09/08,C973585,Zoë Hendriks,9000A,33.0
P01751,Electronics,Gaming Mouse Pro Series,"Good product, I'm satisfied.",4,03-06-2021,C787984,Lucas Claes,9000B,24.0
P01677,Electronics,Wireless Noise-Cancelling Headphones,"It's okay, not great, not terrible.",3,2022-06-28,C267516,Olivia Dubois,5000,31.0
P01222,Electronics,Laptop Stand Aluminum,"It's okay, not great, not terrible.",3,21-02-2023,C179761,Ava Lefevre,3000,73.0
P06459,Clothing,Basic Cotton T-Shirt,"Good product, I'm satisfied.",5,01-10-2022,C488780,Zoë Lefevre,3010,27.0
P02223,Home & Kitchen,Non-Stick Frying Pan,Not happy with this product.,2,20-09-2021,C896871,Noor Vermeulen,5000,52.0
P02343,Home & Kitchen,Memory Foam Pillow,"Good product, I'm satisfied.",4,2023-04-23,C799437,Noah Martens,1011,28.0
P01459,Electronics,Wireless Keyboard and Mouse Combo,"Good product, I'm satisfied.",5,2021/11/23,C453371,Léa Claes,1050A,41.0
P10477,Garden,LED Grow Light,"Good product, I'm satisfied.",4,21-12-2021,C401898,Noah Peeters,3000,27.0
P04941,Books,Marketing Strategy Handbook,"Good product, I'm satisfied.",5,2022-11-19,C843404,Sophie Hendriks,1011,36.0
P02178,Home & Kitchen,Electric Kettle 1.7L,"It's okay, not great, not terrible.",3,2023-09-01,C467738,Zoë Claes,2018,27.0
P01392,Electronics,Wireless Noise-Cancelling Headphones,,5,2021-01-17,C121168,Ava Peeters,3000,33.0
P05897,Groceries,Extra Virgin Olive Oil,Not happy with this product.,2,2024-12-31,C450994,Zoë Martens,1011,19.0
P02898,Home & Kitchen,Air Purifier with HEPA Filter,Not happy with this product.,1,2024-03-20,C116505,Olivia Dubois,5000,56.0
P06546,Clothing,Basic Cotton T-Shirt,Not happy with this product.,2,2023/08/28,C525642,Adam Lefevre,1050,32.0
P06363,Clothing,Basic Cotton T-Shirt,,1,2021-09-07,C928744,Ava De Smet,1180B,43.0
P01965,Electronics,USB-C Docking Station,"Good product, I'm satisfied.",5,16-12-2024,C580101,Finn Dubois,3010,35.0
P02251,Home & Kitchen,Stainless Steel Cookware Set,"Good product, I'm satisfied.",4,18-03-2021,C974608,Lucas Claes,3010B,29.0
P01985,Electronics,Bluetooth Portable Speaker,"Good product, I'm satisfied.",5,2021/02/01,C267029,Arthur Hendriks,1180B,43.0
P01961,Electronics,4K Ultra HD Smart TV,"It's okay, not great, not terrible.",3,2021/01/27,C941415,Louis Hendriks,5000,41.0
P07183,Toys & Games,Educational Puzzle Set,"Good product, I'm satisfied.",5,2024-01-20,C963442,Mila Peeters,3000,42.0
P09977,Office Supplies,Wireless Computer Mouse,"It's okay, not great, not terrible.",3,22-01-2022,C903461,Arthur Hendriks,3000,32.0
P07113,Toys & Games,Educational Puzzle Set,"Good product, I'm satisfied.",4,2022-12-24,C920375,Arthur Peeters,3010,27.0
P06220,Clothing,Basic Cotton T-Shirt,"Good product, I'm satisfied.",4,2021/05/14,C800771,Arthur Maes,1180,43.0
P08471,Sports & Outdoors,Yoga Mat Non-Slip,"Good product, I'm satisfied.",5,2022/10/14,C218881,Liam Vermeulen,3500,27.0
P07521,Toys & Games,Strategy Board Game,"Good product, I'm satisfied.",5,2023/11/29,C217412,Sophie Peeters,1011A,31.0
P02591,Home & Kitchen,Electric Kettle 1.7L,Not happy with this product.,1,2023-05-08,C359832,Lucas Peeters,1011,44.0
P02170,Home & Kitchen,Vacuum Cleaner Pro,"It's okay, not great, not terrible.",3,2022-06-24,C656937,Olivia Claes,5000B,25.0
P01130,Electronics,Smartphone Fast Charger,Not happy with this product.,1,2023-08-25,C950069,Léa Vermeulen,3010,49.0
P01728,Electronics,USB-C Docking Station,"Good product, I'm satisfied.",4,2024-03-15,C800901,Arthur Peeters,9000,19.0
P02694,Home & Kitchen,Non-Stick Frying Pan,"Good product, I'm satisfied.",4,2023-03-19,C200219,Noor Dubois,3010A,33.0
P02617,Home & Kitchen,Memory Foam Pillow,"Good product, I'm satisfied.",4,2022-05-11,C516224,Sophie Peeters,3010,61.0
P02928,Home & Kitchen,Stainless Steel Cookware Set,"It's okay, not great, not terrible.",3,30-10-2023,C152240,Finn De Smet,2000,31.0
P01587,Electronics,Bluetooth Portable Speaker,"Good product, I'm satisfied.",5,2022-07-06,C429119,Lucas De Smet,9000,32.0
P09224,Office Supplies,Wireless Computer Mouse,Not happy with this product.,2,2023-09-20,C553652,Louis Dubois,,
P08512,Sports & Outdoors,Running Shorts,Not happy with this product.,2,2021-12-06,C487633,Noor Lefevre,1011,32.0
P08762,Sports & Outdoors,Stainless Steel Water Bottle,"Good product, I'm satisfied.",5,2023-02-02,C413686,Noah Lefevre,3000,30.0
P02530,Home & Kitchen,Espresso Coffee Machine,"Good product, I'm satisfied.",4,2022-12-06,C734921,Louis Dubois,3000,40.0
P01883,Electronics,Wireless Keyboard and Mouse Combo,"Good product, I'm satisfied.",4,05-05-2022,C278999,Ava Vermeulen,2000,29.0
P02775,Home & Kitchen,Non-Stick Frying Pan,"Good product, I'm satisfied.",4,2021-04-14,C767567,Liam De Smet,5000,26.0
P02699,Home & Kitchen,Memory Foam Pillow,"Good product, I'm satisfied.",5,2022-08-02,C686810,Noah De Smet,9000,21.0
P04633,Books,Beginner's Guide to Python,Not happy with this product.,2,22-12-2021,C990145,Louis De Smet,1180,42.0
P02532,Home & Kitchen,Dish Drying Rack,Not happy with this product.,1,2024-08-18,C381723,Liam Peeters,1050,27.0
P01230,Electronics,Smartphone Fast Charger,"It's okay, not great, not terrible.",3,08-08-2023,C342033,Mila Janssen,3010,43.0
P03546,Beauty,Matte Liquid Lipstick,"Good product, I'm satisfied.",4,2023-09-21,C699828,Liam Claes,2018,31.0
P04722,Books,Thriller Novel: The Last Signal,Exceeded my expectations. I use it almost every day for books tasks and it performs very well.,5,2023-03-12,C701755,Adam Lefevre,118,43.0
P08555,Sports & Outdoors,Yoga Mat Non-Slip,"Good product, I'm satisfied.",4,2022-12-09,C411974,Zoë Peeters,5000A,19.0
P08404,Sports & Outdoors,Running Shorts,"Good product, I'm satisfied.",4,2023-11-24,C656465,Ava Bosmans,5000,22.0
P02935,Home & Kitchen,Dish Drying Rack,"Good product, I'm satisfied.",5,2021-10-06,C963539,Adam Hendriks,3010,35.0
P10613,Garden,LED Grow Light,"It's okay, not great, not terrible.",3,2023-07-10,C990212,Louis Lefevre,1050,38.0
P02829,Home & Kitchen,Memory Foam Pillow,"Good product, I'm satisfied.",4,2023/05/02,C587802,Lucas De Smet,9000,18.0
P06313,Clothing,Slim Fit Jeans,Not happy with this product.,2,2022-01-01,C106097,Emma Dubois,5000B,31.0
P01254,Electronics,4K Ultra HD Smart TV,"Good product, I'm satisfied.",4,02-06-2022,C191100,Lucas Hendriks,105,30.0
P04680,Books,Thriller Novel: The Last Signal,"It's okay, not great, not terrible.",3,2024-11-08,C742108,Noah De Wilde,3000,41.0
P06593,Clothing,Formal White Shirt,"Good product, I'm satisfied.",5,2021-04-03,C178890,Noor Peeters,3010,62.0
P07201,Toys & Games,Strategy Board Game,"Good product, I'm satisfied.",5,2021-08-21,C600538,Liam Martens,101,30.0
P01493,Electronics,4K Ultra HD Smart TV,"Good product, I'm satisfied.",4,2022-04-27,C695294,Léa Bosmans,5000,43.0
P01490,Electronics,Bluetooth Portable Speaker,"Good product, I'm satisfied.",5,2022-04-05,C899656,,3010,42.0
P01879,Electronics,Gaming Mouse Pro Series,"Good product, I'm satisfied.",5,2021-07-13,C597964,Louis Janssen,2000,28.0
P01740,Electronics,Laptop Stand Aluminum,Not happy with this product.,1,2022-12-31,C922513,Arthur Martens,3010A,22.0
P06435,Clothing,Basic Cotton T-Shirt,"Good product, I'm satisfied.",5,2023-01-10,C641538,Finn De Smet,3500,18.0
P07729,Toys & Games,Plush Teddy Bear,Not happy with this product.,2,2024-06-09,C550258,Louis Vermeulen,2000,70.0
P02965,Home & Kitchen,Dish Drying Rack,"Good product, I'm satisfied.",4,14-03-2024,C197722,Sophie Dubois,9000,35.0
P05237,Groceries,Extra Virgin Olive Oil,"Good product, I'm satisfied.",5,2024/02/08,C623059,Emma Maes,3010,30.0
P07537,Toys & Games,Strategy Board Game,"Good product, I'm satisfied.",4,25-12-2021,C139252,Noor Claes,2018A,40.0
P01185,Electronics,USB-C Docking Station,"It's okay, not great, not terrible.",3,2023-11-25,C941455,Mila De Smet,3000,20.0
P04210,Books,Thriller Novel: The Last Signal,"Good product, I'm satisfied.",5,21-05-2022,C115182,Ava Martens,1180,34.0
P10671,Garden,Herb Seeds Mix,"Good product, I'm satisfied.",4,2021-07-19,C713608,Léa Peeters,3010,33.0
P07224,Toys & Games,Building Blocks Set,"It's okay, not great, not terrible.",3,2023-06-27,C905459,Arthur De Smet,200,28.0
P02479,Home & Kitchen,Stainless Steel Cookware Set,"Good product, I'm satisfied.",5,2023-05-17,C430954,Olivia Maes,9000,45.0
P02354,Home & Kitchen,Non-Stick Frying Pan,"It's okay, not great, not terrible.",3,2023-02-04,C867195,Noah Martens,118,24.0
P07490,Toys & Games,Strategy Board Game,"Good product, I'm satisfied.",5,2021/07/03,C727334,Arthur De Smet,2000,41.0
P02460,Home & Kitchen,Vacuum Cleaner Pro,"It's okay, not great, not terrible.",3,2022-06-06,C483026,Louis Maes,1050,66.0
P02562,Home & Kitchen,Electric Kettle 1.7L,"It's okay, not great, not terrible.",3,2021-01-09,C895336,Ava Peeters,3010,43.0
P07784,Toys & Games,Strategy Board Game,Not happy with this product.,1,11-12-2024,C457260,Finn De Wilde,3500,
P02871,Home & Kitchen,Stainless Steel Cookware Set,"Good product, I'm satisfied.",4,2023-09-16,C676852,Sophie Bosmans,1011,28.0
P01829,Electronics,Laptop Stand Aluminum,"Good product, I'm satisfied.",5,2021-09-16,C560887,,1011,29.0
P02558,Home & Kitchen,Vacuum Cleaner Pro,"Good product, I'm satisfied.",4,2021-07-30,C703616,Arthur Bosmans,9000,38.0
P01987,Electronics,USB-C Docking Station,"Good product, I'm satisfied.",5,2023/10/14,C603387,Adam De Wilde,2000,41.0
P07569,Toys & Games,Plush Teddy Bear,"It's okay, not great, not terrible.",3,2024-07-14,C951697,Lucas Dubois,1011,42.0
P10150,Garden,Indoor Plant Pot,"Good product, I'm satisfied.",4,2021/09/30,C753557,Arthur Maes,5000,21.0
P01429,Electronics,4K Ultra HD Smart TV,"It's okay, not great, not terrible.",3,2022/06/03,C612169,Lucas De Wilde,2000,28.0
P04309,Books,Thriller Novel: The Last Signal,"Good product, I'm satisfied.",5,08-08-2021,C788139,Mila Hendriks,118,60.0
P02989,Home & Kitchen,Air Purifier with HEPA Filter,"Good product, I'm satisfied.",4,2024-02-04,C247383,Louis Martens,3000,30.0
P01682,Electronics,Laptop Stand Aluminum,"Good product, I'm satisfied.",5,2023-09-16,C327999,Arthur Peeters,3010,45.0
P05358,Groceries,Gluten-Free Pasta,Not happy with this product.,1,2023/04/13,C215890,Louis Peeters,1180,58.0
P01312,Electronics,Wireless Keyboard and Mouse Combo,"Good product, I'm satisfied.",5,2024-12-23,C414458,Ava Lefevre,3500,45.0
P01673,Electronics,4K Ultra HD Smart TV,"Good product, I'm satisfied.",4,2021-10-04,C602605,Mila Hendriks,3500,29.0
P02324,Home & Kitchen,Air Purifier with HEPA Filter,"Good product, I'm satisfied.",4,2024-05-25,C240057,,2018,24.0
P01115,Electronics,USB-C Docking Station,"Good product, I'm satisfied.",4,2022-07-31,C964610,Arthur Vermeulen,3000,23.0
P05681,Groceries,Granola with Nuts,"Good product, I'm satisfied.",5,2024-10-25,C799393,Olivia Vermeulen,3500,31.0
P08140,Sports & Outdoors,Camping Lantern Rechargeable,Not happy with this product.,2,2021-01-05,C877479,Sophie Maes,2018,
P08212,Sports & Outdoors,Running Shorts,"Good product, I'm satisfied.",5,2021/11/30,C582570,Liam Martens,3010,18.0
P10210,Garden,LED Grow Light,"Good product, I'm satisfied.",5,2024-02-22,C702921,Lucas Janssen,2000,31.0
P02432,Home & Kitchen,Electric Kettle 1.7L,Not happy with this product.,2,07-06-2023,C297472,Léa De Smet,1011,38.0
P06447,Clothing,Running Shoes,"Good product, I'm satisfied.",5,05-03-2024,C468074,Emma Dubois,300,25.0
P02428,Home & Kitchen,Electric Kettle 1.7L,"Good product, I'm satisfied.",4,28-01-2021,C670517,,2018,26.0
P05955,Groceries,Gluten-Free Pasta,Not happy with this product.,2,2023-05-13,C536081,Sophie Lefevre,3010,64.0
P05829,Groceries,Gluten-Free Pasta,"It's okay, not great, not terrible.",3,2023-08-06,C669141,Noor Martens,350,34.0
P03155,Beauty,Hydrating Face Serum,Exceeded my expectations. I use it almost every day for beauty tasks and it performs very well.,5,22-03-2023,C469687,Lucas Peeters,5000,33.0
P10814,Garden,Herb Seeds Mix,"It's okay, not great, not terrible.",3,2021-04-18,C177281,Sophie Hendriks,9000,37.0
P06409,Clothing,Lightweight Hoodie,"Good product, I'm satisfied.",4,2024-05-05,C520105,Noah De Wilde,3000,45.0
P06825,Clothing,Lightweight Hoodie,Not happy with this product.,1,2024-09-24,C511480,Arthur Bosmans,2000,33.0
P02892,Home & Kitchen,Memory Foam Pillow,"Good product, I'm satisfied.",4,09-02-2022,C906138,Noor De Wilde,2018,33.0
P04898,Books,Marketing Strategy Handbook,"Good product, I'm satisfied.",5,2022-05-29,C132840,Sophie De Smet,5000,22.0
P02433,Home & Kitchen,Dish Drying Rack,Not happy with this product.,1,2022-07-11,C376241,Finn Maes,2000,38.0
P06309,Clothing,Slim Fit Jeans,"Good product, I'm satisfied.",4,2022-04-12,C174110,Sophie Claes,9000,20.0
P02516,Home & Kitchen,Espresso Coffee Machine,Not happy with this product.,1,2022/07/25,C297447,Noah Claes,2000,36.0
P02650,Home & Kitchen,Memory Foam Pillow,"Good product, I'm satisfied.",4,2022-05-25,C702394,Noah Claes,3010,39.0
P02691,Home & Kitchen,Espresso Coffee Machine,,1,12-04-2022,C301629,Arthur Peeters,3000,21.0
P02104,Home & Kitchen,Stainless Steel Cookware Set,"Good product, I'm satisfied.",5,2024-08-31,C607371,Ava Bosmans,2018,
P02239,Home & Kitchen,Air Purifier with HEPA Filter,"Good product, I'm satisfied.",4,08-08-2021,C504217,Léa Vermeulen,1011B,33.0
P01157,Electronics,4K Ultra HD Smart TV,"Good product, I'm satisfied.",4,2021-12-23,C466807,Léa Vermeulen,3500,44.0
P08223,Sports & Outdoors,Camping Lantern Rechargeable,,5,2022-03-05,C394032,Sophie De Wilde,9000,33.0
P04916,Books,Beginner's Guide to Python,"Good product, I'm satisfied.",4,2023-06-18,C346978,Lucas Dubois,500,31.0
P07111,Toys & Games,Plush Teddy Bear,"It's okay, not great, not terrible.",3,2024-09-23,C325686,Mila De Wilde,300,37.0
P06334,Clothing,Lightweight Hoodie,Not happy with this product.,2,2024-04-30,C959933,Finn Dubois,1180,35.0
P06827,Clothing,Slim Fit Jeans,"Good product, I'm satisfied.",5,2022-11-10,C139579,Olivia De Wilde,1011,53.0
P01932,Electronics,Gaming Mouse Pro Series,"Good product, I'm satisfied.",5,2022-09-09,C502941,Lucas Peeters,1180,34.0
P08690,Sports & Outdoors,Stainless Steel Water Bottle,"Good product, I'm satisfied.",4,2022-08-06,C703869,Sophie Hendriks,2018,27.0
P08122,Sports & Outdoors,Yoga Mat Non-Slip,Not happy with this product.,1,11-05-2023,C806478,Mila Lefevre,9000,34.0
P02452,Home & Kitchen,Vacuum Cleaner Pro,"Good product, I'm satisfied.",5,2022-10-06,C775127,Olivia De Wilde,1180,30.0
P01464,Electronics,Laptop Stand Aluminum,"Good product, I'm satisfied.",5,2024-08-06,C925366,Lucas Peeters,3000,44.0
P07478,Toys & Games,Building Blocks Set,Not happy with this product.,2,2024-04-08,C618088,Noor Claes,9000,36.0
P05615,Groceries,Gluten-Free Pasta,"Good product, I'm satisfied.",5,2024-01-18,C381460,Olivia Lefevre,9000,
P08803,Sports & Outdoors,Camping Lantern Rechargeable,Not happy with this product.,2,2023-05-24,C737347,Noah Peeters,118,25.0
P01653,Electronics,Laptop Stand Aluminum,"It's okay, not great, not terrible.",3,27-05-2024,C524257,,1180,41.0
P03758,Beauty,SPF 50 Daily Sunscreen,"Good product, I'm satisfied.",4,16-11-2023,C688063,Adam De Wilde,2018,32.0
P01346,Electronics,USB-C Docking Station,Not happy with this product.,2,2023/07/24,C774915,Finn Peeters,2018,23.0
P02267,Home & Kitchen,Stainless Steel Cookware Set,Not happy with this product.,2,2023-08-16,C192545,Noah Peeters,101,69.0
P02695,Home & Kitchen,Air Purifier with HEPA Filter,Not happy with this product.,2,20-04-2022,C760393,Léa Lefevre,1180,48.0
P02244,Home & Kitchen,Vacuum Cleaner Pro,"Good product, I'm satisfied.",4,2021-06-02,C732457,Louis Martens,1011,29.0
P08826,Sports & Outdoors,Yoga Mat Non-Slip,Not happy with this product.,2,21-07-2024,C308375,Zoë Hendriks,300,27.0
P01210,Electronics,4K Ultra HD Smart TV,Not happy with this product.,1,2022-01-30,C659488,Adam De Wilde,2018,31.0
P03833,Beauty,Hydrating Face Serum,Not happy with this product.,2,2023-08-10,C410116,Liam Lefevre,3500A,30.0
P05700,Groceries,Granola with Nuts,"Good product, I'm satisfied.",5,2021/05/21,C310040,Noor Janssen,,22.0
P01913,Electronics,Gaming Mouse Pro Series,"Good product, I'm satisfied.",5,2024-06-20,C437215,Noah Lefevre,3000,43.0
P07160,Toys & Games,Educational Puzzle Set,"It's okay, not great, not terrible.",3,05-07-2024,C453772,Lucas Claes,101,25.0
P01177,Electronics,Wireless Keyboard and Mouse Combo,Not happy with this product.,2,2023-12-07,C910131,Liam Dubois,1180,31.0
P01133,Electronics,USB-C Docking Station,"Good product, I'm satisfied.",5,2021-11-10,C728058,Lucas Claes,2018,37.0
P07119,Toys & Games,Educational Puzzle Set,"Good product, I'm satisfied.",4,2023-05-30,C837453,Olivia Martens,3000,41.0
P01819,Electronics,Laptop Stand Aluminum,"It's okay, not great, not terrible.",3,2023-12-16,C738964,Finn Claes,9000,29.0
P01347,Electronics,USB-C Docking Station,"Good product, I'm satisfied.",5,2024-07-07,C937266,Finn Janssen,1050,72.0
P03742,Beauty,SPF 50 Daily Sunscreen,"Good product, I'm satisfied.",5,2023-01-01,C504920,Ava Martens,3500B,42.0
P01272,Electronics,Bluetooth Portable Speaker,"Good product, I'm satisfied.",5,2021/03/12,C228286,Noah Peeters,3000,35.0
P02294,Home & Kitchen,Stainless Steel Cookware Set,"It's okay, not great, not terrible.",3,2023-07-11,C161746,Léa Vermeulen,3000,26.0
P02414,Home & Kitchen,Electric Kettle 1.7L,"Good product, I'm satisfied.",4,2021/01/09,C979214,Zoë Lefevre,1180A,36.0
P10552,Garden,LED Grow Light,"Good product, I'm satisfied.",4,2022-07-13,C917725,Zoë Lefevre,3010,31.0
P01562,Electronics,Wireless Noise-Cancelling Headphones,"Good product, I'm satisfied.",4,14-12-2023,C901981,Emma Lefevre,1011,34.0
P08320,Sports & Outdoors,Yoga Mat Non-Slip,"Good product, I'm satisfied.",5,02-05-2023,C863209,Zoë Claes,101,38.0
P05309,Groceries,Gluten-Free Pasta,"Good product, I'm satisfied.",4,2021-01-21,C785072,Arthur Vermeulen,1180,19.0
P03117,Beauty,Volumizing Mascara,"Good product, I'm satisfied.",4,2023-01-26,C229934,Emma Martens,1180,45.0
P02165,Home & Kitchen,Electric Kettle 1.7L,"Good product, I'm satisfied.",4,2022-06-25,C119776,Mila Peeters,2000B,35.0
P06106,Clothing,Formal White Shirt,"Good product, I'm satisfied.",5,2024-02-08,C105708,Zoë Claes,2018,39.0
P07455,Toys & Games,Building Blocks Set,"It's okay, not great, not terrible.",3,03-11-2023,C658623,Mila Hendriks,2000,18.0
P05899,Groceries,Granola with Nuts,"Good product, I'm satisfied.",4,2022-02-22,C986079,Finn Peeters,3500,45.0
P01993,Electronics,Gaming Mouse Pro Series,"Good product, I'm satisfied.",5,2023-09-29,C232601,Adam Maes,3000,22.0
P02874,Home & Kitchen,Stainless Steel Cookware Set,"It's okay, not great, not terrible.",3,2021-01-11,C782583,Liam Claes,9000,64.0
P01183,Electronics,Smartphone Fast Charger,"Good product, I'm satisfied.",5,2021-04-18,C535489,Emma Janssen,500,65.0
P03920,Beauty,Nourishing Shampoo,"It's okay, not great, not terrible.",3,2023-06-03,C817230,Zoë Maes,1050,43.0
P07984,Toys & Games,Strategy Board Game,"Good product, I'm satisfied.",5,11-09-2023,C493041,Liam Hendriks,1180,20.0
P01290,Electronics,USB-C Docking Station,"Good product, I'm satisfied.",4,2023/10/27,C838246,Olivia De Smet,5000,31.0
P02654,Home & Kitchen,Electric Kettle 1.7L,"Good product, I'm satisfied.",4,15-01-2023,C762880,Lucas Bosmans,1050,20.0
P01312,Electronics,Bluetooth Portable Speaker,"Good product, I'm satisfied.",5,2021-12-03,C655358,Noah Martens,,34.0
P08470,Sports & Outdoors,Stainless Steel Water Bottle,"Good product, I'm satisfied.",5,2022-03-25,C777318,Ava Vermeulen,3000,42.0
P10333,Garden,LED Grow Light,Not happy with this product.,1,21-12-2024,C594431,Sophie De Wilde,1180,42.0
P02845,Home & Kitchen,Dish Drying Rack,"Good product, I'm satisfied.",4,2023-06-15,C282155,Mila Martens,3500,37.0
P04479,Books,Psychology of Habits,"Good product, I'm satisfied.",5,2022/05/06,C814982,Zoë Martens,1180,36.0
P07649,Toys & Games,Educational Puzzle Set,"It's okay, not great, not terrible.",3,30-11-2023,C165936,Emma Martens,,30.0
P02907,Home & Kitchen,Vacuum Cleaner Pro,"Good product, I'm satisfied.",5,2021/10/24,C724932,Emma Vermeulen,2018,25.0
P06637,Clothing,Lightweight Hoodie,"Good product, I'm satisfied.",4,11-02-2022,C107645,Lucas De Smet,1050,30.0
P02486,Home & Kitchen,Dish Drying Rack,"Good product, I'm satisfied.",4,2023/06/03,C737079,Ava Bosmans,2000,34.0
P07679,Toys & Games,Educational Puzzle Set,"Good product, I'm satisfied.",4,2021-01-05,C371151,Arthur De Smet,1050,39.0
P02297,Home & Kitchen,Stainless Steel Cookware Set,"Good product, I'm satisfied.",4,2022-06-17,C539391,Noah Vermeulen,3500,43.0
P07327,Toys & Games,Building Blocks Set,Not happy with this product.,1,2021-05-01,C835262,Arthur Vermeulen,3010,61.0
P01841,Electronics,Wireless Keyboard and Mouse Combo,Not happy with this product.,1,2022/12/31,C429342,Liam Janssen,1180,43.0
P08540,Sports & Outdoors,Stainless Steel Water Bottle,"Good product, I'm satisfied.",4,11-07-2022,C307127,Liam Claes,101,
P02511,Home & Kitchen,Stainless Steel Cookware Set,"It's okay, not great, not terrible.",3,2023-07-29,C785761,Lucas Janssen,1011,27.0
P02553,Home & Kitchen,Espresso Coffee Machine,"Good product, I'm satisfied.",4,2021/03/09,C333497,Noah Janssen,5000,24.0
P03597,Beauty,Hydrating Face Serum,"Good product, I'm satisfied.",4,26-05-2022,C908132,Noor Peeters,1050,
P08316,Sports & Outdoors,Camping Lantern Rechargeable,"It's okay, not great, not terrible.",3,2023/06/20,C871867,,3010,25.0
P08316,Sports & Outdoors,Stainless Steel Water Bottle,"Good product, I'm satisfied.",4,2024-09-25,C128363,Mila Claes,1180,18.0
P01760,Electronics,USB-C Docking Station,"It's okay, not great, not terrible.",3,2021-07-18,C313181,Emma Martens,301,42.0
P04747,Books,Beginner's Guide to Python,Not happy with this product.,1,2023-10-14,C210295,Léa Hendriks,2000,
P08292,Sports & Outdoors,Running Shorts,Not happy with this product.,2,19-08-2024,C715481,Arthur Bosmans,2000,40.0
P02233,Home & Kitchen,Memory Foam Pillow,"Good product, I'm satisfied.",4,2021-10-20,C653619,Sophie Bosmans,3010,42.0
P07405,Toys & Games,Strategy Board Game,"It's okay, not great, not terrible.",3,2024-05-06,C270190,Sophie Martens,3000,32.0
P07890,Toys & Games,Educational Puzzle Set,Not happy with this product.,2,03-12-2022,C675564,Louis Hendriks,1011B,25.0
P10264,Garden,Indoor Plant Pot,"Good product, I'm satisfied.",5,15-05-2023,C404728,Zoë Lefevre,3500,36.0
P10545,Garden,Herb Seeds Mix,Not happy with this product.,1,2024/11/20,C560205,Lucas Martens,2000,20.0
P01162,Electronics,4K Ultra HD Smart TV,"It's okay, not great, not terrible.",3,18-12-2023,C151334,Olivia Vermeulen,1180,45.0
P03509,Beauty,Hydrating Face Serum,"Good product, I'm satisfied.",4,2021-01-09,C304043,Mila Dubois,1180,45.0
P02403,Home & Kitchen,Stainless Steel Cookware Set,"Good product, I'm satisfied.",4,2021-07-16,C783176,Noah Martens,2018,31.0
P08601,Sports & Outdoors,Yoga Mat Non-Slip,Not happy with this product.,1,05-05-2022,C434042,Zoë Dubois,1011,26.0
P10301,Garden,LED Grow Light,Not happy with this product.,2,2022/02/07,C773943,Louis Vermeulen,2018,32.0
P04218,Books,Psychology of Habits,"It's okay, not great, not terrible.",3,2021-05-28,C377745,,2000,29.0
P08909,Sports & Outdoors,Yoga Mat Non-Slip,"It's okay, not great, not terrible.",3,2021-04-01,C709196,Mila Peeters,2018,34.0
P01187,Electronics,Smartphone Fast Charger,,5,2024/10/17,C239082,,201,45.0
P01878,Electronics,4K Ultra HD Smart TV,"Good product, I'm satisfied.",5,2023-08-13,C180234,Sophie Maes,5000,35.0
P04288,Books,Cookbook: Easy Weeknight Meals,"Good product, I'm satisfied.",4,2021-01-23,C273838,Mila De Wilde,1180B,64.0
P02176,Home & Kitchen,Vacuum Cleaner Pro,"It's okay, not great, not terrible.",3,2024-11-19,C592296,Léa Vermeulen,3000,24.0
P01686,Electronics,Smartphone Fast Charger,Not happy with this product.,1,2024-12-10,C886716,Louis Bosmans,1180,49.0
P08499,Sports & Outdoors,Camping Lantern Rechargeable,"Good product, I'm satisfied.",4,2024-04-19,C177464,Louis Vermeulen,1050,30.0
P04634,Books,Beginner's Guide to Python,"Good product, I'm satisfied.",4,2024-01-10,C346715,Zoë Bosmans,3010A,25.0
P07856,Toys & Games,Building Blocks Set,"Good product, I'm satisfied.",5,2022-11-28,C988923,Noah Lefevre,3000,50.0
P02761,Home & Kitchen,Stainless Steel Cookware Set,"Good product, I'm satisfied.",4,2024-12-19,C451402,Léa Lefevre,9000,29.0
P02455,Home & Kitchen,Stainless Steel Cookware Set,"Good product, I'm satisfied.",5,2022-01-08,C987873,Liam Peeters,1050,33.0
P01659,Electronics,USB-C Docking Station,Not happy with this product.,2,2024-11-03,C454992,Adam Hendriks,5000,
P02884,Home & Kitchen,Vacuum Cleaner Pro,"Good product, I'm satisfied.",5,2023/02/06,C772687,Arthur Hendriks,1180,58.0
P03613,Beauty,Nourishing Shampoo,"Good product, I'm satisfied.",4,2023-08-22,C593678,Emma Hendriks,5000,20.0
P02997,Home & Kitchen,Espresso Coffee Machine,"Good product, I'm satisfied.",5,2024/05/01,C844304,Liam Vermeulen,1011,38.0
P01774,Electronics,Wireless Keyboard and Mouse Combo,"Good product, I'm satisfied.",4,2021-07-09,C951517,Mila Maes,3000,54.0
P02734,Home & Kitchen,Electric Kettle 1.7L,"Good product, I'm satisfied.",5,2022-05-16,C667801,Olivia Maes,1050,39.0
P05640,Groceries,Granola with Nuts,Not happy with this product.,2,2023-06-05,C782982,Lucas Hendriks,3500A,42.0
P09716,Office Supplies,Notebook A5 Lined,Not happy with this product.,2,2024-03-16,C993719,Mila Peeters,201,36.0
P01694,Electronics,Laptop Stand Aluminum,"Good product, I'm satisfied.",5,07-08-2022,C628790,,9000,19.0
P02572,Home & Kitchen,Dish Drying Rack,"Good product, I'm satisfied.",5,2023-06-17,C516955,Olivia Dubois,1050,
P05869,Groceries,Gluten-Free Pasta,"Good product, I'm satisfied.",4,2021-02-19,C623058,Mila Claes,5000,37.0
P06963,Clothing,Formal White Shirt,"Good product, I'm satisfied.",5,2024-02-01,C794042,Ava Claes,1050,62.0
P08132,Sports & Outdoors,Yoga Mat Non-Slip,"Good product, I'm satisfied.",4,2021-03-29,C645053,Léa Martens,2000,39.0
P02796,Home & Kitchen,Air Purifier with HEPA Filter,"Good product, I'm satisfied.",5,17-07-2021,C801444,Liam De Smet,3500,41.0
P03805,Beauty,SPF 50 Daily Sunscreen,Not happy with this product.,2,2021-02-05,C168332,Finn Hendriks,5000,26.0
P05581,Groceries,Gluten-Free Pasta,"Good product, I'm satisfied.",5,2022-08-02,C258789,Louis Dubois,3000,23.0
P02488,Home & Kitchen,Espresso Coffee Machine,"Good product, I'm satisfied.",5,2023-09-13,C918027,Lucas De Wilde,1050,45.0
P05528,Groceries,Whole Bean Coffee Dark Roast,Not happy with this product.,2,25-08-2021,C325726,Noah Martens,1050,28.0
P03330,Beauty,SPF 50 Daily Sunscreen,"Good product, I'm satisfied.",4,2024-03-08,C496886,Adam Dubois,500,33.0
P01185,Electronics,Gaming Mouse Pro Series,"It's okay, not great, not terrible.",3,2022-03-09,C524110,Ava Peeters,2000,24.0
P02864,Home & Kitchen,Air Purifier with HEPA Filter,"Good product, I'm satisfied.",5,2021-07-15,C545904,Liam Vermeulen,9000,45.0
P06331,Clothing,Slim Fit Jeans,"Good product, I'm satisfied.",4,2022/11/04,C954517,Emma Lefevre,1011,37.0
P01561,Electronics,4K Ultra HD Smart TV,Not happy with this product.,2,2024-02-24,C434827,Noor De Wilde,2000,28.0
P03660,Beauty,Hydrating Face Serum,"Good product, I'm satisfied.",4,2021-01-31,C629196,Lucas Janssen,9000,40.0
P01169,Electronics,USB-C Docking Station,"Good product, I'm satisfied.",4,2024-03-04,C146852,Mila Claes,1050,44.0
P04404,Books,Cookbook: Easy Weeknight Meals,"Good product, I'm satisfied.",4,2021-03-28,C655614,Léa Lefevre,1050,31.0
P07963,Toys & Games,Educational Puzzle Set,"It's okay, not great, not terrible.",3,2021-02-21,C482475,Noor Dubois,105,59.0
P02241,Home & Kitchen,Dish Drying Rack,"Good product, I'm satisfied.",4,2024/07/04,C209379,Emma De Wilde,,41.0
P04304,Books,Marketing Strategy Handbook,"It's okay, not great, not terrible.",3,2023-07-22,C227882,Noah Martens,3500B,19.0
P06992,Clothing,Basic Cotton T-Shirt,"It's okay, not great, not terrible.",3,2021-06-30,C464361,Zoë Bosmans,1050,67.0
P06414,Clothing,Lightweight Hoodie,"Good product, I'm satisfied.",4,2023/01/11,C170326,Ava Dubois,3000,44.0
P01667,Electronics,Wireless Noise-Cancelling Headphones,"Good product, I'm satisfied.",4,2024/10/02,C108545,Lucas De Wilde,2018,25.0
P08555,Sports & Outdoors,Yoga Mat Non-Slip,Not happy with this product.,1,2024-08-31,C500715,Sophie Maes,1180,53.0
P02772,Home & Kitchen,Dish Drying Rack,"It's okay, not great, not terrible.",3,2022-10-21,C407448,Ava Lefevre,,
P04643,Books,Thriller Novel: The Last Signal,"Good product, I'm satisfied.",5,2023-01-17,C949495,Noah Janssen,9000A,42.0
P07721,Toys & Games,Building Blocks Set,"Good product, I'm satisfied.",5,2024-06-24,C895871,Emma Hendriks,3500,
P01712,Electronics,Bluetooth Portable Speaker,"Good product, I'm satisfied.",5,2024/11/05,C194014,Mila Hendriks,3000,44.0
P09670,Office Supplies,Wireless Computer Mouse,"Good product, I'm satisfied.",4,2022-05-13,C701051,Lucas Dubois,5000,38.0
P02538,Home & Kitchen,Vacuum Cleaner Pro,,5,2024-08-28,C565319,Lucas Peeters,3010,35.0
P06565,Clothing,Basic Cotton T-Shirt,"It's okay, not great, not terrible.",3,2023/04/08,C192337,Lucas Vermeulen,2000,38.0
P07315,Toys & Games,Educational Puzzle Set,Not happy with this product.,2,2021-11-19,C222805,Sophie Janssen,1011,38.0
P09222,Office Supplies,Gel Ink Pens Pack,"Good product, I'm satisfied.",4,2023-04-12,C476630,Sophie De Smet,9000,46.0
P01676,Electronics,4K Ultra HD Smart TV,"Good product, I'm satisfied.",4,2022-07-02,C961582,Mila Hendriks,9000,43.0
P09911,Office Supplies,Notebook A5 Lined,"Good product, I'm satisfied.",4,2022/11/25,C109852,Léa Peeters,3000,43.0
P01977,Electronics,Wireless Noise-Cancelling Headphones,"It's okay, not great, not terrible.",3,21-02-2023,C111756,Ava Janssen,3500B,31.0
P01605,Electronics,Laptop Stand Aluminum,"Good product, I'm satisfied.",5,2021-06-20,C812647,Emma Peeters,201,21.0
P06408,Clothing,Running Shoes,"It's okay, not great, not terrible.",3,30-08-2021,C444530,Liam Bosmans,500,27.0
P06183,Clothing,Running Shoes,"Good product, I'm satisfied.",5,2023-06-25,C538937,Lucas Claes,900,
P06825,Clothing,Basic Cotton T-Shirt,"Good product, I'm satisfied.",5,2022/11/22,C457200,Zoë Peeters,5000,27.0
P04770,Books,Marketing Strategy Handbook,"It's okay, not great, not terrible.",3,2023-09-09,C300537,,1180,
P02439,Home & Kitchen,Stainless Steel Cookware Set,"Good product, I'm satisfied.",4,2023-03-26,C369525,Zoë Vermeulen,9000,68.0
P01846,Electronics,Wireless Keyboard and Mouse Combo,Not worth the price. The wireless keyboard and mouse combo did not match the description and feels cheap.,2,21-03-2024,C225304,Lucas Peeters,1180,40.0
P02574,Home & Kitchen,Electric Kettle 1.7L,"Good product, I'm satisfied.",4,2022-11-22,C762398,Olivia Dubois,3010,18.0
P06303,Clothing,Running Shoes,Not happy with this product.,2,2024-09-14,C613048,,2000,38.0
P03651,Beauty,Volumizing Mascara,,5,2024-11-20,C267898,Louis Claes,3010,21.0
P07423,Toys & Games,Educational Puzzle Set,"Good product, I'm satisfied.",5,2021/11/17,C442716,Emma Dubois,3000,29.0
P09995,Office Supplies,Gel Ink Pens Pack,"It's okay, not great, not terrible.",3,2023/03/26,C158077,Noor De Smet,3000,21.0
P03113,Beauty,Matte Liquid Lipstick,"Good product, I'm satisfied.",5,2021-12-24,C792051,Liam De Smet,2000,37.0
P03198,Beauty,Volumizing Mascara,"Good product, I'm satisfied.",4,2023-07-05,C329565,Liam Vermeulen,118,35.0
P03933,Beauty,Anti-Frizz Hair Oil,"Good product, I'm satisfied.",4,2023-12-15,C878160,Lucas Hendriks,3010,44.0
P07915,Toys & Games,Plush Teddy Bear,"Good product, I'm satisfied.",4,2023-05-05,C893346,Louis Claes,1050,35.0
P08952,Sports & Outdoors,Camping Lantern Rechargeable,"Good product, I'm satisfied.",4,2022-12-23,C400096,Léa De Smet,9000,29.0
P02370,Home & Kitchen,Espresso Coffee Machine,"Good product, I'm satisfied.",5,18-10-2023,C721013,Zoë Dubois,1011A,29.0
P02999,Home & Kitchen,Stainless Steel Cookware Set,"Good product, I'm satisfied.",4,2021/09/15,C112085,Sophie Peeters,9000,41.0
P03341,Beauty,Matte Liquid Lipstick,"It's okay, not great, not terrible.",3,10-11-2022,C684413,Lucas Maes,2000A,68.0
P10598,Garden,Indoor Plant Pot,"Good product, I'm satisfied.",5,2022-08-09,C562744,Lucas Claes,1050,
P02615,Home & Kitchen,Stainless Steel Cookware Set,"Good product, I'm satisfied.",4,20-06-2021,C739295,Léa De Smet,900,20.0
P07943,Toys & Games,Building Blocks Set,Not happy with this product.,1,25-05-2021,C746901,Ava Maes,3000,49.0
P01466,Electronics,Laptop Stand Aluminum,"Good product, I'm satisfied.",5,2024-01-01,C995977,Zoë Janssen,1050,70.0
P08995,Sports & Outdoors,Running Shorts,Not happy with this product.,2,2024-12-15,C244104,Ava Janssen,1050,20.0
P07962,Toys & Games,Strategy Board Game,,5,2024-09-03,C462623,Noor Vermeulen,1011,20.0
P01371,Electronics,Bluetooth Portable Speaker,Not happy with this product.,1,15-04-2024,C794464,Noah Martens,3010A,30.0
P01617,Electronics,Laptop Stand Aluminum,"Good product, I'm satisfied.",5,2021-02-03,C266481,Zoë Hendriks,1050,45.0
P03476,Beauty,Hydrating Face Serum,"Good product, I'm satisfied.",4,2024-01-28,C910555,Noor De Smet,201,43.0
P01245,Electronics,Gaming Mouse Pro Series,"Good product, I'm satisfied.",4,2024-06-15,C239723,Lucas De Smet,101,21.0
P01683,Electronics,4K Ultra HD Smart TV,I would definitely recommend this. I use it almost every day for electronics tasks and it performs very well.,5,2021-04-04,C692232,Emma De Wilde,3000,36.0
P06278,Clothing,Formal White Shirt,"Good product, I'm satisfied.",4,28-01-2023,C720515,Arthur Dubois,1011,30.0
P10826,Garden,Garden Hose 20m,"It's okay, not great, not terrible.",3,2022/09/07,C168093,Noor Maes,3500,28.0
P04516,Books,Marketing Strategy Handbook,"Good product, I'm satisfied.",4,2024-06-11,C318016,Noah Lefevre,3010,70.0
P02632,Home & Kitchen,Dish Drying Rack,"Good product, I'm satisfied.",5,2021-11-08,C440185,,2000,38.0
P03883,Beauty,Hydrating Face Serum,"It's okay, not great, not terrible.",3,2021-03-10,C604999,Zoë De Wilde,1050,40.0
P03571,Beauty,Hydrating Face Serum,"Good product, I'm satisfied.",4,2021/05/13,C748865,,3500B,26.0
P05270,Groceries,Extra Virgin Olive Oil,"Good product, I'm satisfied.",4,2023-11-14,C758797,Ava Hendriks,3500,40.0
P02369,Home & Kitchen,Non-Stick Frying Pan,"It's okay, not great, not terrible.",3,2021-08-26,C764545,Ava Hendriks,3010,31.0
P01100,Electronics,Laptop Stand Aluminum,"Good product, I'm satisfied.",5,2024-03-14,C676184,Finn Martens,2000,36.0
P05846,Groceries,Extra Virgin Olive Oil,Not happy with this product.,2,2023/09/08,C563581,Lucas Bosmans,3500,25.0
P02924,Home & Kitchen,Memory Foam Pillow,"Good product, I'm satisfied.",4,2022-11-04,C553527,Sophie Hendriks,2000,31.0
P02333,Home & Kitchen,Air Purifier with HEPA Filter,"Good product, I'm satisfied.",4,2022-08-24,C898118,Léa Dubois,,43.0
P07838,Toys & Games,Educational Puzzle Set,"Good product, I'm satisfied.",4,18-03-2024,C810902,Ava Maes,2018,60.0
P04423,Books,Marketing Strategy Handbook,Not happy with this product.,2,2021-09-12,C269061,Zoë Dubois,2018,21.0
P01982,Electronics,Wireless Keyboard and Mouse Combo,"Good product, I'm satisfied.",5,2022-07-26,C326956,Finn Claes,1180,35.0
P04521,Books,Beginner's Guide to Python,"It's okay, not great, not terrible.",3,2023-07-20,C426708,Olivia De Smet,1011A,63.0
P05979,Groceries,Gluten-Free Pasta,"Good product, I'm satisfied.",4,2022-12-11,C441563,Liam Claes,9000,26.0
P06397,Clothing,Lightweight Hoodie,"Good product, I'm satisfied.",5,2022/12/11,C226988,Sophie Vermeulen,2018,31.0
P01465,Electronics,Wireless Keyboard and Mouse Combo,Not happy with this product.,1,2024-04-02,C645686,Louis Martens,2000,35.0
P08102,Sports & Outdoors,Yoga Mat Non-Slip,"It's okay, not great, not terrible.",3,2021-11-18,C511702,Louis Claes,2000,25.0
P09410,Office Supplies,Wireless Computer Mouse,Not happy with this product.,1,2021-02-07,C346120,Noah Maes,1011,41.0
P02539,Home & Kitchen,Memory Foam Pillow,Not happy with this product.,1,01-12-2024,C761183,Ava Dubois,3000,23.0
P01707,Electronics,Wireless Noise-Cancelling Headphones,"Good product, I'm satisfied.",4,2023-02-16,C721856,Lucas Hendriks,3500,28.0
P02345,Home & Kitchen,Espresso Coffee Machine,Not happy with this product.,2,19-12-2023,C943671,Liam Dubois,3010,37.0
P02734,Home & Kitchen,Dish Drying Rack,"Good product, I'm satisfied.",4,2024/04/22,C627902,Noor Hendriks,2018,34.0
P07854,Toys & Games,Strategy Board Game,"Good product, I'm satisfied.",5,22-02-2022,C473053,,5000,36.0
P02927,Home & Kitchen,Vacuum Cleaner Pro,"Good product, I'm satisfied.",4,2021-01-05,C789636,Ava Claes,201,41.0
P01148,Electronics,USB-C Docking Station,"Good product, I'm satisfied.",4,24-01-2022,C435983,Mila Janssen,3010B,42.0
P03873,Beauty,Volumizing Mascara,"Good product, I'm satisfied.",4,2023-10-22,C251275,Noah De Wilde,200,40.0
P02345,Home & Kitchen,Air Purifier with HEPA Filter,"Good product, I'm satisfied.",4,2022-05-11,C907959,Louis Bosmans,9000B,40.0
P02307,Home & Kitchen,Dish Drying Rack,"It's okay, not great, not terrible.",3,2023-09-22,C533403,Noor Janssen,2000,19.0
P07562,Toys & Games,Educational Puzzle Set,"It's okay, not great, not terrible.",3,08-01-2022,C874831,Olivia Hendriks,1050,23.0
P02461,Home & Kitchen,Electric Kettle 1.7L,,3,2024-03-13,C618664,Lucas De Wilde,1050B,45.0
P01722,Electronics,4K Ultra HD Smart TV,"It's okay, not great, not terrible.",3,2022/05/21,C960531,Olivia Hendriks,5000,25.0
P03905,Beauty,Hydrating Face Serum,"Good product, I'm satisfied.",4,2023-05-10,C834435,Finn De Wilde,350,28.0
P03448,Beauty,Hydrating Face Serum,"Good product, I'm satisfied.",5,2024-08-08,C294305,Sophie Bosmans,9000,40.0
P01719,Electronics,Gaming Mouse Pro Series,"It's okay, not great, not terrible.",3,2021/12/05,C986795,Finn De Wilde,105,33.0
P09516,Office Supplies,Ergonomic Office Chair,"It's okay, not great, not terrible.",3,2021-07-12,C355070,Liam Lefevre,5000,36.0
P02574,Home & Kitchen,Dish Drying Rack,"Good product, I'm satisfied.",4,2023-10-17,C491264,Sophie Claes,1011,19.0
P06248,Clothing,Running Shoes,"Good product, I'm satisfied.",5,2022-09-24,C467062,Emma Claes,3500A,26.0
P03754,Beauty,Anti-Frizz Hair Oil,"Good product, I'm satisfied.",5,2024/10/21,C261323,Lucas Dubois,1011A,36.0
P08554,Sports & Outdoors,Stainless Steel Water Bottle,"Good product, I'm satisfied.",5,2022/08/23,C847775,Ava Martens,9000,42.0
P05186,Groceries,Extra Virgin Olive Oil,"Good product, I'm satisfied.",5,2023-11-04,C976282,Léa De Smet,5000,19.0
P03941,Beauty,Nourishing Shampoo,"Good product, I'm satisfied.",5,2024-04-06,C413837,Lucas Peeters,3500,37.0
P07208,Toys & Games,Educational Puzzle Set,"Good product, I'm satisfied.",5,2022/01/10,C752527,Léa De Wilde,2000,32.0
P05328,Groceries,Whole Bean Coffee Dark Roast,"Good product, I'm satisfied.",4,2021/10/17,C604240,Mila Dubois,9000,26.0
P02707,Home & Kitchen,Air Purifier with HEPA Filter,"Good product, I'm satisfied.",5,24-12-2024,C286522,Louis Lefevre,3010,32.0
P03851,Beauty,Matte Liquid Lipstick,"Good product, I'm satisfied.",4,2022/07/04,C634983,Zoë Hendriks,3000,21.0
P04500,Books,Thriller Novel: The Last Signal,,4,2023-09-08,C731791,Adam Janssen,9000,34.0
P07439,Toys & Games,Plush Teddy Bear,"Good product, I'm satisfied.",5,2021-01-28,C533476,Noah Maes,2000,41.0
P02226,Home & Kitchen,Dish Drying Rack,"Good product, I'm satisfied.",5,2023-11-29,C592215,Ava Hendriks,200,23.0
P01823,Electronics,Gaming Mouse Pro Series,"Good product, I'm satisfied.",4,2021-07-01,C331342,Sophie Claes,1180,
P06879,Clothing,Slim Fit Jeans,Not happy with this product.,2,2023-05-19,C546066,Ava Peeters,1011,45.0
P02276,Home & Kitchen,Espresso Coffee Machine,"Good product, I'm satisfied.",5,2022-05-02,C644050,Adam Hendriks,1180,42.0
P02971,Home & Kitchen,Air Purifier with HEPA Filter,"Good product, I'm satisfied.",4,2022-10-24,C920854,Mila Janssen,1050,21.0
P03498,Beauty,Matte Liquid Lipstick,Not happy with this product.,2,2022-05-17,C104718,Adam De Wilde,1011,36.0
P01872,Electronics,Laptop Stand Aluminum,Not happy with this product.,2,2022-09-09,C512566,,9000,51.0
P06533,Clothing,Formal White Shirt,"Good product, I'm satisfied.",4,2021-12-14,C171019,Arthur Martens,1050,44.0
P07436,Toys & Games,Building Blocks Set,"Good product, I'm satisfied.",4,19-06-2023,C552035,Arthur Martens,3000,42.0
P01529,Electronics,USB-C Docking Station,"Good product, I'm satisfied.",5,17-11-2021,C425552,Arthur Janssen,1011,26.0
P05891,Groceries,Gluten-Free Pasta,"Good product, I'm satisfied.",5,08-07-2021,C809365,Léa Lefevre,5000,37.0
P01481,Electronics,Gaming Mouse Pro Series,"Good product, I'm satisfied.",4,2022-04-21,C770213,Noah De Wilde,900,24.0
P03299,Beauty,Nourishing Shampoo,Not happy with this product.,2,18-03-2022,C278887,Adam Bosmans,201,33.0
P02799,Home & Kitchen,Dish Drying Rack,"It's okay, not great, not terrible.",3,2022-01-19,C547389,Olivia Martens,5000,44.0
P09190,Office Supplies,Notebook A5 Lined,Not happy with this product.,2,06-02-2022,C949606,Olivia Hendriks,3500A,30.0
P02188,Home & Kitchen,Air Purifier with HEPA Filter,"Good product, I'm satisfied.",5,2021-07-17,C710384,Emma Hendriks,3500,38.0
P02243,Home & Kitchen,Memory Foam Pillow,"It's okay, not great, not terrible.",3,2021-03-18,C420119,Mila Lefevre,3000,27.0
P02254,Home & Kitchen,Vacuum Cleaner Pro,Not happy with this product.,2,2022-12-30,C308061,Sophie Claes,3000,45.0
P08354,Sports & Outdoors,Camping Lantern Rechargeable,"Good product, I'm satisfied.",4,12-07-2021,C553004,Léa De Wilde,2018,36.0
P02927,Home & Kitchen,Air Purifier with HEPA Filter,"It's okay, not great, not terrible.",3,23-07-2024,C262924,Noor Martens,3000,32.0
P05524,Groceries,Extra Virgin Olive Oil,"Good product, I'm satisfied.",5,2022/11/23,C893637,Liam Bosmans,3000,40.0
P01221,Electronics,Wireless Keyboard and Mouse Combo,"Good product, I'm satisfied.",5,2024-03-15,C473719,Finn Vermeulen,1011,52.0
P08683,Sports & Outdoors,Camping Lantern Rechargeable,"Good product, I'm satisfied.",5,29-08-2023,C743578,Noah De Wilde,2018,33.0
P06357,Clothing,Lightweight Hoodie,"Good product, I'm satisfied.",5,2022/06/20,C623649,Finn Dubois,,22.0
P02278,Home & Kitchen,Non-Stick Frying Pan,"Good product, I'm satisfied.",4,2024-02-28,C787781,Olivia Martens,3500,20.0
P01363,Electronics,Wireless Noise-Cancelling Headphones,"Good product, I'm satisfied.",5,2024-04-11,C187484,Sophie Maes,1180,31.0
P01372,Electronics,Smartphone Fast Charger,Not happy with this product.,1,2022-03-26,C659614,Adam Bosmans,1180,24.0
P02129,Home & Kitchen,Memory Foam Pillow,"Good product, I'm satisfied.",5,2021-02-08,C527288,Sophie De Smet,3010,42.0
P01114,Electronics,Wireless Noise-Cancelling Headphones,"Good product, I'm satisfied.",4,2024-01-04,C815059,Sophie Dubois,5000,45.0
P02751,Home & Kitchen,Espresso Coffee Machine,"Good product, I'm satisfied.",5,2023-12-23,C627912,Léa Martens,201,23.0
P01467,Electronics,USB-C Docking Station,"Good product, I'm satisfied.",5,25-03-2022,C815591,Sophie Martens,1011,18.0
P08875,Sports & Outdoors,Camping Lantern Rechargeable,"It's okay, not great, not terrible.",3,2021-10-05,C672922,Sophie De Smet,9000,37.0
P04284,Books,Psychology of Habits,"Good product, I'm satisfied.",4,2024/07/12,C539898,Emma Peeters,3500,41.0
P02752,Home & Kitchen,Espresso Coffee Machine,"Good product, I'm satisfied.",5,2023-04-06,C618945,Olivia Bosmans,1011,
P02432,Home & Kitchen,Dish Drying Rack,Not happy with this product.,2,2023-05-08,C324776,Emma De Wilde,2000,29.0
P02126,Home & Kitchen,Vacuum Cleaner Pro,Not happy with this product.,1,2021-11-12,C925781,Louis Janssen,5000,36.0
P02968,Home & Kitchen,Dish Drying Rack,"It's okay, not great, not terrible.",3,29-10-2021,C313797,Finn Maes,2018,
P03297,Beauty,Anti-Frizz Hair Oil,"Good product, I'm satisfied.",4,04-05-2022,C696354,Liam Maes,3500B,22.0
P01708,Electronics,Bluetooth Portable Speaker,"Good product, I'm satisfied.",4,2024-09-03,C112000,Léa Janssen,3500,29.0
P02409,Home & Kitchen,Dish Drying Rack,Not happy with this product.,2,2024-02-20,C513869,Sophie Martens,3500,35.0
P05613,Groceries,Organic Almond Milk,"It's okay, not great, not terrible.",3,2022/04/09,C508872,,3500,35.0
P02214,Home & Kitchen,Vacuum Cleaner Pro,"Good product, I'm satisfied.",4,10-01-2021,C892192,Adam Lefevre,3010,37.0
P06760,Clothing,Formal White Shirt,"Good product, I'm satisfied.",5,06-07-2022,C341687,Liam Dubois,300,39.0
P04332,Books,Cookbook: Easy Weeknight Meals,"Good product, I'm satisfied.",5,20-05-2024,C833280,Finn De Smet,2000,23.0
P02591,Home & Kitchen,Memory Foam Pillow,"It's okay, not great, not terrible.",3,2024-07-25,C280198,Zoë Vermeulen,1050,39.0
P08817,Sports & Outdoors,Camping Lantern Rechargeable,"It's okay, not great, not terrible.",3,2022-07-11,C972310,Arthur Martens,900,
P02551,Home & Kitchen,Vacuum Cleaner Pro,"Good product, I'm satisfied.",5,2023-02-05,C484546,Noor De Wilde,1180,26.0
P01663,Electronics,Bluetooth Portable Speaker,Not happy with this product.,1,2021/02/16,C478251,Louis Vermeulen,105,40.0
P03852,Beauty,Volumizing Mascara,Not happy with this product.,2,2023-04-03,C770369,Lucas Lefevre,1050,40.0
P06467,Clothing,Running Shoes,"It's okay, not great, not terrible.",3,2022-05-25,C958121,,2000,45.0
P02112,Home & Kitchen,Dish Drying Rack,"It's okay, not great, not terrible.",3,2021-12-20,C415734,Liam De Smet,1011,18.0
P02227,Home & Kitchen,Memory Foam Pillow,"Good product, I'm satisfied.",4,2023/10/05,C785572,Sophie Vermeulen,9000B,27.0
P03718,Beauty,Hydrating Face Serum,"Good product, I'm satisfied.",4,2022-11-19,C854170,Sophie Dubois,3500,42.0
P02433,Home & Kitchen,Non-Stick Frying Pan,"Good product, I'm satisfied.",5,2023-12-28,C683165,Sophie Peeters,3010,42.0
P02407,Home & Kitchen,Espresso Coffee Machine,Not happy with this product.,1,2024-01-20,C547185,Liam De Smet,9000,43.0
P01941,Electronics,Smartphone Fast Charger,Not happy with this product.,1,2021/04/08,C571072,Noah Lefevre,1011,21.0
P06507,Clothing,Lightweight Hoodie,"It's okay, not great, not terrible.",3,16-09-2021,C883667,Finn Dubois,2000,30.0
P01612,Electronics,Gaming Mouse Pro Series,"Good product, I'm satisfied.",5,2024-07-04,C898975,Olivia Maes,2018,30.0
P01419,Electronics,Gaming Mouse Pro Series,"Good product, I'm satisfied.",5,10-08-2021,C946198,Mila Vermeulen,500,34.0
P06483,Clothing,Slim Fit Jeans,,3,20-02-2024,C672730,Olivia Maes,3000,23.0
P01474,Electronics,Bluetooth Portable Speaker,"Good product, I'm satisfied.",5,02-09-2023,C749466,Zoë De Smet,2018B,35.0
P02569,Home & Kitchen,Memory Foam Pillow,"It's okay, not great, not terrible.",3,2021/05/22,C708196,Zoë Martens,2000,39.0
P02678,Home & Kitchen,Non-Stick Frying Pan,"Good product, I'm satisfied.",4,23-06-2024,C214856,Finn Janssen,3500B,37.0
P01515,Electronics,Bluetooth Portable Speaker,"It's okay, not great, not terrible.",3,04-01-2024,C952353,Arthur Janssen,2018,43.0
P07157,Toys & Games,Building Blocks Set,Not happy with this product.,1,2021/07/19,C564915,Sophie Bosmans,1011,44.0
P10616,Garden,Garden Hose 20m,"Good product, I'm satisfied.",5,2023-08-28,C289724,Zoë Vermeulen,3010A,44.0
P01765,Electronics,Wireless Noise-Cancelling Headphones,"Good product, I'm satisfied.",5,2024/04/27,C340703,Zoë Janssen,1050,40.0
P03795,Beauty,Hydrating Face Serum,"Good product, I'm satisfied.",4,2021-07-09,C850401,Liam De Wilde,1011,31.0
P06191,Clothing,Lightweight Hoodie,"It's okay, not great, not terrible.",3,2023/01/21,C558607,Ava Martens,1011,43.0
P02567,Home & Kitchen,Vacuum Cleaner Pro,"Good product, I'm satisfied.",4,2023/05/14,C129541,Adam Dubois,1180,32.0
P02899,Home & Kitchen,Air Purifier with HEPA Filter,"It's okay, not great, not terrible.",3,2022/05/30,C804615,Sophie De Smet,1180,36.0
P03983,Beauty,Matte Liquid Lipstick,"Good product, I'm satisfied.",5,2023/12/09,C244818,Ava Bosmans,1180,50.0
P02338,Home & Kitchen,Espresso Coffee Machine,"It's okay, not great, not terrible.",3,2022-03-11,C688922,Liam Lefevre,3000,27.0
P10194,Garden,Garden Hose 20m,Not happy with this product.,2,2021-07-08,C739976,Mila Lefevre,5000B,42.0
P10179,Garden,LED Grow Light,Not happy with this product.,2,2024-01-29,C383246,Liam Maes,,35.0
P09245,Office Supplies,Wireless Computer Mouse,Not happy with this product.,2,06-12-2022,C925646,Léa Dubois,1180,38.0
P02809,Home & Kitchen,Non-Stick Frying Pan,Quality feels premium and durable. I use it almost every day for home & kitchen tasks and it performs very well.,5,2022-06-29,C241985,Arthur De Wilde,1050B,24.0
P03995,Beauty,Volumizing Mascara,Very easy to use and install. I use it almost every day for beauty tasks and it performs very well.,4,11-02-2021,C149071,Noor Dubois,2018,44.0
P01137,Electronics,Laptop Stand Aluminum,Not happy with this product.,1,2024-08-13,C659380,Zoë Maes,5000B,33.0
P02718,Home & Kitchen,Dish Drying Rack,"Good product, I'm satisfied.",5,2023-07-31,C157233,Noah Lefevre,3010A,43.0
P03645,Beauty,Volumizing Mascara,"It's okay, not great, not terrible.",3,2024/03/22,C579989,Sophie Hendriks,301,19.0
P02838,Home & Kitchen,Stainless Steel Cookware Set,Not happy with this product.,1,2022/05/27,C794148,Emma Lefevre,2018,39.0
P02878,Home & Kitchen,Vacuum Cleaner Pro,"Good product, I'm satisfied.",4,2024/07/30,C460265,Noah Vermeulen,3500,32.0
P07703,Toys & Games,Strategy Board Game,Not happy with this product.,2,2021-10-15,C950965,Lucas Bosmans,1180B,59.0
P06343,Clothing,Slim Fit Jeans,"Good product, I'm satisfied.",5,2022-07-16,C573016,Adam Dubois,1011,71.0
P02843,Home & Kitchen,Stainless Steel Cookware Set,Great value for money. I use it almost every day for home & kitchen tasks and it performs very well.,4,25-04-2023,C163119,Emma Bosmans,9000,44.0
P04789,Books,Cookbook: Easy Weeknight Meals,"It's okay, not great, not terrible.",3,2023-09-18,C927959,Zoë De Smet,3000,45.0
P02580,Home & Kitchen,Stainless Steel Cookware Set,"Good product, I'm satisfied.",5,26-03-2023,C239675,Adam Martens,1180,33.0
P09475,Office Supplies,Wireless Computer Mouse,"Good product, I'm satisfied.",4,2021-08-08,C832045,,1050,41.0
P05189,Groceries,Organic Almond Milk,"Good product, I'm satisfied.",5,2023-07-29,C424425,Noah Peeters,3010,24.0
P08891,Sports & Outdoors,Yoga Mat Non-Slip,"Good product, I'm satisfied.",5,22-02-2021,C839434,Adam Vermeulen,3010,44.0
P01525,Electronics,Bluetooth Portable Speaker,Not happy with this product.,2,2022/03/30,C669460,Noor Lefevre,1050,
P09455,Office Supplies,Notebook A5 Lined,Not happy with this product.,1,2024-12-22,C269907,Louis Hendriks,3010,51.0
P04320,Books,Beginner's Guide to Python,"Good product, I'm satisfied.",5,02-11-2024,C759156,Arthur Martens,3500,44.0
P03661,Beauty,Hydrating Face Serum,"It's okay, not great, not terrible.",3,09-06-2023,C518582,Ava Peeters,3500,
P01818,Electronics,Bluetooth Portable Speaker,"Good product, I'm satisfied.",4,08-07-2023,C126638,Zoë De Wilde,9000A,42.0
P02258,Home & Kitchen,Stainless Steel Cookware Set,"Good product, I'm satisfied.",4,2021-01-30,C635717,Louis Vermeulen,1180,41.0
P02518,Home & Kitchen,Non-Stick Frying Pan,"Good product, I'm satisfied.",4,2022-12-11,C998753,Lucas Claes,3500,37.0
P04901,Books,Thriller Novel: The Last Signal,,5,2022-01-27,C865047,Adam De Smet,5000B,28.0
P04154,Books,Beginner's Guide to Python,"Good product, I'm satisfied.",4,2022-01-18,C109600,Arthur Hendriks,3500,71.0
P01173,Electronics,4K Ultra HD Smart TV,"Good product, I'm satisfied.",5,2024-11-02,C944665,Louis Lefevre,3000,32.0
P08301,Sports & Outdoors,Running Shorts,"Good product, I'm satisfied.",4,2023/02/13,C309156,Finn Peeters,5000,22.0
P05286,Groceries,Granola with Nuts,"Good product, I'm satisfied.",5,14-05-2023,C407075,Sophie Janssen,1011,42.0
P01221,Electronics,Gaming Mouse Pro Series,"Good product, I'm satisfied.",4,2024-06-16,C453169,Zoë Martens,2000B,75.0
P07418,Toys & Games,Strategy Board Game,"Good product, I'm satisfied.",5,2021-03-07,C479742,Noor Bosmans,3000,
P06693,Clothing,Formal White Shirt,"Good product, I'm satisfied.",5,2022-10-30,C441806,Mila De Smet,3000,38.0
P02564,Home & Kitchen,Stainless Steel Cookware Set,"Good product, I'm satisfied.",4,2021-04-29,C238353,Noor Lefevre,1011,25.0
P03582,Beauty,Volumizing Mascara,Not happy with this product.,2,21-09-2021,C189600,Louis Martens,3010,21.0
P10112,Garden,Herb Seeds Mix,"Good product, I'm satisfied.",4,2022-12-29,C329027,Arthur Maes,5000,30.0
P03345,Beauty,Volumizing Mascara,"Good product, I'm satisfied.",5,2023-12-26,C268573,Mila Claes,1011,26.0
P01218,Electronics,Wireless Keyboard and Mouse Combo,"Good product, I'm satisfied.",4,01-10-2022,C503472,Ava Claes,5000,38.0
P05544,Groceries,Gluten-Free Pasta,"Good product, I'm satisfied.",5,2023-02-23,C214387,Olivia Janssen,1011,21.0
P02523,Home & Kitchen,Espresso Coffee Machine,"It's okay, not great, not terrible.",3,04-08-2023,C619400,Mila De Wilde,3010,32.0
P05740,Groceries,Whole Bean Coffee Dark Roast,"Good product, I'm satisfied.",5,2023-04-28,C947642,Olivia Bosmans,,41.0
P10675,Garden,Indoor Plant Pot,"Good product, I'm satisfied.",5,12-05-2021,C451106,Noah Hendriks,3000,27.0
P10252,Garden,Indoor Plant Pot,Not happy with this product.,2,2022-05-31,C138532,Emma Lefevre,1180,36.0
P05579,Groceries,Organic Almond Milk,"It's okay, not great, not terrible.",3,2021-03-30,C914509,Arthur Claes,1050,38.0
P03825,Beauty,Hydrating Face Serum,"Good product, I'm satisfied.",4,2021-10-20,C420287,Léa Martens,1011,
P02183,Home & Kitchen,Memory Foam Pillow,"Good product, I'm satisfied.",4,2023-09-17,C626035,Mila Hendriks,2000,29.0
P03219,Beauty,Volumizing Mascara,"Good product, I'm satisfied.",5,2024-03-23,C941945,Noor Vermeulen,5000,32.0
P09908,Office Supplies,Ergonomic Office Chair,,1,2021/02/16,C551002,Louis De Smet,1180,27.0
P01279,Electronics,Bluetooth Portable Speaker,Not happy with this product.,2,03-06-2021,C774721,Olivia Claes,1050,44.0
P09335,Office Supplies,Notebook A5 Lined,Not happy with this product.,2,2022-02-19,C496583,Mila Dubois,2018,22.0
P02979,Home & Kitchen,Memory Foam Pillow,"Good product, I'm satisfied.",4,2022-06-23,C339826,Léa Vermeulen,3000,42.0
P02673,Home & Kitchen,Stainless Steel Cookware Set,"It's okay, not great, not terrible.",3,2021-06-18,C740026,Noah Janssen,2018,44.0
P01861,Electronics,4K Ultra HD Smart TV,"It's okay, not great, not terrible.",3,2024-06-13,C199393,Arthur Lefevre,9000,34.0
P01946,Electronics,Wireless Keyboard and Mouse Combo,"It's okay, not great, not terrible.",3,2024-11-03,C148943,Zoë Vermeulen,5000,42.0
P02344,Home & Kitchen,Air Purifier with HEPA Filter,"Good product, I'm satisfied.",4,2021-10-07,C399593,Louis De Wilde,2018,34.0
P02202,Home & Kitchen,Electric Kettle 1.7L,"It's okay, not great, not terrible.",3,2023-05-11,C523257,Léa Janssen,1050,27.0
P06551,Clothing,Formal White Shirt,"It's okay, not great, not terrible.",3,2022/07/06,C712690,Léa De Smet,300,38.0
P04590,Books,Cookbook: Easy Weeknight Meals,"Good product, I'm satisfied.",4,2022-01-16,C791131,Ava Lefevre,2018,
P09617,Office Supplies,Gel Ink Pens Pack,"Good product, I'm satisfied.",5,2024/01/21,C780438,Sophie Peeters,1180B,21.0
P06929,Clothing,Formal White Shirt,"It's okay, not great, not terrible.",3,2021-02-08,C562128,Lucas Dubois,2018,34.0
P03500,Beauty,Anti-Frizz Hair Oil,"It's okay, not great, not terrible.",3,01-06-2021,C522833,Lucas De Wilde,3500,65.0
P03447,Beauty,Volumizing Mascara,"It's okay, not great, not terrible.",3,2021-09-01,C111429,Lucas Janssen,3000,41.0
P10363,Garden,Herb Seeds Mix,Not happy with this product.,1,2022-09-07,C268104,Lucas Bosmans,5000,24.0
P07215,Toys & Games,Strategy Board Game,"It's okay, not great, not terrible.",3,2023-09-11,C102563,Adam Martens,3500,26.0
P03778,Beauty,Matte Liquid Lipstick,"It's okay, not great, not terrible.",3,2022-05-02,C685740,Mila De Smet,3500,42.0
P07794,Toys & Games,Strategy Board Game,Not happy with this product.,2,2023-02-17,C206594,Liam De Wilde,1180,35.0
P09531,Office Supplies,Gel Ink Pens Pack,"Good product, I'm satisfied.",5,2022-06-14,C704946,Noor Janssen,1180,29.0
P06962,Clothing,Basic Cotton T-Shirt,"Good product, I'm satisfied.",4,2023-11-07,C625923,Zoë Vermeulen,3010,34.0
P01497,Electronics,Smartphone Fast Charger,"It's okay, not great, not terrible.",3,2022-09-22,C629469,Ava Peeters,350,40.0
P05905,Groceries,Whole Bean Coffee Dark Roast,"Good product, I'm satisfied.",4,2022-10-20,C289441,Zoë Martens,1050,29.0
P01130,Electronics,Smartphone Fast Charger,Not happy with this product.,2,2024/11/17,C443450,Olivia De Smet,1011,27.0
P03496,Beauty,Anti-Frizz Hair Oil,"Good product, I'm satisfied.",5,2022-03-20,C721968,Noor Claes,2018,25.0
P03370,Beauty,Matte Liquid Lipstick,"Good product, I'm satisfied.",4,2023-11-13,C678572,,2018,32.0
P01499,Electronics,Wireless Keyboard and Mouse Combo,"Good product, I'm satisfied.",5,2022-04-01,C161966,Liam Hendriks,3500,27.0
P02996,Home & Kitchen,Air Purifier with HEPA Filter,Not happy with this product.,2,2024-03-14,C244207,Liam Janssen,9000,57.0
P04602,Books,Cookbook: Easy Weeknight Meals,Not happy with this product.,1,2022/10/15,C273749,Noor Claes,1050,36.0
P06612,Clothing,Lightweight Hoodie,"Good product, I'm satisfied.",5,23-09-2021,C304350,Lucas Lefevre,3000,
P02592,Home & Kitchen,Dish Drying Rack,"Good product, I'm satisfied.",5,2021-04-10,C692014,Arthur De Wilde,200,72.0
P05581,Groceries,Extra Virgin Olive Oil,"Good product, I'm satisfied.",4,2023-03-13,C599028,Noor Dubois,3010,36.0
P01489,Electronics,Bluetooth Portable Speaker,Not worth the price. The bluetooth portable speaker did not match the description and feels cheap.,2,2022-10-11,C846247,Léa Hendriks,3000B,33.0
P07373,Toys & Games,Plush Teddy Bear,"Good product, I'm satisfied.",5,2023-10-18,C985146,Sophie Hendriks,500,73.0
P10967,Garden,Herb Seeds Mix,Not happy with this product.,2,2022-06-28,C597075,,2000,30.0
P08703,Sports & Outdoors,Camping Lantern Rechargeable,Not happy with this product.,2,2024-04-01,C537564,Ava Vermeulen,1050,39.0
P07979,Toys & Games,Strategy Board Game,"Good product, I'm satisfied.",4,2024-08-23,C128117,Noah Claes,201,39.0
P04386,Books,Thriller Novel: The Last Signal,"It's okay, not great, not terrible.",3,2023-09-18,C453566,Léa Maes,1011A,30.0
P04511,Books,Psychology of Habits,Not happy with this product.,2,2024-09-11,C659885,Olivia Janssen,2000,28.0
P02330,Home & Kitchen,Electric Kettle 1.7L,"Good product, I'm satisfied.",5,14-11-2024,C412071,Léa Vermeulen,1050,33.0
P09938,Office Supplies,Notebook A5 Lined,"Good product, I'm satisfied.",4,27-05-2022,C217668,Lucas Bosmans,2018,39.0
P03823,Beauty,SPF 50 Daily Sunscreen,"Good product, I'm satisfied.",4,29-12-2024,C413589,Adam De Smet,2018,18.0
P03142,Beauty,Anti-Frizz Hair Oil,"Good product, I'm satisfied.",5,11-10-2024,C605019,Emma Martens,3010,38.0
P01867,Electronics,Bluetooth Portable Speaker,"Good product, I'm satisfied.",4,2024-09-20,C633450,Adam Vermeulen,3010,43.0
P02578,Home & Kitchen,Electric Kettle 1.7L,,4,2023/03/31,C881393,Léa Claes,101,33.0
P01284,Electronics,Bluetooth Portable Speaker,"It's okay, not great, not terrible.",3,2021-11-23,C334784,Sophie Martens,1180,25.0
P06265,Clothing,Slim Fit Jeans,"Good product, I'm satisfied.",5,2024-03-22,C349461,Liam Janssen,1011,26.0
P08627,Sports & Outdoors,Running Shorts,"Good product, I'm satisfied.",4,2021-01-25,C668160,Léa De Wilde,2018A,31.0
P03789,Beauty,Anti-Frizz Hair Oil,"Good product, I'm satisfied.",5,2022-02-18,C747943,Sophie Martens,1180,39.0
P10855,Garden,Herb Seeds Mix,"It's okay, not great, not terrible.",3,2024/06/21,C540946,Sophie Martens,3010B,59.0
P07325,Toys & Games,Building Blocks Set,"It's okay, not great, not terrible.",3,2023-04-23,C897802,,3500,26.0
P01344,Electronics,Wireless Keyboard and Mouse Combo,Not happy with this product.,2,2021-08-27,C404458,Adam Dubois,3500,23.0
P02641,Home & Kitchen,Espresso Coffee Machine,Not happy with this product.,1,2022-12-18,C911386,Noah Janssen,2018,45.0
P06717,Clothing,Lightweight Hoodie,,5,2021-08-03,C420822,Louis Lefevre,9000,43.0
P01147,Electronics,USB-C Docking Station,"Good product, I'm satisfied.",5,2021-11-17,C952880,Sophie Maes,9000,44.0
P01445,Electronics,4K Ultra HD Smart TV,"It's okay, not great, not terrible.",3,2024-02-25,C551538,Liam De Wilde,1011,24.0
P10880,Garden,Indoor Plant Pot,"Good product, I'm satisfied.",4,14-10-2021,C132803,Arthur Janssen,2000,44.0
P05400,Groceries,Whole Bean Coffee Dark Roast,"Good product, I'm satisfied.",5,10-10-2024,C858115,Arthur Lefevre,1050,24.0
P08536,Sports & Outdoors,Camping Lantern Rechargeable,"Good product, I'm satisfied.",4,2024-10-24,C527331,Zoë De Wilde,2018,42.0
P02135,Home & Kitchen,Espresso Coffee Machine,"It's okay, not great, not terrible.",3,2024-07-22,C300070,Zoë Vermeulen,9000,61.0
P02566,Home & Kitchen,Dish Drying Rack,"Good product, I'm satisfied.",5,2024/01/07,C590716,Arthur Maes,3010,29.0
P01813,Electronics,Gaming Mouse Pro Series,"Good product, I'm satisfied.",4,2023-08-14,C919637,Finn Claes,1050,25.0
P02824,Home & Kitchen,Memory Foam Pillow,Not happy with this product.,2,2024-11-03,C661676,Arthur Martens,,36.0
P05162,Groceries,Whole Bean Coffee Dark Roast,"Good product, I'm satisfied.",4,24-01-2022,C247999,Zoë Vermeulen,1050B,44.0
P02196,Home & Kitchen,Vacuum Cleaner Pro,"It's okay, not great, not terrible.",3,22-06-2022,C792067,,2018,39.0
P10124,Garden,LED Grow Light,Not happy with this product.,1,2024/07/06,C309613,Olivia Hendriks,1180B,44.0
P01223,Electronics,Wireless Keyboard and Mouse Combo,"Good product, I'm satisfied.",4,11-03-2021,C691616,Mila Janssen,3010,57.0
P06251,Clothing,Basic Cotton T-Shirt,"Good product, I'm satisfied.",5,2024/06/20,C470274,Ava Claes,2018,72.0
P02565,Home & Kitchen,Memory Foam Pillow,"Good product, I'm satisfied.",4,17-03-2023,C235768,Ava Hendriks,3010,24.0
P02702,Home & Kitchen,Electric Kettle 1.7L,,1,2021-01-31,C489750,Ava Dubois,3010,27.0
P08521,Sports & Outdoors,Running Shorts,"Good product, I'm satisfied.",4,2022-07-02,C864336,Liam Vermeulen,5000,41.0
P02120,Home & Kitchen,Air Purifier with HEPA Filter,"Good product, I'm satisfied.",4,09-04-2024,C191755,Noor Peeters,1180,21.0
P08133,Sports & Outdoors,Yoga Mat Non-Slip,"It's okay, not great, not terrible.",3,27-04-2023,C405350,Finn De Smet,3500,43.0
P04808,Books,Marketing Strategy Handbook,"Good product, I'm satisfied.",5,2021-10-30,C654735,Mila Martens,5000,38.0
P05318,Groceries,Gluten-Free Pasta,"Good product, I'm satisfied.",4,05-05-2021,C981452,Sophie Claes,1180,41.0
P02901,Home & Kitchen,Dish Drying Rack,Not happy with this product.,1,2024/09/10,C833900,Léa Janssen,1050,20.0
P02392,Home & Kitchen,Espresso Coffee Machine,"Good product, I'm satisfied.",4,2023-05-21,C355705,Louis Claes,9000B,26.0
P02916,Home & Kitchen,Vacuum Cleaner Pro,"Good product, I'm satisfied.",4,2024/04/13,C600625,Lucas Lefevre,2018,21.0
P01896,Electronics,Bluetooth Portable Speaker,"Good product, I'm satisfied.",5,2022-06-26,C587256,Mila Hendriks,3010,20.0
P01771,Electronics,USB-C Docking Station,"Good product, I'm satisfied.",4,2024-05-13,C189542,,,38.0
P02798,Home & Kitchen,Espresso Coffee Machine,"It's okay, not great, not terrible.",3,23-05-2024,C944533,,3010,42.0
P06733,Clothing,Lightweight Hoodie,Not happy with this product.,2,20-02-2024,C158716,Noah Lefevre,3000,35.0
P07987,Toys & Games,Plush Teddy Bear,"Good product, I'm satisfied.",4,2023/04/26,C183985,Adam Claes,1050,24.0
P01986,Electronics,Wireless Keyboard and Mouse Combo,"Good product, I'm satisfied.",5,2023-01-26,C931537,Zoë De Smet,3500,56.0
P01797,Electronics,USB-C Docking Station,"It's okay, not great, not terrible.",3,2022/12/11,C482001,Léa Bosmans,1180,20.0
P06943,Clothing,Slim Fit Jeans,"Good product, I'm satisfied.",5,18-08-2021,C101863,Arthur Hendriks,1011,39.0
P04313,Books,Beginner's Guide to Python,"It's okay, not great, not terrible.",3,2022-07-19,C311850,Liam Vermeulen,5000B,24.0
P01385,Electronics,Gaming Mouse Pro Series,"Good product, I'm satisfied.",4,2021/06/30,C595155,Léa Peeters,2018,52.0
P02345,Home & Kitchen,Espresso Coffee Machine,"It's okay, not great, not terrible.",3,2024-09-12,C920340,Lucas Lefevre,3000,36.0
P05184,Groceries,Granola with Nuts,"Good product, I'm satisfied.",4,04-02-2022,C394202,Léa De Smet,3010,26.0
P02775,Home & Kitchen,Espresso Coffee Machine,"It's okay, not great, not terrible.",3,01-10-2023,C593394,Arthur Lefevre,3010,25.0
P01575,Electronics,Wireless Keyboard and Mouse Combo,"It's okay, not great, not terrible.",3,2024-07-22,C203043,Noor Janssen,500,31.0
P07862,Toys & Games,Plush Teddy Bear,"Good product, I'm satisfied.",5,2023/08/10,C629103,Noor Janssen,2000,31.0
P05855,Groceries,Whole Bean Coffee Dark Roast,Not happy with this product.,2,2023/01/13,C561242,Louis Lefevre,2018B,33.0
P03503,Beauty,Hydrating Face Serum,"Good product, I'm satisfied.",4,2021-09-28,C241504,Olivia Janssen,,33.0
P02919,Home & Kitchen,Memory Foam Pillow,Great value for money. I use it almost every day for home & kitchen tasks and it performs very well.,5,07-02-2023,C415674,Adam Janssen,1180,34.0
P02624,Home & Kitchen,Air Purifier with HEPA Filter,"Good product, I'm satisfied.",4,2022-11-13,C532085,Arthur Vermeulen,5000,35.0
P10603,Garden,Garden Hose 20m,"It's okay, not great, not terrible.",3,2024/02/18,C986407,Olivia Vermeulen,3000,30.0
P02453,Home & Kitchen,Electric Kettle 1.7L,"Good product, I'm satisfied.",4,2024-04-06,C561380,Mila De Wilde,101,70.0
P01259,Electronics,Laptop Stand Aluminum,"Good product, I'm satisfied.",5,2023-06-08,C664080,Finn De Smet,1011,
P01308,Electronics,Laptop Stand Aluminum,Not happy with this product.,2,2023/10/26,C213161,Léa De Wilde,9000,25.0
P02461,Home & Kitchen,Non-Stick Frying Pan,"Good product, I'm satisfied.",4,28-05-2022,C284967,Mila De Smet,3010,18.0
P06417,Clothing,Formal White Shirt,"Good product, I'm satisfied.",5,21-07-2021,C913205,Lucas Dubois,2018,26.0
P02494,Home & Kitchen,Espresso Coffee Machine,Not happy with this product.,2,01-06-2023,C190506,Noor De Smet,3000,28.0
P08146,Sports & Outdoors,Camping Lantern Rechargeable,"Good product, I'm satisfied.",4,05-09-2021,C636294,Olivia Lefevre,3500,26.0
P01144,Electronics,4K Ultra HD Smart TV,"Good product, I'm satisfied.",4,2023-04-23,C738264,Liam Martens,2000,20.0
P02102,Home & Kitchen,Memory Foam Pillow,"Good product, I'm satisfied.",4,2023/02/13,C425484,Adam Dubois,5000,42.0
P09959,Office Supplies,Wireless Computer Mouse,"Good product, I'm satisfied.",5,31-12-2024,C501020,Lucas Lefevre,,32.0
P02571,Home & Kitchen,Memory Foam Pillow,"Good product, I'm satisfied.",4,2024/11/19,C181103,Ava De Smet,2000,43.0
P03918,Beauty,Nourishing Shampoo,Not happy with this product.,2,2024-02-29,C510651,Liam Dubois,3010A,25.0
P04652,Books,Thriller Novel: The Last Signal,,4,2021-06-06,C599938,Ava Claes,1011,20.0
P09120,Office Supplies,Wireless Computer Mouse,"Good product, I'm satisfied.",5,2022-09-07,C898940,Mila Lefevre,3500,37.0
P01666,Electronics,Wireless Keyboard and Mouse Combo,"Good product, I'm satisfied.",5,2022-12-09,C634925,Louis Hendriks,105,65.0
P02791,Home & Kitchen,Stainless Steel Cookware Set,"Good product, I'm satisfied.",4,2023-02-11,C979357,Noor Hendriks,1011,36.0
P07957,Toys & Games,Plush Teddy Bear,"It's okay, not great, not terrible.",3,2021-07-11,C679763,Olivia Martens,2000,25.0
P01541,Electronics,Wireless Keyboard and Mouse Combo,"Good product, I'm satisfied.",5,17-03-2022,C838425,Léa Dubois,1011,35.0
P01635,Electronics,Gaming Mouse Pro Series,"Good product, I'm satisfied.",5,2023-01-31,C818299,Noah De Wilde,1011,35.0
P01209,Electronics,Wireless Noise-Cancelling Headphones,"Good product, I'm satisfied.",5,2023-04-12,C600146,Emma Claes,101,74.0
P01563,Electronics,USB-C Docking Station,"Good product, I'm satisfied.",5,21-08-2023,C609845,Noor Maes,2018,36.0
P01281,Electronics,Smartphone Fast Charger,"Good product, I'm satisfied.",4,15-10-2021,C692004,Emma Dubois,2000A,23.0
P06462,Clothing,Formal White Shirt,Not happy with this product.,2,25-08-2022,C516029,Olivia Lefevre,3000,26.0
P10673,Garden,Garden Hose 20m,,2,2021/04/20,C204996,Noah Peeters,3010,41.0
P02264,Home & Kitchen,Dish Drying Rack,"Good product, I'm satisfied.",5,28-11-2021,C174866,,3500,24.0
P08376,Sports & Outdoors,Running Shorts,"Good product, I'm satisfied.",4,2024-11-05,C765778,Léa Martens,2018,
P05781,Groceries,Extra Virgin Olive Oil,"It's okay, not great, not terrible.",3,2024-12-17,C964177,Sophie De Wilde,1050B,68.0
P06561,Clothing,Lightweight Hoodie,"Good product, I'm satisfied.",5,2022-09-18,C564226,Ava De Wilde,2000,31.0
P08281,Sports & Outdoors,Running Shorts,Not happy with this product.,2,2024-11-03,C144366,Emma Vermeulen,5000,
P02436,Home & Kitchen,Dish Drying Rack,"Good product, I'm satisfied.",4,2021-04-06,C328621,Noor Martens,9000,30.0
P07158,Toys & Games,Strategy Board Game,Not happy with this product.,2,07-11-2024,C564368,Sophie Hendriks,5000,45.0
P02661,Home & Kitchen,Vacuum Cleaner Pro,,4,2021-12-04,C574787,Arthur De Wilde,1050,35.0
P07560,Toys & Games,Plush Teddy Bear,"It's okay, not great, not terrible.",3,2023-05-05,C422979,Mila De Wilde,1180B,29.0
P02611,Home & Kitchen,Electric Kettle 1.7L,"It's okay, not great, not terrible.",3,2024/06/11,C573040,Finn De Smet,1050,42.0
P08170,Sports & Outdoors,Yoga Mat Non-Slip,Not happy with this product.,2,18-01-2021,C432117,Olivia De Wilde,3010,26.0
P01959,Electronics,Bluetooth Portable Speaker,"It's okay, not great, not terrible.",3,12-09-2023,C535875,Liam Martens,2000,26.0
P03994,Beauty,Hydrating Face Serum,Not happy with this product.,1,2021-09-17,C854793,Noah Janssen,1011B,32.0
P03304,Beauty,SPF 50 Daily Sunscreen,"Good product, I'm satisfied.",4,2022-07-16,C936212,Noah De Wilde,900,43.0
P03152,Beauty,Matte Liquid Lipstick,"Good product, I'm satisfied.",4,2021/03/22,C381502,Mila Hendriks,9000,42.0
P08179,Sports & Outdoors,Camping Lantern Rechargeable,"It's okay, not great, not terrible.",3,2023-11-12,C434443,Arthur Vermeulen,1180,35.0
P07973,Toys & Games,Educational Puzzle Set,Not happy with this product.,1,2024-08-15,C765232,Lucas Bosmans,350,21.0
P01472,Electronics,Wireless Keyboard and Mouse Combo,"Good product, I'm satisfied.",4,20-02-2021,C350838,Louis Bosmans,1050,
P01535,Electronics,Gaming Mouse Pro Series,Not happy with this product.,2,2024-04-10,C890960,Adam Lefevre,3000A,21.0
P08560,Sports & Outdoors,Camping Lantern Rechargeable,"It's okay, not great, not terrible.",3,2021-06-04,C590145,Louis De Smet,2018,
P04181,Books,Cookbook: Easy Weeknight Meals,Not happy with this product.,1,25-07-2022,C540549,Léa Martens,,23.0
P09591,Office Supplies,Ergonomic Office Chair,"Good product, I'm satisfied.",5,2022-05-30,C982459,Liam Dubois,200,28.0
P01500,Electronics,4K Ultra HD Smart TV,I would definitely recommend this. I use it almost every day for electronics tasks and it performs very well.,5,2024-12-15,C559393,Zoë Lefevre,3010,20.0
P07399,Toys & Games,Strategy Board Game,"Good product, I'm satisfied.",4,11-12-2021,C134283,Ava De Smet,3010,22.0
P03666,Beauty,Hydrating Face Serum,"Good product, I'm satisfied.",5,07-12-2021,C250544,Adam De Wilde,2018,22.0
P01103,Electronics,Wireless Noise-Cancelling Headphones,,4,22-11-2022,C724552,Lucas De Smet,1050,51.0
P02704,Home & Kitchen,Espresso Coffee Machine,"Good product, I'm satisfied.",4,26-02-2021,C465825,Liam Peeters,9000,47.0
P09134,Office Supplies,Gel Ink Pens Pack,Not happy with this product.,1,01-08-2023,C110986,Olivia Claes,2000,38.0
P06392,Clothing,Running Shoes,"Good product, I'm satisfied.",5,2023/07/17,C701974,Olivia Janssen,3010,44.0
P03762,Beauty,Volumizing Mascara,"It's okay, not great, not terrible.",3,2023-10-17,C637530,Lucas Lefevre,1011,31.0
P08951,Sports & Outdoors,Yoga Mat Non-Slip,"Good product, I'm satisfied.",4,2021-08-16,C810360,Olivia Lefevre,9000,36.0
P02704,Home & Kitchen,Non-Stick Frying Pan,"Good product, I'm satisfied.",5,2024-03-24,C978922,Léa Hendriks,9000,44.0
P05519,Groceries,Whole Bean Coffee Dark Roast,Not happy with this product.,1,2023/04/07,C133244,Olivia Claes,,18.0
P01718,Electronics,Laptop Stand Aluminum,"Good product, I'm satisfied.",5,2021-12-30,C706799,Finn Claes,2000,26.0
P08143,Sports & Outdoors,Yoga Mat Non-Slip,"Good product, I'm satisfied.",5,2022-09-06,C397173,Lucas Janssen,5000,
P01472,Electronics,USB-C Docking Station,"Good product, I'm satisfied.",5,12-12-2021,C714594,Noah Martens,1180,25.0
P02885,Home & Kitchen,Electric Kettle 1.7L,"It's okay, not great, not terrible.",3,2022-08-24,C958961,Emma Maes,2000,26.0
P06971,Clothing,Formal White Shirt,"Good product, I'm satisfied.",5,04-08-2023,C316527,,5000,25.0
P06426,Clothing,Running Shoes,"Good product, I'm satisfied.",5,2021-03-07,C938556,Emma Martens,2018,25.0
P10769,Garden,Indoor Plant Pot,"Good product, I'm satisfied.",4,2023-05-04,C976735,Emma Janssen,3000,29.0
P02148,Home & Kitchen,Dish Drying Rack,"It's okay, not great, not terrible.",3,23-05-2024,C349288,Sophie Janssen,,39.0
P01484,Electronics,4K Ultra HD Smart TV,"Good product, I'm satisfied.",4,2021-06-14,C653451,Emma De Wilde,3010B,38.0
P01545,Electronics,Wireless Keyboard and Mouse Combo,Not happy with this product.,1,2023-09-30,C150901,Louis Vermeulen,2000,33.0
P02406,Home & Kitchen,Non-Stick Frying Pan,Not happy with this product.,1,2023-01-03,C716296,Zoë Maes,2000,37.0
P01880,Electronics,USB-C Docking Station,"It's okay, not great, not terrible.",3,2021-05-05,C498194,Olivia Bosmans,3500,25.0
P04606,Books,Cookbook: Easy Weeknight Meals,"Good product, I'm satisfied.",4,23-01-2024,C264681,Mila Vermeulen,3010,35.0
P02707,Home & Kitchen,Stainless Steel Cookware Set,Not happy with this product.,2,2021-04-04,C680190,Olivia Peeters,3000,61.0
P06657,Clothing,Formal White Shirt,"Good product, I'm satisfied.",5,2022-12-03,C422477,Zoë Bosmans,2000,31.0
P05813,Groceries,Gluten-Free Pasta,Not happy with this product.,2,04-10-2022,C887754,Lucas De Wilde,1180,
P01602,Electronics,USB-C Docking Station,"Good product, I'm satisfied.",4,2022-08-16,C576864,Lucas Lefevre,3010,18.0
P03377,Beauty,Volumizing Mascara,"Good product, I'm satisfied.",5,15-10-2024,C764261,Adam Vermeulen,2018,41.0
P01443,Electronics,Gaming Mouse Pro Series,"Good product, I'm satisfied.",5,2024-02-09,C678809,Ava Janssen,3500,
P10926,Garden,Herb Seeds Mix,"Good product, I'm satisfied.",5,2022-06-25,C115372,Liam Bosmans,1180,50.0
P02936,Home & Kitchen,Electric Kettle 1.7L,Not happy with this product.,2,2022-01-01,C401681,Liam Bosmans,1180,38.0
P10553,Garden,Garden Hose 20m,"Good product, I'm satisfied.",5,2022-07-15,C881828,Zoë Hendriks,900,44.0
P02274,Home & Kitchen,Electric Kettle 1.7L,"Good product, I'm satisfied.",5,2023-03-27,C965323,Emma De Smet,2018,42.0
P01297,Electronics,Wireless Keyboard and Mouse Combo,"Good product, I'm satisfied.",5,30-06-2024,C689140,Ava Vermeulen,300,32.0
P02575,Home & Kitchen,Stainless Steel Cookware Set,"It's okay, not great, not terrible.",3,2023-06-05,C123947,Olivia Lefevre,1180B,28.0
P02510,Home & Kitchen,Stainless Steel Cookware Set,"Good product, I'm satisfied.",5,2024/06/26,C546916,Olivia Lefevre,2000,26.0
P05243,Groceries,Extra Virgin Olive Oil,"Good product, I'm satisfied.",4,04-03-2024,C567896,Olivia Dubois,3500,36.0
P08142,Sports & Outdoors,Stainless Steel Water Bottle,"Good product, I'm satisfied.",4,04-03-2021,C198825,Liam Vermeulen,105,34.0
P01349,Electronics,Gaming Mouse Pro Series,"Good product, I'm satisfied.",4,2023-06-18,C121783,Adam De Wilde,2018,30.0
P08491,Sports & Outdoors,Running Shorts,"Good product, I'm satisfied.",5,2023-08-30,C977423,Arthur Vermeulen,1180B,39.0
P09941,Office Supplies,Gel Ink Pens Pack,"Good product, I'm satisfied.",4,16-10-2022,C855495,Mila De Wilde,2018,40.0
P09209,Office Supplies,Ergonomic Office Chair,"Good product, I'm satisfied.",4,23-05-2021,C675617,Liam Hendriks,1050,37.0
P03713,Beauty,Hydrating Face Serum,"Good product, I'm satisfied.",5,28-10-2022,C698301,Arthur Lefevre,3500,27.0
P02679,Home & Kitchen,Memory Foam Pillow,"It's okay, not great, not terrible.",3,2024-05-19,C706274,Emma De Smet,,40.0
P02860,Home & Kitchen,Non-Stick Frying Pan,"It's okay, not great, not terrible.",3,08-03-2022,C680097,Olivia Vermeulen,9000,22.0
P07623,Toys & Games,Building Blocks Set,"Good product, I'm satisfied.",4,2023-09-28,C904274,Olivia Janssen,1180,22.0
P06782,Clothing,Lightweight Hoodie,"Good product, I'm satisfied.",4,19-12-2024,C932313,Adam Hendriks,2018,21.0
P04912,Books,Psychology of Habits,Not happy with this product.,2,2023/04/20,C326898,Noah Hendriks,9000,33.0
P01113,Electronics,Bluetooth Portable Speaker,Not happy with this product.,1,2023/05/30,C354630,Adam Maes,3010,38.0
P03348,Beauty,Matte Liquid Lipstick,"Good product, I'm satisfied.",4,2024-07-19,C913991,Olivia Janssen,2018,18.0
P04855,Books,Beginner's Guide to Python,"It's okay, not great, not terrible.",3,2024/09/23,C210326,Lucas Claes,3500,42.0
P01595,Electronics,Wireless Noise-Cancelling Headphones,"It's okay, not great, not terrible.",3,2023-07-10,C704116,,1050,41.0
P01195,Electronics,USB-C Docking Station,Not happy with this product.,1,2022-01-02,C817621,Sophie De Wilde,3000,18.0
P08722,Sports & Outdoors,Yoga Mat Non-Slip,"Good product, I'm satisfied.",4,2023-09-02,C617437,Noah De Smet,5000A,42.0
P05741,Groceries,Granola with Nuts,Not happy with this product.,1,2024/02/08,C203641,Lucas Maes,2018,47.0
P04435,Books,Thriller Novel: The Last Signal,Not happy with this product.,1,2023/08/09,C739717,Noah Hendriks,1011,26.0
P02512,Home & Kitchen,Stainless Steel Cookware Set,"Good product, I'm satisfied.",4,2021/10/28,C620580,Noah Lefevre,2000,42.0
P07509,Toys & Games,Plush Teddy Bear,"Good product, I'm satisfied.",4,2022-12-05,C776251,Louis De Smet,2000,62.0
P07304,Toys & Games,Educational Puzzle Set,Not happy with this product.,2,2022/08/21,C201698,Emma De Smet,5000,37.0
P02357,Home & Kitchen,Non-Stick Frying Pan,"Good product, I'm satisfied.",4,2023-04-18,C940369,Olivia Vermeulen,3000,37.0
P02150,Home & Kitchen,Non-Stick Frying Pan,Not happy with this product.,2,06-08-2022,C214176,Mila Dubois,3010,39.0
P07938,Toys & Games,Building Blocks Set,"Good product, I'm satisfied.",4,13-10-2021,C988970,Léa Lefevre,9000,38.0
P02925,Home & Kitchen,Dish Drying Rack,"Good product, I'm satisfied.",4,2021-12-16,C850362,Olivia Maes,5000,26.0
P02947,Home & Kitchen,Vacuum Cleaner Pro,"Good product, I'm satisfied.",4,2022-02-25,C286971,Emma Lefevre,9000,29.0
P08323,Sports & Outdoors,Camping Lantern Rechargeable,"Good product, I'm satisfied.",4,24-10-2022,C550513,Adam De Smet,1050,40.0
P01781,Electronics,Bluetooth Portable Speaker,"It's okay, not great, not terrible.",3,2023-01-06,C748714,Sophie Janssen,5000,31.0
P02983,Home & Kitchen,Electric Kettle 1.7L,"Good product, I'm satisfied.",4,2024/12/03,C718115,Emma Claes,1050,32.0
P07995,Toys & Games,Educational Puzzle Set,Stopped working after a few uses. The educational puzzle set did not match the description and feels cheap.,2,2021-02-17,C158483,Louis Janssen,1180,37.0
P07412,Toys & Games,Plush Teddy Bear,"It's okay, not great, not terrible.",3,16-04-2023,C510022,,5000,42.0
P02724,Home & Kitchen,Electric Kettle 1.7L,"Good product, I'm satisfied.",5,2021-07-11,C115044,Noah Dubois,1011,48.0
P07557,Toys & Games,Strategy Board Game,"Good product, I'm satisfied.",5,2022-10-05,C280903,Liam Janssen,9000,42.0
P02786,Home & Kitchen,Stainless Steel Cookware Set,"Good product, I'm satisfied.",4,06-12-2021,C564620,Arthur Vermeulen,3010,20.0
P03198,Beauty,Volumizing Mascara,"It's okay, not great, not terrible.",3,07-02-2021,C224796,Lucas Janssen,1180,59.0
P01870,Electronics,4K Ultra HD Smart TV,Not happy with this product.,2,2024-07-28,C804767,Mila Maes,1180,43.0
P01776,Electronics,Wireless Keyboard and Mouse Combo,"Good product, I'm satisfied.",4,2022-01-30,C139861,,1050,43.0
P03880,Beauty,Nourishing Shampoo,"It's okay, not great, not terrible.",3,2021-04-03,C611776,Finn Hendriks,1011,69.0
P01843,Electronics,Gaming Mouse Pro Series,"Good product, I'm satisfied.",4,2022-03-09,C609819,Mila Maes,2000,27.0
P03476,Beauty,Hydrating Face Serum,"Good product, I'm satisfied.",4,2021/08/11,C133268,Léa Maes,1180,18.0
P02509,Home & Kitchen,Vacuum Cleaner Pro,"Good product, I'm satisfied.",4,2024-11-23,C578221,Liam Vermeulen,9000B,68.0
P04692,Books,Cookbook: Easy Weeknight Meals,"Good product, I'm satisfied.",4,2024-09-12,C199033,Noor Hendriks,1180,35.0
P09592,Office Supplies,Wireless Computer Mouse,"Good product, I'm satisfied.",5,2022-08-25,C790948,Olivia Martens,1050,22.0
P01395,Electronics,Gaming Mouse Pro Series,"Good product, I'm satisfied.",4,2024-03-09,C369647,Louis De Wilde,3000,33.0
P07453,Toys & Games,Educational Puzzle Set,"Good product, I'm satisfied.",5,2024/12/28,C402599,Sophie Dubois,9000,24.0
P02802,Home & Kitchen,Memory Foam Pillow,"Good product, I'm satisfied.",4,16-12-2024,C763646,Olivia Dubois,9000,69.0
P07632,Toys & Games,Plush Teddy Bear,"Good product, I'm satisfied.",5,2024-06-22,C932685,Noah Peeters,3000,27.0
P01115,Electronics,Bluetooth Portable Speaker,"It's okay, not great, not terrible.",3,2024-06-09,C554422,Finn Lefevre,1050,29.0
P05132,Groceries,Granola with Nuts,,4,2021-01-11,C962500,Noah Maes,2000,21.0
P05330,Groceries,Extra Virgin Olive Oil,,5,2023/04/07,C276218,Noor Peeters,1050,40.0
P02249,Home & Kitchen,Dish Drying Rack,"It's okay, not great, not terrible.",3,2024-10-18,C293153,Adam Martens,5000B,44.0
P01720,Electronics,Wireless Keyboard and Mouse Combo,"Good product, I'm satisfied.",5,2021-03-24,C650791,Emma Vermeulen,3010,45.0
P06942,Clothing,Formal White Shirt,"Good product, I'm satisfied.",4,04-04-2021,C589302,Léa Hendriks,3000,19.0
P01801,Electronics,4K Ultra HD Smart TV,,3,13-08-2024,C953610,Finn Lefevre,3000,43.0
P07133,Toys & Games,Building Blocks Set,"It's okay, not great, not terrible.",3,2024/12/20,C678991,Léa Hendriks,3010,43.0
P01443,Electronics,Smartphone Fast Charger,"It's okay, not great, not terrible.",3,14-05-2024,C832975,Ava Peeters,3010,32.0
P06763,Clothing,Formal White Shirt,"Good product, I'm satisfied.",5,2021/12/08,C723764,Ava Maes,3500,50.0
P01196,Electronics,Gaming Mouse Pro Series,"Good product, I'm satisfied.",5,16-04-2022,C821782,Finn Maes,2000,51.0
P06989,Clothing,Slim Fit Jeans,Not happy with this product.,1,2023/02/12,C936865,Noah Vermeulen,9000,28.0
P01244,Electronics,Gaming Mouse Pro Series,"Good product, I'm satisfied.",4,2024-02-08,C894348,Mila Dubois,9000,28.0
P07896,Toys & Games,Educational Puzzle Set,Not happy with this product.,2,2021-01-15,C265416,Emma Claes,3000,34.0
P04643,Books,Cookbook: Easy Weeknight Meals,"Good product, I'm satisfied.",5,2021-01-22,C866248,Ava Maes,2018,31.0
P01183,Electronics,Laptop Stand Aluminum,Not happy with this product.,2,15-12-2023,C509953,Sophie Bosmans,5000,56.0
P05638,Groceries,Whole Bean Coffee Dark Roast,"Good product, I'm satisfied.",5,2021-08-15,C272752,Arthur Maes,3500,38.0
P06478,Clothing,Formal White Shirt,"Good product, I'm satisfied.",5,30-03-2024,C358907,Lucas De Smet,201,37.0
P01802,Electronics,4K Ultra HD Smart TV,"It's okay, not great, not terrible.",3,2024-12-31,C271259,Liam De Smet,5000,26.0
P02975,Home & Kitchen,Non-Stick Frying Pan,"Good product, I'm satisfied.",4,2024-01-08,C664154,Louis Peeters,1011,21.0
P03145,Beauty,Nourishing Shampoo,"Good product, I'm satisfied.",4,2024-08-28,C864299,Mila De Wilde,3010,37.0
P02347,Home & Kitchen,Espresso Coffee Machine,"Good product, I'm satisfied.",4,2021-01-12,C564187,Louis Dubois,1011,44.0
P03338,Beauty,SPF 50 Daily Sunscreen,"It's okay, not great, not terrible.",3,2021-01-24,C698828,Louis Maes,2000,26.0
P02133,Home & Kitchen,Air Purifier with HEPA Filter,"Good product, I'm satisfied.",5,2024-03-30,C493003,Olivia Peeters,3010,25.0
P08347,Sports & Outdoors,Running Shorts,"Good product, I'm satisfied.",5,2023-11-01,C972655,Léa Vermeulen,2000,41.0
P10107,Garden,LED Grow Light,"Good product, I'm satisfied.",4,2023/02/17,C374722,Louis Lefevre,2000,40.0
P02766,Home & Kitchen,Espresso Coffee Machine,"Good product, I'm satisfied.",5,10-10-2022,C782108,Léa Lefevre,3010,
P01715,Electronics,Laptop Stand Aluminum,"Good product, I'm satisfied.",5,08-01-2022,C249644,Léa De Wilde,2018,35.0
P01119,Electronics,Wireless Noise-Cancelling Headphones,"Good product, I'm satisfied.",5,2022-12-16,C326079,Mila Lefevre,,21.0
P02758,Home & Kitchen,Dish Drying Rack,"Good product, I'm satisfied.",4,2024/11/04,C930117,Lucas Dubois,3000,36.0
P07916,Toys & Games,Strategy Board Game,Not happy with this product.,1,2023/05/02,C574063,Louis Lefevre,,35.0
P01613,Electronics,Bluetooth Portable Speaker,"Good product, I'm satisfied.",4,2021-09-13,C550099,Lucas Peeters,3500A,33.0
P03586,Beauty,SPF 50 Daily Sunscreen,"Good product, I'm satisfied.",5,2023-06-09,C213598,Mila Martens,,34.0
P10274,Garden,Indoor Plant Pot,"Good product, I'm satisfied.",5,2023-02-26,C800016,Zoë Peeters,1050A,35.0
P06342,Clothing,Running Shoes,"Good product, I'm satisfied.",4,2022-03-19,C602005,Noor Bosmans,1180,43.0
P06868,Clothing,Basic Cotton T-Shirt,"Good product, I'm satisfied.",4,2024-08-31,C485830,Lucas Bosmans,300,39.0
P05720,Groceries,Whole Bean Coffee Dark Roast,"It's okay, not great, not terrible.",3,2021-08-30,C372922,Léa Vermeulen,1180,40.0
P01227,Electronics,Smartphone Fast Charger,"Good product, I'm satisfied.",4,15-12-2024,C520009,Finn Claes,1180,33.0
P01987,Electronics,4K Ultra HD Smart TV,"Good product, I'm satisfied.",5,2024-07-19,C192293,Adam De Smet,1011,65.0
P02757,Home & Kitchen,Air Purifier with HEPA Filter,"Good product, I'm satisfied.",5,2022-05-01,C754042,,1050,18.0
P09671,Office Supplies,Wireless Computer Mouse,"Good product, I'm satisfied.",4,2023-05-28,C146700,Ava De Wilde,301,31.0
P04605,Books,Cookbook: Easy Weeknight Meals,"Good product, I'm satisfied.",5,2023-09-20,C781182,Lucas Maes,,64.0
P01951,Electronics,Wireless Noise-Cancelling Headphones,Not happy with this product.,2,27-02-2024,C603838,Adam Martens,3000,40.0
P02426,Home & Kitchen,Vacuum Cleaner Pro,Not happy with this product.,2,2021/04/27,C605872,Arthur Lefevre,3010A,43.0
P05870,Groceries,Granola with Nuts,"Good product, I'm satisfied.",5,2023-02-23,C800649,,3500,25.0
P09927,Office Supplies,Gel Ink Pens Pack,"Good product, I'm satisfied.",4,2022/10/06,C360998,Louis Martens,1180,54.0
P02654,Home & Kitchen,Dish Drying Rack,"It's okay, not great, not terrible.",3,2024-04-23,C822143,Zoë De Wilde,3010B,43.0
P02341,Home & Kitchen,Memory Foam Pillow,"Good product, I'm satisfied.",5,14-09-2022,C208806,Louis De Smet,3500,29.0
P03554,Beauty,SPF 50 Daily Sunscreen,"Good product, I'm satisfied.",5,2023-03-04,C753820,Ava De Wilde,2018,44.0
P01754,Electronics,USB-C Docking Station,"Good product, I'm satisfied.",5,2022/08/19,C880424,Finn De Smet,3000,45.0
P01380,Electronics,Wireless Keyboard and Mouse Combo,"Good product, I'm satisfied.",5,2022-01-06,C827424,Arthur Peeters,1180,35.0
P02279,Home & Kitchen,Memory Foam Pillow,"It's okay, not great, not terrible.",3,03-08-2024,C844708,Liam Bosmans,2000B,34.0
P01346,Electronics,4K Ultra HD Smart TV,"Good product, I'm satisfied.",4,2023/08/20,C756906,Léa De Wilde,9000,44.0
P07552,Toys & Games,Educational Puzzle Set,"Good product, I'm satisfied.",5,2023-08-09,C795843,Lucas De Wilde,5000,45.0
P07359,Toys & Games,Strategy Board Game,"Good product, I'm satisfied.",4,20-12-2024,C127438,Noor Peeters,3500,43.0
P07741,Toys & Games,Plush Teddy Bear,"Good product, I'm satisfied.",5,2021-12-03,C142532,Adam Janssen,9000B,37.0
P05468,Groceries,Granola with Nuts,"It's okay, not great, not terrible.",3,2021-10-09,C552682,Liam De Wilde,1050,42.0
P02980,Home & Kitchen,Vacuum Cleaner Pro,Not happy with this product.,2,2021-10-03,C789656,Arthur Claes,9000,18.0
P02674,Home & Kitchen,Air Purifier with HEPA Filter,"It's okay, not great, not terrible.",3,2021-05-27,C745919,,1180,48.0
P02283,Home & Kitchen,Stainless Steel Cookware Set,Not happy with this product.,2,2021-11-26,C485883,Lucas Peeters,9000,27.0
P01550,Electronics,Bluetooth Portable Speaker,"Good product, I'm satisfied.",4,2022-07-30,C273650,Noah Peeters,350,28.0
P03289,Beauty,Nourishing Shampoo,"It's okay, not great, not terrible.",3,07-02-2021,C483094,Sophie De Wilde,3500B,31.0
P10238,Garden,Indoor Plant Pot,"Good product, I'm satisfied.",5,2022/07/22,C886530,Léa Lefevre,3500,29.0
P02810,Home & Kitchen,Memory Foam Pillow,"It's okay, not great, not terrible.",3,04-03-2024,C293794,Noor Lefevre,3500,30.0
P07183,Toys & Games,Building Blocks Set,"It's okay, not great, not terrible.",3,08-03-2022,C147670,Sophie De Wilde,1180,45.0
P05953,Groceries,Extra Virgin Olive Oil,"Good product, I'm satisfied.",5,2022-12-30,C428179,Zoë Vermeulen,5000,43.0
P03926,Beauty,Anti-Frizz Hair Oil,"It's okay, not great, not terrible.",3,26-12-2023,C827632,Sophie Vermeulen,118,29.0
P01971,Electronics,Gaming Mouse Pro Series,"Good product, I'm satisfied.",4,2022-09-22,C514662,Zoë Martens,1180,37.0
P02565,Home & Kitchen,Non-Stick Frying Pan,"Good product, I'm satisfied.",4,2024-04-12,C486490,Sophie Bosmans,105,25.0
P04680,Books,Beginner's Guide to Python,"Good product, I'm satisfied.",5,20-10-2021,C758285,Louis Peeters,1011,71.0
P02316,Home & Kitchen,Stainless Steel Cookware Set,"It's okay, not great, not terrible.",3,2024-09-01,C416604,Mila Peeters,,40.0
P02823,Home & Kitchen,Vacuum Cleaner Pro,"Good product, I'm satisfied.",5,2022-05-10,C236877,Louis Hendriks,9000,51.0
P03937,Beauty,Anti-Frizz Hair Oil,"It's okay, not great, not terrible.",3,2021-12-21,C815116,Louis Vermeulen,3000,26.0
P08646,Sports & Outdoors,Stainless Steel Water Bottle,"Good product, I'm satisfied.",4,2021-06-18,C394577,Lucas Lefevre,5000,25.0
P04501,Books,Marketing Strategy Handbook,Not happy with this product.,1,2022-12-01,C363462,Arthur De Wilde,1180,40.0
P07377,Toys & Games,Strategy Board Game,"Good product, I'm satisfied.",4,2022-11-02,C971395,Arthur Martens,3000,30.0
P02674,Home & Kitchen,Stainless Steel Cookware Set,Not happy with this product.,2,2024-09-29,C921110,Zoë De Wilde,3500,69.0
P02541,Home & Kitchen,Espresso Coffee Machine,"Good product, I'm satisfied.",4,28-10-2024,C252640,Noah Maes,350,37.0
P02252,Home & Kitchen,Espresso Coffee Machine,"Good product, I'm satisfied.",5,16-04-2023,C289958,Olivia De Smet,3000,30.0
P01988,Electronics,USB-C Docking Station,"It's okay, not great, not terrible.",3,2021-11-26,C646730,Ava De Smet,1011,19.0
P05844,Groceries,Granola with Nuts,"Good product, I'm satisfied.",4,2021/01/09,C412597,Adam Hendriks,105,35.0
P01278,Electronics,Laptop Stand Aluminum,"It's okay, not great, not terrible.",3,28-01-2023,C860120,Louis Peeters,,45.0
P08690,Sports & Outdoors,Yoga Mat Non-Slip,"Good product, I'm satisfied.",5,2023-08-19,C373636,Mila Dubois,1050,30.0
P02482,Home & Kitchen,Non-Stick Frying Pan,"It's okay, not great, not terrible.",3,2021-04-15,C306041,Emma Vermeulen,3500B,41.0
P01936,Electronics,Gaming Mouse Pro Series,"Good product, I'm satisfied.",4,2023-07-17,C459285,Olivia Martens,1011,42.0
P03996,Beauty,SPF 50 Daily Sunscreen,"It's okay, not great, not terrible.",3,2024-02-05,C188160,Lucas Martens,1050,19.0
P07449,Toys & Games,Plush Teddy Bear,"It's okay, not great, not terrible.",3,12-02-2023,C539935,Olivia Hendriks,2000,60.0
P03903,Beauty,Volumizing Mascara,,1,2021-02-13,C595589,Sophie Dubois,3000B,26.0
P01667,Electronics,Bluetooth Portable Speaker,"Good product, I'm satisfied.",4,2023-09-04,C190744,Adam Bosmans,1180,22.0
P01644,Electronics,Smartphone Fast Charger,"Good product, I'm satisfied.",4,2022-05-25,C504048,Noah De Smet,3500,28.0
P02386,Home & Kitchen,Dish Drying Rack,Not happy with this product.,2,25-03-2024,C572623,Olivia De Wilde,3000,22.0
P02240,Home & Kitchen,Air Purifier with HEPA Filter,Not happy with this product.,2,2024-09-18,C626326,Liam Maes,5000,25.0
P04724,Books,Beginner's Guide to Python,Not happy with this product.,1,2021-06-17,C864761,Léa Bosmans,5000,
P01790,Electronics,Wireless Noise-Cancelling Headphones,"Good product, I'm satisfied.",4,22-09-2023,C185544,Ava Claes,1180,18.0
P01145,Electronics,Wireless Noise-Cancelling Headphones,Not happy with this product.,2,05-06-2021,C235254,Liam Maes,2000,29.0
P04970,Books,Thriller Novel: The Last Signal,"Good product, I'm satisfied.",5,2022-07-21,C920988,Arthur Hendriks,1011,28.0
P08876,Sports & Outdoors,Camping Lantern Rechargeable,"Good product, I'm satisfied.",5,2024-09-24,C937323,Emma Dubois,2000,53.0
P02792,Home & Kitchen,Vacuum Cleaner Pro,"Good product, I'm satisfied.",4,2022-01-07,C593825,Léa Martens,2000B,36.0
P02524,Home & Kitchen,Non-Stick Frying Pan,"It's okay, not great, not terrible.",3,2023/02/11,C594378,Noor Janssen,,35.0
P06390,Clothing,Basic Cotton T-Shirt,"Good product, I'm satisfied.",4,2023-02-24,C417993,Ava Maes,3010,40.0
P02800,Home & Kitchen,Air Purifier with HEPA Filter,"Good product, I'm satisfied.",5,2023-08-20,C683542,Lucas Hendriks,5000,38.0
P01993,Electronics,Wireless Noise-Cancelling Headphones,"Good product, I'm satisfied.",4,2024-10-29,C507684,Arthur De Smet,2000,32.0
P03876,Beauty,Hydrating Face Serum,"Good product, I'm satisfied.",5,20-12-2021,C704569,Louis Martens,,41.0
P08789,Sports & Outdoors,Running Shorts,"Good product, I'm satisfied.",5,26-10-2022,C751011,Zoë De Wilde,3000,45.0
P04515,Books,Psychology of Habits,"It's okay, not great, not terrible.",3,2021-04-19,C244598,Noor Janssen,5000,37.0
P07318,Toys & Games,Building Blocks Set,Not happy with this product.,1,2021-10-28,C801440,Zoë Vermeulen,2000,39.0
P02945,Home & Kitchen,Espresso Coffee Machine,"Good product, I'm satisfied.",4,2024-01-08,C710272,Olivia Janssen,1011,29.0
P02735,Home & Kitchen,Memory Foam Pillow,"Good product, I'm satisfied.",4,2024/06/09,C949070,Liam Peeters,3500,68.0
P03986,Beauty,Hydrating Face Serum,"Good product, I'm satisfied.",4,2024-11-05,C837487,Sophie Peeters,2018,41.0
P01269,Electronics,USB-C Docking Station,"Good product, I'm satisfied.",4,18-01-2024,C605071,,5000,35.0
P01925,Electronics,Laptop Stand Aluminum,I would definitely recommend this. I use it almost every day for electronics tasks and it performs very well.,5,09-07-2022,C679648,Noor Peeters,2000,64.0
P03304,Beauty,Volumizing Mascara,,3,23-08-2023,C412525,Liam Peeters,9000A,23.0
P07684,Toys & Games,Plush Teddy Bear,"Good product, I'm satisfied.",4,2021-05-01,C244756,Olivia Peeters,2018,27.0
P06585,Clothing,Lightweight Hoodie,"Good product, I'm satisfied.",4,10-04-2024,C381370,Finn Lefevre,9000,32.0
P02744,Home & Kitchen,Electric Kettle 1.7L,"Good product, I'm satisfied.",5,2024-12-04,C759675,,1050,34.0
P07195,Toys & Games,Educational Puzzle Set,"Good product, I'm satisfied.",5,08-05-2022,C308949,Arthur Janssen,2018,34.0
P02635,Home & Kitchen,Non-Stick Frying Pan,"Good product, I'm satisfied.",4,2024/09/21,C739705,Liam De Smet,3000,43.0
P01437,Electronics,Gaming Mouse Pro Series,"It's okay, not great, not terrible.",3,05-03-2022,C652654,Mila Maes,3000,62.0
P08565,Sports & Outdoors,Stainless Steel Water Bottle,"Good product, I'm satisfied.",5,2022-07-25,C595671,Emma Peeters,3000,44.0
P01376,Electronics,Wireless Noise-Cancelling Headphones,"Good product, I'm satisfied.",4,2022-03-18,C152938,Adam De Wilde,3500,45.0
P05163,Groceries,Whole Bean Coffee Dark Roast,"It's okay, not great, not terrible.",3,11-04-2023,C800224,Liam Claes,1011,34.0
P01981,Electronics,Wireless Keyboard and Mouse Combo,"Good product, I'm satisfied.",5,09-02-2023,C884996,Lucas Janssen,3000,42.0
P03219,Beauty,Hydrating Face Serum,"Good product, I'm satisfied.",5,2022-05-23,C965889,Liam Janssen,3500,30.0
P10872,Garden,Herb Seeds Mix,"Good product, I'm satisfied.",4,2024-11-20,C506308,Olivia Maes,3000,19.0
P07471,Toys & Games,Building Blocks Set,,2,2023/02/24,C151065,Zoë De Wilde,9000,29.0
P06843,Clothing,Slim Fit Jeans,"It's okay, not great, not terrible.",3,2023-03-16,C870468,Zoë Vermeulen,3000,51.0
P09419,Office Supplies,Notebook A5 Lined,"Good product, I'm satisfied.",5,2021/10/13,C319904,Lucas De Smet,3010,32.0
P01526,Electronics,Laptop Stand Aluminum,"Good product, I'm satisfied.",4,2023-01-27,C414726,Liam Vermeulen,1180,30.0
P07955,Toys & Games,Plush Teddy Bear,Not happy with this product.,2,28-10-2021,C339376,Noor Maes,3000,39.0
P03478,Beauty,SPF 50 Daily Sunscreen,Not happy with this product.,2,2024-12-26,C207186,Noah Maes,1050B,37.0
P04263,Books,Beginner's Guide to Python,"Good product, I'm satisfied.",5,2022-11-03,C374917,Sophie Dubois,5000,21.0
P01603,Electronics,USB-C Docking Station,"Good product, I'm satisfied.",5,2023-02-04,C524206,Zoë Lefevre,1011,38.0
P02569,Home & Kitchen,Air Purifier with HEPA Filter,"Good product, I'm satisfied.",5,2023-12-11,C203227,Noah Maes,1011,29.0
P01496,Electronics,Wireless Noise-Cancelling Headphones,"Good product, I'm satisfied.",5,2024-03-11,C922741,Zoë Vermeulen,3010,23.0
P05664,Groceries,Gluten-Free Pasta,,4,2024-12-08,C926960,Mila Bosmans,3010,
P04635,Books,Marketing Strategy Handbook,"Good product, I'm satisfied.",4,2023/03/13,C225623,Ava Vermeulen,3500,35.0
P01429,Electronics,Bluetooth Portable Speaker,"Good product, I'm satisfied.",5,14-04-2022,C919561,Sophie De Wilde,3010,21.0
P05363,Groceries,Gluten-Free Pasta,"It's okay, not great, not terrible.",3,2021-05-08,C269833,Léa Peeters,1050,33.0
P01225,Electronics,Wireless Noise-Cancelling Headphones,"Good product, I'm satisfied.",5,2022/11/22,C540156,Louis De Wilde,1180,51.0
P05108,Groceries,Extra Virgin Olive Oil,Not happy with this product.,2,2023-05-08,C896246,Emma Dubois,1050,67.0
P10692,Garden,Garden Hose 20m,"Good product, I'm satisfied.",5,2024-09-09,C689741,Liam Peeters,1180,33.0
P01144,Electronics,Gaming Mouse Pro Series,"Good product, I'm satisfied.",4,2024-09-10,C912010,Adam Maes,5000,63.0
P03373,Beauty,Matte Liquid Lipstick,"It's okay, not great, not terrible.",3,2022/04/16,C754446,Zoë De Smet,2000A,37.0
P06419,Clothing,Lightweight Hoodie,,5,05-08-2022,C738231,Emma Maes,5000,27.0
P02460,Home & Kitchen,Espresso Coffee Machine,Not happy with this product.,1,2024-08-02,C630250,Emma De Smet,1180,34.0
P04697,Books,Thriller Novel: The Last Signal,"Good product, I'm satisfied.",4,2022-12-14,C288861,Mila Hendriks,1180,65.0
P03996,Beauty,Anti-Frizz Hair Oil,"Good product, I'm satisfied.",4,13-05-2024,C782718,Olivia De Smet,3010,35.0
P01563,Electronics,4K Ultra HD Smart TV,Not happy with this product.,2,2024-06-28,C120845,Noah Lefevre,101,45.0
P01970,Electronics,Wireless Noise-Cancelling Headphones,Quality feels premium and durable. I use it almost every day for electronics tasks and it performs very well.,4,2021-10-09,C844056,Ava Claes,5000,31.0
P01924,Electronics,Laptop Stand Aluminum,"Good product, I'm satisfied.",5,2021-10-11,C643081,Lucas De Wilde,500,34.0
P05304,Groceries,Extra Virgin Olive Oil,"Good product, I'm satisfied.",4,2021-05-25,C643895,Arthur Dubois,3010,25.0
P01296,Electronics,Wireless Keyboard and Mouse Combo,"Good product, I'm satisfied.",4,07-03-2023,C203550,,2018,26.0
P01993,Electronics,Bluetooth Portable Speaker,"Good product, I'm satisfied.",4,2023-01-31,C362147,Emma Hendriks,3000,28.0
P05836,Groceries,Whole Bean Coffee Dark Roast,"It's okay, not great, not terrible.",3,19-11-2022,C375456,Olivia Janssen,2018,53.0
P03485,Beauty,Volumizing Mascara,Not happy with this product.,1,10-11-2021,C361300,Noor De Wilde,2018,44.0
P04493,Books,Cookbook: Easy Weeknight Meals,"Good product, I'm satisfied.",5,2024/08/12,C121722,Liam Janssen,3500,29.0
P06204,Clothing,Basic Cotton T-Shirt,"Good product, I'm satisfied.",4,06-02-2021,C799427,Lucas Claes,,64.0
P02319,Home & Kitchen,Dish Drying Rack,Not happy with this product.,2,25-03-2021,C209149,Ava Vermeulen,1011,30.0
P01563,Electronics,Gaming Mouse Pro Series,"It's okay, not great, not terrible.",3,28-07-2021,C734744,Léa Peeters,9000,35.0
P02570,Home & Kitchen,Stainless Steel Cookware Set,,3,2023/08/21,C280016,Noah Dubois,201,35.0
P09408,Office Supplies,Notebook A5 Lined,"It's okay, not great, not terrible.",3,2021-04-25,C914483,Lucas Vermeulen,1180,19.0
P10169,Garden,Garden Hose 20m,"Good product, I'm satisfied.",5,2022/04/22,C787036,Adam Dubois,3010B,29.0
P07204,Toys & Games,Building Blocks Set,"Good product, I'm satisfied.",5,2023-08-27,C237323,Ava Martens,9000,44.0
P06561,Clothing,Formal White Shirt,"Good product, I'm satisfied.",5,14-09-2021,C534098,Olivia Dubois,1011,27.0
P01417,Electronics,Wireless Noise-Cancelling Headphones,"It's okay, not great, not terrible.",3,2024-10-09,C822727,Finn Janssen,1050,35.0
P02563,Home & Kitchen,Non-Stick Frying Pan,"Good product, I'm satisfied.",4,2022-04-30,C279453,Finn Martens,1011A,55.0
P02550,Home & Kitchen,Air Purifier with HEPA Filter,"Good product, I'm satisfied.",5,07-08-2024,C205935,Finn Maes,3000,37.0
P02152,Home & Kitchen,Dish Drying Rack,"It's okay, not great, not terrible.",3,2023/09/08,C423359,Zoë Hendriks,2018,19.0
P01838,Electronics,Gaming Mouse Pro Series,"Good product, I'm satisfied.",4,2022-07-11,C901282,Mila Vermeulen,1180,64.0
P03213,Beauty,SPF 50 Daily Sunscreen,,4,2024/10/07,C960487,Lucas Lefevre,3010A,23.0
P02988,Home & Kitchen,Espresso Coffee Machine,"Good product, I'm satisfied.",4,2022/01/29,C400261,Noah Janssen,9000,27.0
P09657,Office Supplies,Wireless Computer Mouse,"Good product, I'm satisfied.",5,2024-05-18,C134582,Arthur Peeters,101,70.0
P02374,Home & Kitchen,Stainless Steel Cookware Set,"It's okay, not great, not terrible.",3,2021-04-04,C609089,Arthur De Smet,1180,
P09502,Office Supplies,Gel Ink Pens Pack,Not happy with this product.,1,2023-07-19,C533648,Lucas Claes,9000,35.0
P09250,Office Supplies,Gel Ink Pens Pack,Not happy with this product.,1,2023/05/20,C477682,Zoë Martens,3500,35.0
P10119,Garden,Garden Hose 20m,"It's okay, not great, not terrible.",3,2022-06-09,C958294,Arthur De Smet,1050B,20.0
P02559,Home & Kitchen,Air Purifier with HEPA Filter,"Good product, I'm satisfied.",4,2024/05/11,C912343,Emma Peeters,1180,26.0
P01328,Electronics,Smartphone Fast Charger,"Good product, I'm satisfied.",4,2022-04-22,C357875,Zoë Martens,3500,45.0
P01707,Electronics,4K Ultra HD Smart TV,"Good product, I'm satisfied.",5,16-09-2021,C927763,Adam De Smet,1011,44.0
P03630,Beauty,Hydrating Face Serum,"Good product, I'm satisfied.",5,03-02-2023,C847496,Noah Claes,1180B,44.0
P01254,Electronics,Gaming Mouse Pro Series,"Good product, I'm satisfied.",4,02-08-2021,C994863,Arthur Maes,5000,70.0
P01963,Electronics,Bluetooth Portable Speaker,"Good product, I'm satisfied.",5,2022-02-01,C720314,Emma Peeters,2000,43.0
P10756,Garden,LED Grow Light,"It's okay, not great, not terrible.",3,2021-06-04,C778267,Louis Hendriks,2000,28.0
P04537,Books,Cookbook: Easy Weeknight Meals,"Good product, I'm satisfied.",4,2021-05-01,C100725,Zoë Vermeulen,1180,38.0
P02413,Home & Kitchen,Stainless Steel Cookware Set,"Good product, I'm satisfied.",5,2023-03-02,C114815,Adam Peeters,1050,25.0
P02511,Home & Kitchen,Dish Drying Rack,"Good product, I'm satisfied.",4,25-03-2021,C836465,Noah Hendriks,1011,42.0
P08893,Sports & Outdoors,Stainless Steel Water Bottle,"Good product, I'm satisfied.",4,2021/07/17,C896191,Liam Lefevre,3010,34.0
P07749,Toys & Games,Building Blocks Set,"Good product, I'm satisfied.",5,2021-07-19,C293334,,1180,29.0
P02835,Home & Kitchen,Vacuum Cleaner Pro,"Good product, I'm satisfied.",5,15-02-2021,C426208,Lucas Bosmans,2000,39.0
P01978,Electronics,Bluetooth Portable Speaker,"Good product, I'm satisfied.",4,18-06-2022,C610430,Léa Bosmans,1050,28.0
P02989,Home & Kitchen,Stainless Steel Cookware Set,"Good product, I'm satisfied.",5,2021/02/09,C174923,Louis Claes,3000,26.0
P02868,Home & Kitchen,Air Purifier with HEPA Filter,"Good product, I'm satisfied.",4,2023-05-17,C704677,Olivia Janssen,2018B,30.0
P06448,Clothing,Formal White Shirt,"Good product, I'm satisfied.",5,2022-12-05,C630077,Olivia De Wilde,1050,
P02594,Home & Kitchen,Vacuum Cleaner Pro,"Good product, I'm satisfied.",5,2022-06-06,C247462,Noor Dubois,3010,69.0
P03637,Beauty,Nourishing Shampoo,Not happy with this product.,2,2023-05-22,C308075,Emma Lefevre,1050,43.0
P08196,Sports & Outdoors,Camping Lantern Rechargeable,"Good product, I'm satisfied.",5,2021-11-27,C576900,Lucas Dubois,3010,30.0
P07292,Toys & Games,Building Blocks Set,"It's okay, not great, not terrible.",3,2022-01-02,C580115,Liam Peeters,300,29.0
P05121,Groceries,Extra Virgin Olive Oil,"It's okay, not great, not terrible.",3,15-09-2021,C153035,Léa Martens,9000A,32.0
P01657,Electronics,Wireless Noise-Cancelling Headphones,"Good product, I'm satisfied.",5,2022-06-13,C903913,Zoë Janssen,2000,
P01294,Electronics,Wireless Noise-Cancelling Headphones,"Good product, I'm satisfied.",5,2022-09-28,C412758,Arthur Dubois,5000,33.0
P06472,Clothing,Lightweight Hoodie,Not happy with this product.,2,2023-07-23,C203103,Léa De Smet,2000,28.0
P08969,Sports & Outdoors,Camping Lantern Rechargeable,"It's okay, not great, not terrible.",3,2024/01/15,C739791,Noor Vermeulen,2000,25.0
P09852,Office Supplies,Gel Ink Pens Pack,"Good product, I'm satisfied.",4,2024-03-31,C367361,Sophie Dubois,200,38.0
P01389,Electronics,Laptop Stand Aluminum,"It's okay, not great, not terrible.",3,29-12-2024,C118604,Louis Maes,2018,
P01871,Electronics,USB-C Docking Station,"Good product, I'm satisfied.",5,22-09-2022,C374438,Adam Vermeulen,3000,28.0
P02869,Home & Kitchen,Stainless Steel Cookware Set,"Good product, I'm satisfied.",4,2022-04-26,C397677,Noor Bosmans,201,28.0
P02816,Home & Kitchen,Non-Stick Frying Pan,"Good product, I'm satisfied.",5,25-07-2022,C658669,Adam Claes,9000,20.0
P02205,Home & Kitchen,Espresso Coffee Machine,"Good product, I'm satisfied.",5,2024-05-29,C772706,Ava Martens,1180,37.0
P05853,Groceries,Granola with Nuts,"It's okay, not great, not terrible.",3,2022-01-31,C731099,Finn Janssen,3000,
P02820,Home & Kitchen,Non-Stick Frying Pan,"Good product, I'm satisfied.",4,2021-09-29,C199807,,2018,35.0
P02343,Home & Kitchen,Memory Foam Pillow,Not happy with this product.,2,2022-06-19,C620751,Zoë Dubois,5000,21.0
P05216,Groceries,Organic Almond Milk,"Good product, I'm satisfied.",4,2023-12-27,C208557,Sophie Dubois,3000,45.0
P01783,Electronics,Bluetooth Portable Speaker,"It's okay, not great, not terrible.",3,2024/11/24,C387087,Emma Claes,9000,31.0
P01177,Electronics,Wireless Keyboard and Mouse Combo,Very disappointed with this purchase. The wireless keyboard and mouse combo did not match the description and feels cheap.,2,21-02-2021,C786907,Mila Claes,1011,70.0
P01390,Electronics,Smartphone Fast Charger,"Good product, I'm satisfied.",4,2024-04-28,C521791,,2018,45.0
P02504,Home & Kitchen,Dish Drying Rack,"It's okay, not great, not terrible.",3,2022/08/13,C958130,Lucas Dubois,3000,33.0
P06371,Clothing,Basic Cotton T-Shirt,"It's okay, not great, not terrible.",3,2021/02/13,C165946,Sophie De Smet,1180,19.0
P01221,Electronics,Gaming Mouse Pro Series,,3,2024/01/09,C593580,Louis Lefevre,1180A,36.0
P08360,Sports & Outdoors,Camping Lantern Rechargeable,"Good product, I'm satisfied.",4,22-03-2022,C198592,Zoë Dubois,3010,24.0
P07548,Toys & Games,Educational Puzzle Set,"Good product, I'm satisfied.",5,2021/12/24,C800047,Arthur Vermeulen,1050,35.0
P01497,Electronics,Smartphone Fast Charger,Not happy with this product.,1,2024/03/10,C363071,Mila Hendriks,105,27.0
P09617,Office Supplies,Gel Ink Pens Pack,"Good product, I'm satisfied.",5,2024/01/21,C780438,Sophie Peeters,1180B,21.0
P02899,Home & Kitchen,Electric Kettle 1.7L,"Good product, I'm satisfied.",5,27-08-2023,C545613,Emma De Wilde,3500,40.0
P03214,Beauty,Volumizing Mascara,Not happy with this product.,2,23-03-2024,C500833,Emma Dubois,,27.0
P02923,Home & Kitchen,Non-Stick Frying Pan,"Good product, I'm satisfied.",4,09-10-2023,C241788,Sophie De Smet,9000,25.0
P05282,Groceries,Gluten-Free Pasta,"Good product, I'm satisfied.",5,2021-12-22,C715132,Finn Maes,9000,
P01987,Electronics,Laptop Stand Aluminum,"It's okay, not great, not terrible.",3,24-08-2021,C966473,Noah Maes,3500,59.0
P02725,Home & Kitchen,Memory Foam Pillow,"Good product, I'm satisfied.",5,2022-05-12,C153413,Sophie Martens,5000B,43.0
P08985,Sports & Outdoors,Camping Lantern Rechargeable,"Good product, I'm satisfied.",4,20-06-2022,C663279,Olivia Claes,3500,31.0
P03359,Beauty,Volumizing Mascara,"Good product, I'm satisfied.",4,2023-07-04,C623814,Mila Peeters,2018,37.0
P08897,Sports & Outdoors,Camping Lantern Rechargeable,"Good product, I'm satisfied.",5,2022-03-15,C632091,Mila Dubois,1050,28.0
P01418,Electronics,4K Ultra HD Smart TV,Not happy with this product.,2,2023-08-31,C117459,Ava Lefevre,9000,24.0
P02630,Home & Kitchen,Espresso Coffee Machine,"It's okay, not great, not terrible.",3,2024-06-21,C566039,Sophie Bosmans,3010,
P04812,Books,Marketing Strategy Handbook,"Good product, I'm satisfied.",4,24-05-2024,C720478,,3500,36.0
P01239,Electronics,Gaming Mouse Pro Series,"Good product, I'm satisfied.",4,27-12-2021,C130557,,2000,25.0
P02453,Home & Kitchen,Dish Drying Rack,"Good product, I'm satisfied.",4,12-12-2022,C160850,Adam Bosmans,3500,21.0
P08651,Sports & Outdoors,Camping Lantern Rechargeable,"Good product, I'm satisfied.",5,2022-03-28,C883826,Arthur Maes,1011,35.0
P07695,Toys & Games,Strategy Board Game,"Good product, I'm satisfied.",4,2024-11-20,C161352,Olivia Martens,3500B,36.0
P01912,Electronics,Gaming Mouse Pro Series,"Good product, I'm satisfied.",4,23-10-2021,C508301,,3010,27.0
P07482,Toys & Games,Educational Puzzle Set,Not happy with this product.,2,2023/06/04,C513046,Léa De Wilde,301,32.0
P02346,Home & Kitchen,Non-Stick Frying Pan,Not happy with this product.,1,2021/01/25,C623850,Sophie De Wilde,105,
P01517,Electronics,Smartphone Fast Charger,"Good product, I'm satisfied.",5,27-03-2024,C105543,Sophie Maes,9000,38.0
P09624,Office Supplies,Wireless Computer Mouse,"Good product, I'm satisfied.",5,08-02-2022,C333251,Ava Bosmans,5000,42.0
P08679,Sports & Outdoors,Running Shorts,"Good product, I'm satisfied.",4,2023-03-30,C396277,Sophie De Wilde,,38.0
P02881,Home & Kitchen,Vacuum Cleaner Pro,"It's okay, not great, not terrible.",3,2021-01-15,C259073,Finn Bosmans,2000,45.0
P01271,Electronics,4K Ultra HD Smart TV,Not happy with this product.,2,2022/12/03,C393178,Zoë Maes,1011,58.0
P05939,Groceries,Gluten-Free Pasta,"Good product, I'm satisfied.",5,13-02-2024,C282313,Emma Lefevre,9000A,19.0
P06966,Clothing,Basic Cotton T-Shirt,"Good product, I'm satisfied.",5,2024-07-20,C121143,Zoë De Wilde,1180,34.0
P09924,Office Supplies,Gel Ink Pens Pack,"Good product, I'm satisfied.",4,2023-09-25,C785578,Liam Hendriks,1011B,26.0
P03463,Beauty,Hydrating Face Serum,"Good product, I'm satisfied.",5,2024-06-15,C680020,Arthur Dubois,3010,39.0
P09526,Office Supplies,Gel Ink Pens Pack,"Good product, I'm satisfied.",4,25-11-2022,C614333,Emma Vermeulen,3010,29.0
P02161,Home & Kitchen,Vacuum Cleaner Pro,"Good product, I'm satisfied.",5,2023-10-28,C773662,Emma De Wilde,1180,39.0
P02665,Home & Kitchen,Air Purifier with HEPA Filter,"Good product, I'm satisfied.",5,2021-08-16,C453328,Lucas Bosmans,3000,56.0
P02910,Home & Kitchen,Non-Stick Frying Pan,"It's okay, not great, not terrible.",3,16-08-2023,C424820,Zoë Dubois,3010,36.0
P02157,Home & Kitchen,Electric Kettle 1.7L,"Good product, I'm satisfied.",5,2023-01-19,C844127,Mila Vermeulen,1050,60.0
P01401,Electronics,Smartphone Fast Charger,Not happy with this product.,1,22-12-2021,C570616,Olivia Hendriks,3000,42.0
P02227,Home & Kitchen,Non-Stick Frying Pan,"Good product, I'm satisfied.",4,2024-11-10,C920291,Olivia Vermeulen,5000,33.0
P10811,Garden,Garden Hose 20m,"Good product, I'm satisfied.",5,23-03-2022,C813260,Olivia Bosmans,3010,36.0
P03511,Beauty,Matte Liquid Lipstick,"Good product, I'm satisfied.",4,2023-01-26,C655711,Olivia Bosmans,3000,34.0
P08537,Sports & Outdoors,Running Shorts,"Good product, I'm satisfied.",4,2024-12-22,C653984,Ava Martens,2000,36.0
P01188,Electronics,Wireless Noise-Cancelling Headphones,"Good product, I'm satisfied.",5,28-04-2024,C547181,Mila Dubois,5000,31.0
P06353,Clothing,Basic Cotton T-Shirt,"It's okay, not great, not terrible.",3,2023-12-11,C526856,Finn Lefevre,1011,
P06369,Clothing,Lightweight Hoodie,"Good product, I'm satisfied.",5,2022-06-18,C408725,Olivia Janssen,1050,75.0
P01193,Electronics,Gaming Mouse Pro Series,"Good product, I'm satisfied.",5,2024/10/31,C512663,Olivia Hendriks,2000,41.0
P01401,Electronics,Bluetooth Portable Speaker,"Good product, I'm satisfied.",5,2024-04-27,C991081,Noah Lefevre,2000,43.0
P05166,Groceries,Organic Almond Milk,"Good product, I'm satisfied.",5,2024-01-20,C846551,Noah De Smet,9000A,26.0
P01890,Electronics,Wireless Keyboard and Mouse Combo,Not happy with this product.,2,2022-12-12,C660100,Liam Claes,1180,37.0
P01114,Electronics,Smartphone Fast Charger,"Good product, I'm satisfied.",4,2021-05-24,C105953,Louis Janssen,3010,34.0
P07267,Toys & Games,Plush Teddy Bear,"Good product, I'm satisfied.",4,19-04-2023,C199824,Arthur Peeters,1011,34.0
P01841,Electronics,Smartphone Fast Charger,"Good product, I'm satisfied.",5,2024-02-09,C305435,Noor Claes,2018,43.0
P01233,Electronics,Gaming Mouse Pro Series,"Good product, I'm satisfied.",5,2024/12/15,C452628,Adam Hendriks,,27.0
P02526,Home & Kitchen,Stainless Steel Cookware Set,"Good product, I'm satisfied.",4,2022-08-13,C507750,Sophie Claes,5000,29.0
P02550,Home & Kitchen,Air Purifier with HEPA Filter,"Good product, I'm satisfied.",5,2021-12-07,C405803,Ava Maes,3010,34.0
P02590,Home & Kitchen,Vacuum Cleaner Pro,"Good product, I'm satisfied.",4,2024/05/04,C354645,Noor Bosmans,1180,27.0
P04466,Books,Beginner's Guide to Python,Not happy with this product.,1,2022-07-11,C716166,Noor Hendriks,2018,29.0
P02930,Home & Kitchen,Non-Stick Frying Pan,"It's okay, not great, not terrible.",3,2021/08/09,C644398,Ava Martens,3010,41.0
P01928,Electronics,Gaming Mouse Pro Series,"It's okay, not great, not terrible.",3,2023-04-13,C609877,Liam Peeters,5000,
P02986,Home & Kitchen,Stainless Steel Cookware Set,"Good product, I'm satisfied.",4,22-03-2024,C573561,Noah De Wilde,3000,35.0
P02570,Home & Kitchen,Electric Kettle 1.7L,"Good product, I'm satisfied.",5,06-08-2024,C172754,Finn Dubois,2000,41.0
P06819,Clothing,Formal White Shirt,Not happy with this product.,2,2021-01-14,C437954,Arthur Claes,200,41.0
P06810,Clothing,Basic Cotton T-Shirt,"Good product, I'm satisfied.",4,2024-11-08,C515707,Adam Lefevre,105,75.0
P05985,Groceries,Whole Bean Coffee Dark Roast,"It's okay, not great, not terrible.",3,2024/12/10,C818699,Mila Peeters,1180,69.0
P09603,Office Supplies,Gel Ink Pens Pack,"Good product, I'm satisfied.",5,2021-12-03,C575139,Noor Maes,3000,39.0
P07326,Toys & Games,Educational Puzzle Set,"Good product, I'm satisfied.",5,2021-07-07,C414910,,1180,32.0
P07554,Toys & Games,Building Blocks Set,"Good product, I'm satisfied.",5,2021-06-01,C653443,Liam Peeters,3010,26.0
P01808,Electronics,Smartphone Fast Charger,Not happy with this product.,1,2022-07-30,C924834,Arthur Hendriks,1011,31.0
P01659,Electronics,Wireless Keyboard and Mouse Combo,Not happy with this product.,2,2022-03-23,C701290,Lucas Lefevre,2018,26.0
P02751,Home & Kitchen,Memory Foam Pillow,"Good product, I'm satisfied.",5,30-09-2023,C543990,Louis Bosmans,1180,
P01995,Electronics,Laptop Stand Aluminum,"Good product, I'm satisfied.",5,2024-11-25,C451525,Sophie Bosmans,1050,34.0
P01122,Electronics,Laptop Stand Aluminum,"Good product, I'm satisfied.",5,2023/07/01,C222115,Olivia Dubois,5000B,31.0
P01144,Electronics,Bluetooth Portable Speaker,"Good product, I'm satisfied.",4,2023-06-28,C397185,Noah Peeters,300,36.0
P06229,Clothing,Running Shoes,Not happy with this product.,2,2024-03-03,C349849,Noah Bosmans,2000,31.0
P02344,Home & Kitchen,Air Purifier with HEPA Filter,"Good product, I'm satisfied.",5,29-06-2023,C580862,Zoë De Wilde,1180,23.0
P04805,Books,Marketing Strategy Handbook,"Good product, I'm satisfied.",4,2022-02-01,C343859,Zoë De Wilde,9000,37.0
P07401,Toys & Games,Strategy Board Game,Not happy with this product.,2,2021-04-11,C193528,Noah Janssen,1011,43.0
P01414,Electronics,Bluetooth Portable Speaker,"It's okay, not great, not terrible.",3,2022/06/16,C921396,Léa Lefevre,2018B,25.0
P02335,Home & Kitchen,Vacuum Cleaner Pro,Not happy with this product.,1,2021-05-24,C608216,Mila Lefevre,1180,44.0
P01998,Electronics,Gaming Mouse Pro Series,"It's okay, not great, not terrible.",3,2022-06-06,C747415,Louis Janssen,3010,29.0
P01728,Electronics,Bluetooth Portable Speaker,"It's okay, not great, not terrible.",3,30-12-2023,C699108,Emma De Smet,101,38.0
P02433,Home & Kitchen,Stainless Steel Cookware Set,"Good product, I'm satisfied.",4,03-10-2024,C249365,Finn Peeters,1180,28.0
P03593,Beauty,SPF 50 Daily Sunscreen,"Good product, I'm satisfied.",5,2022-01-21,C211593,Emma De Wilde,1050,43.0
P07831,Toys & Games,Plush Teddy Bear,Not happy with this product.,2,23-05-2022,C188425,Noor Hendriks,5000,36.0
P05844,Groceries,Extra Virgin Olive Oil,"Good product, I'm satisfied.",4,2023-03-07,C582167,Arthur Bosmans,1050,48.0
P02628,Home & Kitchen,Dish Drying Rack,"Good product, I'm satisfied.",4,2024-10-04,C144693,Noor Janssen,,28.0
P01465,Electronics,Smartphone Fast Charger,"Good product, I'm satisfied.",5,2022/10/23,C767081,Noah Peeters,1050,41.0
P06393,Clothing,Basic Cotton T-Shirt,"It's okay, not great, not terrible.",3,2023-08-26,C481718,Liam De Wilde,1050,42.0
P06279,Clothing,Formal White Shirt,,5,19-12-2021,C134364,Liam Janssen,5000,44.0
P08995,Sports & Outdoors,Stainless Steel Water Bottle,Exceeded my expectations. I use it almost every day for sports & outdoors tasks and it performs very well.,5,2021-05-02,C812556,Finn De Wilde,1050,40.0
P08217,Sports & Outdoors,Running Shorts,"Good product, I'm satisfied.",4,2022-11-11,C578819,Liam De Wilde,9000,
P01466,Electronics,Wireless Noise-Cancelling Headphones,"It's okay, not great, not terrible.",3,2024-09-24,C925814,Emma Maes,9000,33.0
P02602,Home & Kitchen,Non-Stick Frying Pan,"It's okay, not great, not terrible.",3,19-09-2023,C124991,Louis Peeters,1011,20.0
P05874,Groceries,Organic Almond Milk,Not happy with this product.,2,26-09-2024,C973060,Mila Maes,3500A,37.0
P02448,Home & Kitchen,Memory Foam Pillow,"Good product, I'm satisfied.",5,2023-09-06,C293319,Emma Vermeulen,3000,45.0
P03112,Beauty,SPF 50 Daily Sunscreen,Not happy with this product.,2,2024/02/26,C435607,Noor Janssen,2018,21.0
P01674,Electronics,Smartphone Fast Charger,"Good product, I'm satisfied.",5,2022-07-31,C113114,Olivia De Wilde,1180,19.0
P04525,Books,Beginner's Guide to Python,"Good product, I'm satisfied.",5,2022-12-19,C751843,Noah Maes,1180,
P02716,Home & Kitchen,Air Purifier with HEPA Filter,"Good product, I'm satisfied.",4,19-01-2021,C386081,Sophie Lefevre,1011,44.0
P01111,Electronics,Laptop Stand Aluminum,"It's okay, not great, not terrible.",3,2023-10-25,C719312,Sophie Bosmans,3500,35.0
P02807,Home & Kitchen,Vacuum Cleaner Pro,"Good product, I'm satisfied.",4,2024-07-30,C666500,,,23.0
P02871,Home & Kitchen,Dish Drying Rack,Not happy with this product.,2,04-09-2021,C160158,,105,19.0
P01320,Electronics,Bluetooth Portable Speaker,"It's okay, not great, not terrible.",3,2023-02-16,C746743,Finn De Smet,1180,24.0
P02338,Home & Kitchen,Air Purifier with HEPA Filter,"It's okay, not great, not terrible.",3,02-03-2024,C797914,Sophie Maes,1050,43.0
P10885,Garden,LED Grow Light,Not happy with this product.,1,2022-12-28,C617117,Louis Hendriks,9000,35.0
P01608,Electronics,Gaming Mouse Pro Series,"Good product, I'm satisfied.",5,2024-10-17,C524245,Olivia Martens,1050A,35.0
P07416,Toys & Games,Plush Teddy Bear,"It's okay, not great, not terrible.",3,2021-04-22,C456325,Ava Bosmans,2018,19.0
P01975,Electronics,Bluetooth Portable Speaker,"Good product, I'm satisfied.",4,2022-06-19,C888931,,1011,37.0
P02165,Home & Kitchen,Vacuum Cleaner Pro,"Good product, I'm satisfied.",5,30-10-2022,C708230,Olivia De Wilde,2000,34.0
P05410,Groceries,Whole Bean Coffee Dark Roast,"It's okay, not great, not terrible.",3,21-03-2022,C271220,Mila Vermeulen,200,21.0
P02961,Home & Kitchen,Electric Kettle 1.7L,"Good product, I'm satisfied.",5,2023-04-06,C265246,Arthur Hendriks,1180,22.0
P01478,Electronics,USB-C Docking Station,,3,15-12-2021,C793448,Emma Martens,1180,26.0
P02334,Home & Kitchen,Memory Foam Pillow,"Good product, I'm satisfied.",5,2021-04-06,C115448,Arthur Peeters,3500,32.0
P03601,Beauty,SPF 50 Daily Sunscreen,"Good product, I'm satisfied.",4,2022-11-12,C255813,Louis Maes,2018,73.0
P02758,Home & Kitchen,Stainless Steel Cookware Set,"It's okay, not great, not terrible.",3,2021/07/10,C931063,Finn Vermeulen,101,28.0
P05375,Groceries,Gluten-Free Pasta,Not happy with this product.,1,22-06-2022,C139895,Louis Janssen,1050,29.0
P03417,Beauty,Hydrating Face Serum,Not happy with this product.,2,2024-05-23,C335388,Noah Lefevre,1180,35.0
P05534,Groceries,Granola with Nuts,"Good product, I'm satisfied.",4,11-01-2023,C871399,Noah De Smet,2000,33.0
P01331,Electronics,Wireless Noise-Cancelling Headphones,"Good product, I'm satisfied.",4,17-02-2024,C590429,Noah De Smet,2000,27.0
P02719,Home & Kitchen,Non-Stick Frying Pan,"Good product, I'm satisfied.",5,23-07-2022,C983101,Noah Dubois,1180,33.0
P04159,Books,Thriller Novel: The Last Signal,"Good product, I'm satisfied.",4,2021-12-17,C321709,Adam Martens,2000,33.0
P08840,Sports & Outdoors,Yoga Mat Non-Slip,"Good product, I'm satisfied.",5,2024-06-18,C114100,Arthur Martens,3010,21.0
P02931,Home & Kitchen,Electric Kettle 1.7L,"Good product, I'm satisfied.",5,2023-01-24,C963367,Sophie Peeters,3000,
P03885,Beauty,Nourishing Shampoo,Not happy with this product.,1,2024-05-26,C700967,Olivia Maes,1180,38.0
P02835,Home & Kitchen,Dish Drying Rack,"Good product, I'm satisfied.",4,2023/06/21,C880465,Emma Martens,3010,37.0
P05814,Groceries,Organic Almond Milk,"It's okay, not great, not terrible.",3,2022-03-03,C726587,Ava Martens,3010,44.0
P02473,Home & Kitchen,Espresso Coffee Machine,"Good product, I'm satisfied.",4,18-12-2023,C777926,Louis Hendriks,3000,26.0
P01840,Electronics,Wireless Noise-Cancelling Headphones,Not happy with this product.,1,2022-05-02,C758576,Mila Maes,2000B,33.0
P06873,Clothing,Formal White Shirt,"It's okay, not great, not terrible.",3,2023-04-22,C845900,Mila Dubois,300,29.0
P09268,Office Supplies,Gel Ink Pens Pack,Not happy with this product.,1,2023-05-03,C649850,Arthur Claes,5000A,31.0
P01109,Electronics,Wireless Keyboard and Mouse Combo,"Good product, I'm satisfied.",4,21-03-2022,C152036,Sophie Dubois,3000,41.0
P07169,Toys & Games,Educational Puzzle Set,"Good product, I'm satisfied.",4,2022-08-06,C662975,Mila Hendriks,1050,
P10498,Garden,Indoor Plant Pot,Not happy with this product.,1,2021-05-15,C668585,Zoë Martens,1050,26.0
P02578,Home & Kitchen,Stainless Steel Cookware Set,"Good product, I'm satisfied.",5,14-12-2024,C192591,Finn Peeters,2000,37.0
P02983,Home & Kitchen,Electric Kettle 1.7L,Not happy with this product.,2,2021-04-20,C524067,Mila Claes,,23.0
P01848,Electronics,Laptop Stand Aluminum,"Good product, I'm satisfied.",4,2023/04/07,C560997,Arthur Maes,9000,42.0
P07130,Toys & Games,Plush Teddy Bear,Not happy with this product.,2,2021-11-12,C558856,Arthur Lefevre,,32.0
P02529,Home & Kitchen,Espresso Coffee Machine,Not happy with this product.,1,2021-12-23,C607872,Léa Vermeulen,,22.0
P01161,Electronics,Bluetooth Portable Speaker,"Good product, I'm satisfied.",4,2021-04-19,C397809,Noah Bosmans,2000B,36.0
P02591,Home & Kitchen,Memory Foam Pillow,"It's okay, not great, not terrible.",3,2024-06-16,C369600,Louis Maes,1011B,30.0
P02943,Home & Kitchen,Dish Drying Rack,Not happy with this product.,2,2023/11/29,C265132,Mila Dubois,3500,71.0
P02176,Home & Kitchen,Memory Foam Pillow,"Good product, I'm satisfied.",4,22-10-2022,C295971,Olivia Janssen,2018,30.0
P03579,Beauty,Matte Liquid Lipstick,"It's okay, not great, not terrible.",3,2021-12-08,C478108,Ava Bosmans,3000,26.0
P04767,Books,Thriller Novel: The Last Signal,"Good product, I'm satisfied.",5,2024-08-21,C563621,Arthur Martens,9000,42.0
P05851,Groceries,Extra Virgin Olive Oil,"Good product, I'm satisfied.",4,27-03-2023,C955217,Liam Claes,9000,30.0
P08354,Sports & Outdoors,Running Shorts,"Good product, I'm satisfied.",5,02-02-2024,C630450,Olivia Maes,3000,45.0
P02103,Home & Kitchen,Vacuum Cleaner Pro,Not happy with this product.,1,2024/03/03,C843002,Zoë Martens,9000,30.0
P02840,Home & Kitchen,Stainless Steel Cookware Set,"Good product, I'm satisfied.",4,2022-07-15,C721309,Lucas Bosmans,2000,32.0
P07436,Toys & Games,Educational Puzzle Set,"Good product, I'm satisfied.",4,2023-11-09,C209106,Ava Vermeulen,5000,37.0
P01660,Electronics,Bluetooth Portable Speaker,"Good product, I'm satisfied.",4,04-01-2021,C654380,Noor De Wilde,,22.0
P06733,Clothing,Running Shoes,"Good product, I'm satisfied.",4,14-11-2024,C952631,Finn Martens,1011A,28.0
P07459,Toys & Games,Educational Puzzle Set,"Good product, I'm satisfied.",4,2023-11-12,C983360,Sophie De Smet,3500,34.0
P07203,Toys & Games,Building Blocks Set,"Good product, I'm satisfied.",5,2024-05-24,C272420,Olivia Dubois,5000,21.0
P02247,Home & Kitchen,Air Purifier with HEPA Filter,"It's okay, not great, not terrible.",3,2024/12/03,C746910,Ava Martens,1050,21.0
P01170,Electronics,Bluetooth Portable Speaker,"It's okay, not great, not terrible.",3,2023-01-08,C591018,,2018,20.0
P01114,Electronics,Gaming Mouse Pro Series,"Good product, I'm satisfied.",4,2022/10/04,C346433,Emma Hendriks,3010,18.0
P01687,Electronics,Laptop Stand Aluminum,"It's okay, not great, not terrible.",3,2022-07-30,C512295,Finn Dubois,1011B,34.0
P01568,Electronics,Laptop Stand Aluminum,It does what it needs to do. The laptop stand aluminum works fine but there are a few minor issues.,3,2023-10-30,C772248,Olivia Lefevre,9000,44.0
P01999,Electronics,Bluetooth Portable Speaker,"Good product, I'm satisfied.",4,2024-07-02,C982027,Sophie Janssen,1180,22.0
P02763,Home & Kitchen,Air Purifier with HEPA Filter,Not happy with this product.,2,2023-06-10,C640687,Adam De Wilde,3010B,63.0
P01584,Electronics,Bluetooth Portable Speaker,,2,2023-02-23,C526944,Arthur De Wilde,3010,39.0
P06220,Clothing,Basic Cotton T-Shirt,"Good product, I'm satisfied.",4,2021/05/14,C800771,Arthur Maes,1180,43.0
P09589,Office Supplies,Wireless Computer Mouse,"Good product, I'm satisfied.",5,2021-05-31,C234067,Noah Hendriks,1011,39.0
P08755,Sports & Outdoors,Yoga Mat Non-Slip,Not happy with this product.,2,2021-03-13,C278855,Mila Maes,9000,41.0
P02750,Home & Kitchen,Espresso Coffee Machine,Not happy with this product.,2,27-12-2021,C968962,Louis Bosmans,1011,70.0
P08349,Sports & Outdoors,Camping Lantern Rechargeable,"Good product, I'm satisfied.",5,2022-08-25,C439929,Arthur Peeters,1011,27.0
P02147,Home & Kitchen,Dish Drying Rack,Not happy with this product.,1,06-10-2024,C689445,Lucas Dubois,1050,38.0
P06486,Clothing,Formal White Shirt,"Good product, I'm satisfied.",5,2024-10-23,C326636,Lucas De Smet,,34.0
P01100,Electronics,Wireless Keyboard and Mouse Combo,"Good product, I'm satisfied.",4,06-10-2023,C363976,Léa Lefevre,1050,45.0
P06493,Clothing,Lightweight Hoodie,"Good product, I'm satisfied.",4,17-03-2023,C791095,Olivia Bosmans,2000,20.0
P03268,Beauty,Hydrating Face Serum,"Good product, I'm satisfied.",5,20-04-2024,C848947,Léa Hendriks,1050,24.0
P02928,Home & Kitchen,Espresso Coffee Machine,"Good product, I'm satisfied.",4,2022-06-22,C224655,,200,53.0
P02422,Home & Kitchen,Vacuum Cleaner Pro,"It's okay, not great, not terrible.",3,2022-02-22,C526528,Sophie De Smet,3000A,42.0
P01772,Electronics,Wireless Keyboard and Mouse Combo,"It's okay, not great, not terrible.",3,21-07-2022,C483123,Mila Peeters,,27.0
P04282,Books,Beginner's Guide to Python,Not happy with this product.,1,10-01-2022,C869919,Lucas Lefevre,,36.0
P02457,Home & Kitchen,Espresso Coffee Machine,"Good product, I'm satisfied.",5,2022-12-06,C679535,Emma Hendriks,3010,41.0
P04433,Books,Cookbook: Easy Weeknight Meals,Not happy with this product.,1,2024-11-23,C682849,Arthur Vermeulen,5000,38.0
P03340,Beauty,Matte Liquid Lipstick,Not happy with this product.,1,2022-10-06,C276466,Louis Peeters,1050A,38.0
P05396,Groceries,Whole Bean Coffee Dark Roast,Absolutely love this product. I use it almost every day for groceries tasks and it performs very well.,5,2024-01-14,C285083,Finn De Wilde,3500,45.0
P01419,Electronics,Laptop Stand Aluminum,"Good product, I'm satisfied.",5,2024-05-28,C913172,Emma Claes,3010,30.0
P06236,Clothing,Running Shoes,"Good product, I'm satisfied.",4,2023/02/11,C219544,Finn De Wilde,1011,25.0
P02364,Home & Kitchen,Vacuum Cleaner Pro,Not happy with this product.,1,2023-04-09,C705502,Sophie De Wilde,2018,36.0
P08190,Sports & Outdoors,Running Shorts,"It's okay, not great, not terrible.",3,2022-11-03,C392369,Mila Martens,3500,20.0
P02250,Home & Kitchen,Electric Kettle 1.7L,"Good product, I'm satisfied.",5,03-07-2021,C745912,Finn Dubois,3500,31.0
P01225,Electronics,Smartphone Fast Charger,"Good product, I'm satisfied.",5,2023-02-02,C445921,Adam Dubois,9000,42.0
P08890,Sports & Outdoors,Yoga Mat Non-Slip,"It's okay, not great, not terrible.",3,13-02-2024,C336838,Arthur Peeters,201,56.0
P01703,Electronics,4K Ultra HD Smart TV,,3,2023-07-14,C542159,Louis Martens,3000,44.0
P01174,Electronics,Wireless Keyboard and Mouse Combo,Not happy with this product.,2,26-12-2021,C435940,Arthur De Smet,1011,38.0
P02618,Home & Kitchen,Dish Drying Rack,"Good product, I'm satisfied.",4,08-12-2022,C771712,Ava De Smet,2018B,
P02517,Home & Kitchen,Stainless Steel Cookware Set,"Good product, I'm satisfied.",5,2023-08-27,C752442,Arthur Janssen,3000,25.0
P06488,Clothing,Lightweight Hoodie,"Good product, I'm satisfied.",5,2024/10/12,C968271,Liam Lefevre,105,37.0
P03128,Beauty,Nourishing Shampoo,"Good product, I'm satisfied.",4,06-11-2021,C715914,Arthur Bosmans,1011,31.0
P04162,Books,Cookbook: Easy Weeknight Meals,"It's okay, not great, not terrible.",3,2022/07/24,C937489,Adam Janssen,9000,43.0
P01155,Electronics,Smartphone Fast Charger,"Good product, I'm satisfied.",4,2021-05-07,C487085,Mila Maes,300,21.0
P02835,Home & Kitchen,Air Purifier with HEPA Filter,"It's okay, not great, not terrible.",3,30-10-2021,C830180,Mila Claes,2000,18.0
P02423,Home & Kitchen,Vacuum Cleaner Pro,Not happy with this product.,2,2022-01-30,C565025,Mila Janssen,5000,27.0
P06980,Clothing,Lightweight Hoodie,"Good product, I'm satisfied.",4,2022-02-06,C686455,Adam Janssen,1050,27.0
P06763,Clothing,Formal White Shirt,"Good product, I'm satisfied.",5,2024-11-18,C558934,Emma Maes,1011,32.0
P10944,Garden,Garden Hose 20m,"Good product, I'm satisfied.",4,2024-05-09,C541885,Liam Peeters,3010,
P06440,Clothing,Basic Cotton T-Shirt,Not happy with this product.,2,01-01-2023,C662361,Noah Martens,3000,39.0
P01627,Electronics,Gaming Mouse Pro Series,Not happy with this product.,1,11-03-2022,C944972,Lucas Hendriks,5000,19.0
P07869,Toys & Games,Educational Puzzle Set,Not happy with this product.,2,2023-10-21,C363643,Noor Lefevre,2000,36.0
P08497,Sports & Outdoors,Camping Lantern Rechargeable,"Good product, I'm satisfied.",4,2021-02-04,C573039,Sophie Lefevre,,44.0
P01273,Electronics,Gaming Mouse Pro Series,Not happy with this product.,2,2022/08/05,C361623,Sophie Dubois,3000,35.0
P02229,Home & Kitchen,Electric Kettle 1.7L,"Good product, I'm satisfied.",4,2023-03-09,C925908,,2018,19.0
P01758,Electronics,Wireless Keyboard and Mouse Combo,Not happy with this product.,1,2023-11-04,C766748,Léa Dubois,2000,33.0
P01914,Electronics,USB-C Docking Station,"It's okay, not great, not terrible.",3,2022-10-18,C435260,Emma Maes,1011,26.0
P08297,Sports & Outdoors,Running Shorts,"Good product, I'm satisfied.",5,2023-01-29,C401009,Sophie Bosmans,301,18.0
P02156,Home & Kitchen,Vacuum Cleaner Pro,"It's okay, not great, not terrible.",3,2023-06-05,C689223,Olivia Hendriks,1180,39.0
P02300,Home & Kitchen,Dish Drying Rack,"It's okay, not great, not terrible.",3,2024-07-31,C247172,Lucas De Wilde,3500,33.0
P02328,Home & Kitchen,Air Purifier with HEPA Filter,Not happy with this product.,1,2023-08-21,C964973,Adam Peeters,2000,21.0
P03191,Beauty,Volumizing Mascara,"It's okay, not great, not terrible.",3,2022-12-13,C540181,Adam De Smet,2000,25.0
P06409,Clothing,Lightweight Hoodie,"Good product, I'm satisfied.",5,2023-10-20,C154325,,3500B,30.0
P02471,Home & Kitchen,Non-Stick Frying Pan,"Good product, I'm satisfied.",4,2023-07-04,C753505,Zoë Martens,3500,42.0
P05547,Groceries,Granola with Nuts,"Good product, I'm satisfied.",4,2023-06-26,C461518,Zoë Peeters,1011,43.0
P01237,Electronics,Wireless Noise-Cancelling Headphones,"Good product, I'm satisfied.",5,2022-03-18,C446228,Mila De Wilde,2000,33.0
P05750,Groceries,Whole Bean Coffee Dark Roast,Not happy with this product.,2,14-01-2024,C206159,Finn Claes,200,31.0
P08634,Sports & Outdoors,Camping Lantern Rechargeable,"Good product, I'm satisfied.",4,2023-05-29,C541119,Lucas Janssen,5000,43.0
P08220,Sports & Outdoors,Running Shorts,,4,2023-06-15,C891328,Emma Janssen,2018,32.0
P02368,Home & Kitchen,Stainless Steel Cookware Set,"Good product, I'm satisfied.",5,2021/04/18,C971412,Zoë Martens,1050,
P07145,Toys & Games,Strategy Board Game,"Good product, I'm satisfied.",4,08-09-2024,C599135,Arthur Vermeulen,2000,31.0
P01431,Electronics,Smartphone Fast Charger,"Good product, I'm satisfied.",4,2021-03-03,C899685,Noah Vermeulen,1180,33.0
P02287,Home & Kitchen,Memory Foam Pillow,"Good product, I'm satisfied.",4,2022/07/19,C560282,,2018,24.0
P06129,Clothing,Formal White Shirt,"It's okay, not great, not terrible.",3,2022/11/24,C972460,Olivia De Smet,5000,23.0
P02810,Home & Kitchen,Electric Kettle 1.7L,Not happy with this product.,2,2021-06-01,C615060,Noah Peeters,5000,24.0
P01667,Electronics,Gaming Mouse Pro Series,"Good product, I'm satisfied.",5,19-05-2023,C616791,Léa Janssen,3500,42.0
P08543,Sports & Outdoors,Yoga Mat Non-Slip,"Good product, I'm satisfied.",4,21-09-2024,C793856,Arthur De Smet,118,22.0
P02945,Home & Kitchen,Dish Drying Rack,"It's okay, not great, not terrible.",3,18-05-2022,C866536,Finn Vermeulen,3000,39.0
P08390,Sports & Outdoors,Camping Lantern Rechargeable,"Good product, I'm satisfied.",4,2021-05-24,C315893,Noah Vermeulen,1050,38.0
P04567,Books,Cookbook: Easy Weeknight Meals,Not happy with this product.,2,2023-05-30,C249337,Olivia Dubois,1180,35.0
P09987,Office Supplies,Ergonomic Office Chair,"Good product, I'm satisfied.",5,2022-09-08,C233689,Mila De Smet,201,40.0
P05303,Groceries,Whole Bean Coffee Dark Roast,"Good product, I'm satisfied.",5,2021-07-19,C354734,Lucas Vermeulen,500,37.0
P07913,Toys & Games,Strategy Board Game,Not happy with this product.,1,2023-04-07,C710341,Zoë Hendriks,1180,33.0
P06327,Clothing,Running Shoes,"Good product, I'm satisfied.",5,2022-02-08,C923407,Zoë De Smet,5000,41.0
P09223,Office Supplies,Wireless Computer Mouse,Not happy with this product.,1,2024-05-19,C732319,,3000,34.0
P06917,Clothing,Running Shoes,"Good product, I'm satisfied.",5,27-12-2022,C421172,,1050,28.0
P04646,Books,Cookbook: Easy Weeknight Meals,"Good product, I'm satisfied.",5,10-01-2021,C220808,Arthur Hendriks,1050,24.0
P01504,Electronics,Laptop Stand Aluminum,"Good product, I'm satisfied.",5,10-03-2023,C362035,Olivia Bosmans,,32.0
P02477,Home & Kitchen,Air Purifier with HEPA Filter,"It's okay, not great, not terrible.",3,2023-08-31,C795611,Noor De Wilde,1180,72.0
P05409,Groceries,Gluten-Free Pasta,"It's okay, not great, not terrible.",3,2023-03-17,C624681,Léa Peeters,1180,41.0
P02620,Home & Kitchen,Vacuum Cleaner Pro,Not happy with this product.,1,2023-10-13,C643027,Emma Martens,5000,43.0
P07599,Toys & Games,Strategy Board Game,"Good product, I'm satisfied.",5,2023-12-17,C209612,,1050,39.0
P04607,Books,Beginner's Guide to Python,"It's okay, not great, not terrible.",3,2022-02-27,C242640,Emma Hendriks,1011,44.0
P02243,Home & Kitchen,Espresso Coffee Machine,"It's okay, not great, not terrible.",3,04-02-2024,C596642,Mila De Wilde,1011,29.0
P01607,Electronics,Laptop Stand Aluminum,Not happy with this product.,2,21-01-2021,C762664,Olivia Martens,118,43.0
P01437,Electronics,Laptop Stand Aluminum,"Good product, I'm satisfied.",4,2021-10-03,C757462,,2018,41.0
P02348,Home & Kitchen,Dish Drying Rack,"It's okay, not great, not terrible.",3,2023-06-20,C157000,Sophie Maes,2018,49.0
P05841,Groceries,Granola with Nuts,"Good product, I'm satisfied.",5,2024-06-28,C273061,Adam Claes,1180,27.0
P07941,Toys & Games,Educational Puzzle Set,Not happy with this product.,2,16-01-2023,C817032,Ava Janssen,5000,29.0
P01418,Electronics,Wireless Noise-Cancelling Headphones,"Good product, I'm satisfied.",5,01-01-2024,C713838,,1050A,44.0
P05787,Groceries,Granola with Nuts,"Good product, I'm satisfied.",5,2024/09/08,C475911,Noor Vermeulen,3500,
P02673,Home & Kitchen,Non-Stick Frying Pan,"Good product, I'm satisfied.",4,30-12-2024,C766585,Emma Claes,3010,71.0
P01385,Electronics,Wireless Keyboard and Mouse Combo,Not happy with this product.,2,2024/11/19,C585126,Olivia De Wilde,300,57.0
P03223,Beauty,Hydrating Face Serum,Not happy with this product.,2,2021-02-08,C790229,Zoë Maes,9000,43.0
P01579,Electronics,USB-C Docking Station,Not happy with this product.,2,2023-09-24,C357633,Adam Bosmans,3010,26.0
P01180,Electronics,Laptop Stand Aluminum,"It's okay, not great, not terrible.",3,08-04-2021,C580259,Olivia Claes,1050,30.0
P10378,Garden,LED Grow Light,"Good product, I'm satisfied.",5,24-07-2022,C343269,Noor Maes,9000,27.0
P10838,Garden,Indoor Plant Pot,Not happy with this product.,1,2021-05-15,C152260,Finn Vermeulen,,29.0
P01237,Electronics,4K Ultra HD Smart TV,"Good product, I'm satisfied.",5,2021-04-22,C931765,,3500A,42.0
P05267,Groceries,Gluten-Free Pasta,"Good product, I'm satisfied.",4,07-12-2023,C512892,Liam Martens,2018,37.0
P02798,Home & Kitchen,Espresso Coffee Machine,"It's okay, not great, not terrible.",3,23-05-2024,C944533,Noor Peeters,3010,42.0
P10597,Garden,Indoor Plant Pot,Not happy with this product.,2,2024-01-19,C978007,Zoë De Wilde,3000,27.0
P10911,Garden,Garden Hose 20m,"Good product, I'm satisfied.",4,2021-12-05,C903023,Olivia Martens,3500,34.0
P02509,Home & Kitchen,Stainless Steel Cookware Set,"It's okay, not great, not terrible.",3,01-04-2024,C700446,Léa Vermeulen,1011,27.0
P01769,Electronics,USB-C Docking Station,"Good product, I'm satisfied.",4,2023-05-08,C607672,Finn De Smet,3500,38.0
P08982,Sports & Outdoors,Camping Lantern Rechargeable,"Good product, I'm satisfied.",5,2023-08-27,C787132,Lucas Vermeulen,9000,36.0
P01411,Electronics,Wireless Keyboard and Mouse Combo,"Good product, I'm satisfied.",5,2022-10-28,C828512,Mila De Smet,9000,18.0
P02639,Home & Kitchen,Espresso Coffee Machine,,3,2022-01-03,C561412,Finn Janssen,3000,34.0
P01249,Electronics,Wireless Keyboard and Mouse Combo,"Good product, I'm satisfied.",4,2021/09/26,C272734,Léa Hendriks,2000,28.0
P05946,Groceries,Organic Almond Milk,"It's okay, not great, not terrible.",3,2022-12-11,C943085,Olivia Lefevre,101,37.0
P01917,Electronics,Smartphone Fast Charger,"Good product, I'm satisfied.",5,2023-07-07,C649033,Ava Bosmans,1180,38.0
P07153,Toys & Games,Strategy Board Game,"Good product, I'm satisfied.",4,2021-07-03,C301807,Adam Martens,3500,67.0
P06881,Clothing,Formal White Shirt,"Good product, I'm satisfied.",4,2022-04-01,C291961,Sophie Martens,1011,20.0
P10909,Garden,Indoor Plant Pot,"Good product, I'm satisfied.",4,2021-01-02,C774554,Noor Martens,3500,20.0
P10469,Garden,Garden Hose 20m,"It's okay, not great, not terrible.",3,2023-04-01,C656473,Ava Claes,9000B,42.0
P02824,Home & Kitchen,Non-Stick Frying Pan,,3,2023-06-16,C775179,Léa Lefevre,105,45.0
P09590,Office Supplies,Wireless Computer Mouse,"It's okay, not great, not terrible.",3,2022/03/12,C970269,Adam De Wilde,9000,33.0
P06818,Clothing,Basic Cotton T-Shirt,"Good product, I'm satisfied.",4,2023-10-12,C315025,Noor Dubois,3500,25.0
P04746,Books,Psychology of Habits,"Good product, I'm satisfied.",5,2021/02/24,C770983,Lucas Martens,3000,33.0
P02970,Home & Kitchen,Electric Kettle 1.7L,"Good product, I'm satisfied.",4,26-04-2022,C811976,Olivia Lefevre,1050,33.0
P06332,Clothing,Lightweight Hoodie,"Good product, I'm satisfied.",4,28-10-2021,C451284,Liam Lefevre,1011,36.0
P10961,Garden,Herb Seeds Mix,"It's okay, not great, not terrible.",3,2024-12-05,C512359,Louis Janssen,3500B,26.0
P01513,Electronics,Wireless Keyboard and Mouse Combo,"It's okay, not great, not terrible.",3,2023-03-07,C699181,Ava Peeters,1011,41.0
P08414,Sports & Outdoors,Stainless Steel Water Bottle,"It's okay, not great, not terrible.",3,19-01-2024,C447871,Louis Dubois,201,18.0
P08152,Sports & Outdoors,Yoga Mat Non-Slip,Not happy with this product.,1,13-08-2021,C644094,Adam Bosmans,5000,44.0
P02541,Home & Kitchen,Air Purifier with HEPA Filter,Not happy with this product.,1,2024/03/03,C689756,Emma Bosmans,9000,39.0
P10691,Garden,Herb Seeds Mix,"Good product, I'm satisfied.",5,2021-10-25,C933426,Finn De Smet,105,41.0
P08886,Sports & Outdoors,Camping Lantern Rechargeable,"It's okay, not great, not terrible.",3,2022-10-12,C554153,Noah Lefevre,3010,40.0
P02297,Home & Kitchen,Stainless Steel Cookware Set,"Good product, I'm satisfied.",4,2022-09-19,C387918,Ava Lefevre,1180,45.0
P01332,Electronics,Laptop Stand Aluminum,Not happy with this product.,2,27-04-2024,C149763,Zoë Dubois,201,40.0
P08709,Sports & Outdoors,Yoga Mat Non-Slip,"Good product, I'm satisfied.",4,2024-03-12,C171262,Sophie De Smet,3010A,43.0
P02225,Home & Kitchen,Dish Drying Rack,"Good product, I'm satisfied.",5,27-06-2022,C953160,Ava Janssen,301,19.0
P02960,Home & Kitchen,Air Purifier with HEPA Filter,"Good product, I'm satisfied.",5,2024-11-03,C768364,Zoë De Smet,1011,45.0
P01980,Electronics,Laptop Stand Aluminum,"Good product, I'm satisfied.",4,22-05-2023,C578180,Zoë Bosmans,5000,39.0
P02700,Home & Kitchen,Non-Stick Frying Pan,"Good product, I'm satisfied.",4,2023-07-10,C576503,Lucas Vermeulen,1011,54.0
P02589,Home & Kitchen,Stainless Steel Cookware Set,"It's okay, not great, not terrible.",3,2024/08/25,C873423,Zoë Janssen,1050,45.0
P06145,Clothing,Formal White Shirt,Not happy with this product.,2,2022-08-23,C419626,Léa Maes,201,36.0
P01375,Electronics,Bluetooth Portable Speaker,"Good product, I'm satisfied.",4,2023-02-13,C810130,Arthur Dubois,2018,30.0
P09110,Office Supplies,Wireless Computer Mouse,Not happy with this product.,2,2023/04/06,C290597,Mila Vermeulen,1011,34.0
P02122,Home & Kitchen,Dish Drying Rack,Not happy with this product.,2,2022-01-31,C276718,Ava De Wilde,5000,34.0
P03970,Beauty,Volumizing Mascara,"Good product, I'm satisfied.",4,2023-04-22,C499985,Mila Peeters,3010,39.0
P10955,Garden,LED Grow Light,"Good product, I'm satisfied.",5,2022/08/08,C415349,Léa Peeters,5000,37.0
P09529,Office Supplies,Gel Ink Pens Pack,"Good product, I'm satisfied.",5,2024-11-22,C803632,Léa Dubois,1050,33.0
P04988,Books,Psychology of Habits,"Good product, I'm satisfied.",4,2024-06-29,C609754,Lucas Dubois,1050,30.0
P03670,Beauty,Anti-Frizz Hair Oil,"Good product, I'm satisfied.",4,2022-04-20,C197657,Louis Vermeulen,1050,41.0
P02685,Home & Kitchen,Stainless Steel Cookware Set,"Good product, I'm satisfied.",5,29-05-2024,C963319,Emma Bosmans,500,45.0
P02184,Home & Kitchen,Stainless Steel Cookware Set,"Good product, I'm satisfied.",5,2022-07-17,C943542,Sophie Maes,,25.0
P02126,Home & Kitchen,Non-Stick Frying Pan,"Good product, I'm satisfied.",5,2024-01-12,C659333,Finn Janssen,3000,32.0
P10249,Garden,LED Grow Light,"Good product, I'm satisfied.",5,2024-01-01,C458719,Olivia Maes,1050B,21.0
P02871,Home & Kitchen,Air Purifier with HEPA Filter,"Good product, I'm satisfied.",5,2022-06-14,C736968,Noah Bosmans,5000,33.0
P02848,Home & Kitchen,Vacuum Cleaner Pro,Not happy with this product.,2,2024-07-20,C656690,Zoë Hendriks,2000,25.0
P01137,Electronics,Bluetooth Portable Speaker,"Good product, I'm satisfied.",5,2021-10-30,C183312,Emma De Wilde,500,34.0
P02922,Home & Kitchen,Electric Kettle 1.7L,"Good product, I'm satisfied.",5,2021/03/28,C361092,Léa Dubois,3010,58.0
P06626,Clothing,Slim Fit Jeans,"Good product, I'm satisfied.",4,2024/11/02,C489804,Zoë Maes,2000,25.0
P02511,Home & Kitchen,Dish Drying Rack,Not happy with this product.,2,2024-05-28,C576490,Olivia De Wilde,500,59.0
P03943,Beauty,Anti-Frizz Hair Oil,Not happy with this product.,2,2022-12-10,C888669,Sophie Janssen,3010,26.0
P01152,Electronics,Bluetooth Portable Speaker,"Good product, I'm satisfied.",4,2024-03-15,C388568,Liam Janssen,500,26.0
P02143,Home & Kitchen,Memory Foam Pillow,Not happy with this product.,1,17-07-2024,C264569,Ava Vermeulen,,21.0
P01236,Electronics,USB-C Docking Station,"Good product, I'm satisfied.",5,2021/09/09,C945306,Ava Janssen,5000,29.0
P01761,Electronics,Wireless Keyboard and Mouse Combo,"Good product, I'm satisfied.",4,2022-12-15,C642001,Liam Vermeulen,1050,22.0
P06144,Clothing,Lightweight Hoodie,"Good product, I'm satisfied.",5,31-08-2024,C840821,Liam Maes,9000,19.0
P01414,Electronics,Wireless Keyboard and Mouse Combo,Not happy with this product.,1,2022-07-27,C851260,Finn Hendriks,3000,26.0
P02753,Home & Kitchen,Dish Drying Rack,"Good product, I'm satisfied.",5,2023-02-15,C327119,Noah Dubois,1180,27.0
P02267,Home & Kitchen,Espresso Coffee Machine,"Good product, I'm satisfied.",5,21-03-2022,C193379,Liam Dubois,,33.0
P06728,Clothing,Basic Cotton T-Shirt,"Good product, I'm satisfied.",5,2022-02-03,C166719,Noor Lefevre,3010,72.0
P04982,Books,Marketing Strategy Handbook,Not happy with this product.,1,14-03-2024,C138607,Ava Claes,3000A,22.0
P02333,Home & Kitchen,Air Purifier with HEPA Filter,"Good product, I'm satisfied.",4,2023-04-20,C715754,Olivia Janssen,5000,21.0
P07177,Toys & Games,Educational Puzzle Set,"Good product, I'm satisfied.",5,2024/10/13,C247594,Léa De Smet,2018,18.0
P01726,Electronics,Gaming Mouse Pro Series,"Good product, I'm satisfied.",4,2022-10-02,C550162,Emma Vermeulen,5000B,29.0
P01600,Electronics,Smartphone Fast Charger,"Good product, I'm satisfied.",4,2023-10-21,C507652,Liam Maes,,35.0
P06685,Clothing,Formal White Shirt,"Good product, I'm satisfied.",5,2023-04-15,C776526,Sophie Hendriks,2000,29.0
P02188,Home & Kitchen,Stainless Steel Cookware Set,,2,2021-08-22,C680584,Zoë De Wilde,1011,32.0
P06172,Clothing,Lightweight Hoodie,"Good product, I'm satisfied.",5,2021-08-06,C599864,Emma Lefevre,1180,38.0
P02723,Home & Kitchen,Electric Kettle 1.7L,"Good product, I'm satisfied.",4,25-07-2024,C308334,Arthur Maes,2000,28.0
P02164,Home & Kitchen,Memory Foam Pillow,"Good product, I'm satisfied.",4,03-02-2021,C216242,Adam Claes,3010,38.0
P05559,Groceries,Whole Bean Coffee Dark Roast,"Good product, I'm satisfied.",5,2023-07-01,C545525,Olivia De Wilde,1011,71.0
P09134,Office Supplies,Wireless Computer Mouse,,4,2023-08-12,C862387,Noor Vermeulen,3000,31.0
P02252,Home & Kitchen,Stainless Steel Cookware Set,"Good product, I'm satisfied.",5,2021-04-25,C342683,Arthur Dubois,300,44.0
P02976,Home & Kitchen,Electric Kettle 1.7L,"Good product, I'm satisfied.",4,2023/09/13,C390951,Léa Claes,3000,39.0
P05208,Groceries,Extra Virgin Olive Oil,"It's okay, not great, not terrible.",3,2023/07/16,C236378,Noah Martens,2018,27.0
P04661,Books,Psychology of Habits,"Good product, I'm satisfied.",5,16-02-2021,C644627,Mila Lefevre,9000,38.0
P03970,Beauty,Nourishing Shampoo,"Good product, I'm satisfied.",5,2024-03-26,C766380,Liam Martens,1180,45.0
P02127,Home & Kitchen,Vacuum Cleaner Pro,"Good product, I'm satisfied.",4,2024-09-28,C874793,Liam Hendriks,3500,26.0
P02897,Home & Kitchen,Vacuum Cleaner Pro,"Good product, I'm satisfied.",4,2021-12-29,C184736,Louis Martens,2000B,30.0
P07477,Toys & Games,Building Blocks Set,"It's okay, not great, not terrible.",3,2021-06-08,C190678,Mila Bosmans,1050,43.0
P09686,Office Supplies,Wireless Computer Mouse,"Good product, I'm satisfied.",4,2023-09-29,C928980,Sophie Vermeulen,301,35.0
P02454,Home & Kitchen,Dish Drying Rack,"Good product, I'm satisfied.",5,08-10-2023,C870723,Noor Janssen,2000,25.0
P09545,Office Supplies,Gel Ink Pens Pack,,4,2024-04-25,C907101,Arthur Janssen,2018,34.0
P01227,Electronics,Laptop Stand Aluminum,"Good product, I'm satisfied.",5,27-12-2022,C120381,Emma Dubois,3500B,43.0
P01276,Electronics,Laptop Stand Aluminum,"Good product, I'm satisfied.",4,2024/08/30,C296536,Sophie Janssen,1011,32.0
P01861,Electronics,Laptop Stand Aluminum,Not happy with this product.,2,11-06-2021,C590836,Louis Peeters,2018,33.0
P02920,Home & Kitchen,Dish Drying Rack,Not happy with this product.,1,2024-04-14,C661683,Sophie Bosmans,2018,55.0
P01896,Electronics,Laptop Stand Aluminum,"Good product, I'm satisfied.",5,16-01-2023,C302565,Léa Vermeulen,2000,25.0
P01500,Electronics,USB-C Docking Station,"Good product, I'm satisfied.",4,2023-10-22,C585556,Léa Hendriks,2000,27.0
P04246,Books,Psychology of Habits,"Good product, I'm satisfied.",4,2024-10-23,C239953,Noor Bosmans,3500,26.0
P03991,Beauty,Volumizing Mascara,"Good product, I'm satisfied.",5,2021-07-03,C591293,Noor Hendriks,301,53.0
P07247,Toys & Games,Educational Puzzle Set,"It's okay, not great, not terrible.",3,2023-04-12,C175714,Arthur Vermeulen,9000,31.0
P01641,Electronics,Wireless Noise-Cancelling Headphones,"Good product, I'm satisfied.",5,11-04-2024,C489351,Liam Peeters,3010,36.0
P01509,Electronics,Bluetooth Portable Speaker,"Good product, I'm satisfied.",5,2022-12-01,C884875,Arthur Janssen,1011,33.0
P01928,Electronics,USB-C Docking Station,"Good product, I'm satisfied.",4,2023-10-14,C741079,Noah Hendriks,3000,51.0
P02545,Home & Kitchen,Electric Kettle 1.7L,"Good product, I'm satisfied.",5,2024-04-08,C852658,Zoë Martens,2018,
P01534,Electronics,Bluetooth Portable Speaker,"Good product, I'm satisfied.",5,2021-06-13,C657540,Léa Lefevre,1050,33.0
P06164,Clothing,Lightweight Hoodie,"It's okay, not great, not terrible.",3,26-03-2023,C866964,Arthur Dubois,2000B,21.0
P01311,Electronics,Wireless Noise-Cancelling Headphones,"Good product, I'm satisfied.",4,2021-08-29,C773218,Sophie Vermeulen,1050,31.0
P01359,Electronics,USB-C Docking Station,"Good product, I'm satisfied.",4,10-03-2021,C627217,Zoë Janssen,5000,68.0
P01838,Electronics,Bluetooth Portable Speaker,"Good product, I'm satisfied.",4,2022/06/07,C223136,Ava Maes,3000A,24.0
P02351,Home & Kitchen,Non-Stick Frying Pan,"Good product, I'm satisfied.",4,2022-12-07,C821280,Adam Hendriks,3500,31.0
P02313,Home & Kitchen,Stainless Steel Cookware Set,Not happy with this product.,2,09-11-2022,C362347,Zoë Maes,1011,23.0
P01462,Electronics,Gaming Mouse Pro Series,,4,19-01-2023,C552048,Emma Martens,9000,27.0
P04611,Books,Psychology of Habits,"Good product, I'm satisfied.",5,31-12-2022,C429439,,3500A,40.0
P02399,Home & Kitchen,Stainless Steel Cookware Set,"Good product, I'm satisfied.",5,2023-01-15,C951089,Mila Bosmans,2018,28.0
P04261,Books,Cookbook: Easy Weeknight Meals,Quality feels premium and durable. I use it almost every day for books tasks and it performs very well.,5,12-10-2021,C204027,Louis Vermeulen,2000,42.0
P05948,Groceries,Granola with Nuts,"It's okay, not great, not terrible.",3,2024-02-15,C232544,Louis Maes,5000,29.0
P01581,Electronics,Wireless Noise-Cancelling Headphones,"Good product, I'm satisfied.",5,2024-07-09,C600572,Liam Hendriks,2018B,43.0
P02404,Home & Kitchen,Electric Kettle 1.7L,"It's okay, not great, not terrible.",3,31-01-2024,C349087,Liam Janssen,3500A,34.0
P02382,Home & Kitchen,Non-Stick Frying Pan,"Good product, I'm satisfied.",4,2022-08-21,C214062,Ava Dubois,9000B,33.0
P01316,Electronics,Smartphone Fast Charger,"Good product, I'm satisfied.",4,2023-11-01,C254985,Lucas Hendriks,1180,65.0
P01404,Electronics,Laptop Stand Aluminum,"Good product, I'm satisfied.",5,19-10-2022,C961656,Finn Martens,1011,57.0
P01449,Electronics,Wireless Keyboard and Mouse Combo,"Good product, I'm satisfied.",5,2024-04-02,C150633,Finn Maes,1180,30.0
P07496,Toys & Games,Building Blocks Set,"Good product, I'm satisfied.",5,2022-05-24,C116217,Sophie De Smet,,20.0
P04563,Books,Thriller Novel: The Last Signal,"Good product, I'm satisfied.",5,2022-05-03,C235785,Noor Janssen,1180,38.0
P07158,Toys & Games,Building Blocks Set,Not happy with this product.,2,05-12-2021,C192906,Noor Vermeulen,1180,28.0
P02243,Home & Kitchen,Vacuum Cleaner Pro,"Good product, I'm satisfied.",4,2024/06/18,C494038,Sophie Janssen,3010,28.0
P07129,Toys & Games,Strategy Board Game,"Good product, I'm satisfied.",4,19-07-2023,C185000,Louis Bosmans,1011,26.0
P01689,Electronics,Bluetooth Portable Speaker,"Good product, I'm satisfied.",5,2023-03-17,C267486,Lucas Vermeulen,1011,27.0
P07632,Toys & Games,Plush Teddy Bear,Not happy with this product.,1,2024-01-11,C209444,Léa De Smet,9000,20.0
P01868,Electronics,4K Ultra HD Smart TV,"Good product, I'm satisfied.",4,2022/11/02,C741597,Léa Maes,3000,38.0
P06300,Clothing,Basic Cotton T-Shirt,"Good product, I'm satisfied.",5,2023/08/11,C525529,Ava Lefevre,301,26.0
P01353,Electronics,Bluetooth Portable Speaker,"Good product, I'm satisfied.",4,29-09-2022,C130731,Liam Bosmans,2018,19.0
P06936,Clothing,Slim Fit Jeans,"Good product, I'm satisfied.",5,2021-10-06,C932511,Louis Janssen,2000,22.0
P01872,Electronics,4K Ultra HD Smart TV,"Good product, I'm satisfied.",5,2022-12-10,C736934,Ava Vermeulen,301,23.0
P02371,Home & Kitchen,Memory Foam Pillow,"Good product, I'm satisfied.",4,2024-11-02,C921618,Louis Martens,9000,23.0
P09839,Office Supplies,Gel Ink Pens Pack,"Good product, I'm satisfied.",4,2022-04-04,C983289,,3500,21.0
P03109,Beauty,Anti-Frizz Hair Oil,"It's okay, not great, not terrible.",3,2022/10/20,C938541,Sophie Claes,1050,29.0
P01504,Electronics,Wireless Noise-Cancelling Headphones,Not happy with this product.,1,2022-05-06,C265405,Arthur Martens,3010,21.0
P02757,Home & Kitchen,Vacuum Cleaner Pro,"Good product, I'm satisfied.",4,2023/09/20,C365375,Lucas Maes,300,34.0
P10373,Garden,Indoor Plant Pot,Absolutely love this product. I use it almost every day for garden tasks and it performs very well.,5,2024-06-08,C722193,Ava De Wilde,,19.0
P09363,Office Supplies,Ergonomic Office Chair,"Good product, I'm satisfied.",4,2021-10-08,C950730,Ava Hendriks,1011,55.0
P01226,Electronics,Wireless Keyboard and Mouse Combo,"Good product, I'm satisfied.",5,2023-03-17,C940829,Noor De Wilde,3000,21.0
P07225,Toys & Games,Educational Puzzle Set,"Good product, I'm satisfied.",5,25-07-2022,C344181,Adam Lefevre,3010,24.0
P01799,Electronics,4K Ultra HD Smart TV,"Good product, I'm satisfied.",5,07-07-2023,C433742,,1011,34.0
P02650,Home & Kitchen,Electric Kettle 1.7L,"Good product, I'm satisfied.",5,2021-06-24,C896950,Zoë Martens,2000,37.0
P08658,Sports & Outdoors,Stainless Steel Water Bottle,"It's okay, not great, not terrible.",3,2023-10-05,C614208,Léa Vermeulen,1011B,45.0
P08808,Sports & Outdoors,Yoga Mat Non-Slip,"It's okay, not great, not terrible.",3,2022-08-17,C665789,Adam De Smet,5000,20.0
P09637,Office Supplies,Notebook A5 Lined,"Good product, I'm satisfied.",4,2022-08-02,C171921,Liam Janssen,3500,37.0
P02565,Home & Kitchen,Electric Kettle 1.7L,"Good product, I'm satisfied.",4,12-07-2024,C672604,Emma Janssen,301,70.0
P01735,Electronics,4K Ultra HD Smart TV,,5,2021-12-27,C154679,Finn Hendriks,5000,19.0
P04977,Books,Thriller Novel: The Last Signal,Not happy with this product.,2,03-02-2021,C204045,Liam Peeters,118,
P01124,Electronics,Wireless Keyboard and Mouse Combo,"It's okay, not great, not terrible.",3,2021-06-19,C324766,Louis Claes,1050,21.0
P01252,Electronics,Wireless Noise-Cancelling Headphones,"Good product, I'm satisfied.",4,2021-12-14,C672685,Mila Claes,3500,35.0
P02372,Home & Kitchen,Espresso Coffee Machine,Quality feels premium and durable. I use it almost every day for home & kitchen tasks and it performs very well.,4,2024/07/27,C806222,Olivia Peeters,2000,44.0
P01214,Electronics,4K Ultra HD Smart TV,Not happy with this product.,1,21-07-2023,C722853,Sophie Lefevre,350,44.0
P05136,Groceries,Granola with Nuts,"Good product, I'm satisfied.",4,2022-05-16,C130651,Noor Dubois,1180,72.0
P01706,Electronics,Smartphone Fast Charger,"Good product, I'm satisfied.",4,2024-04-26,C433451,Léa Bosmans,1050,43.0
P02105,Home & Kitchen,Stainless Steel Cookware Set,Not happy with this product.,2,2023-09-05,C514118,Liam Janssen,,65.0
P08644,Sports & Outdoors,Stainless Steel Water Bottle,Not happy with this product.,1,2024-08-23,C853358,Finn Dubois,1050,41.0
P08390,Sports & Outdoors,Camping Lantern Rechargeable,"Good product, I'm satisfied.",4,2023-08-22,C442631,Noah Martens,2000,42.0
P02484,Home & Kitchen,Air Purifier with HEPA Filter,Not happy with this product.,1,18-05-2024,C401489,Sophie Claes,1011,36.0
P03723,Beauty,Anti-Frizz Hair Oil,Not happy with this product.,2,2021-05-11,C396408,Ava Hendriks,1011,20.0
P02847,Home & Kitchen,Electric Kettle 1.7L,"Good product, I'm satisfied.",4,2021/08/29,C905967,Louis Vermeulen,9000B,40.0
P09116,Office Supplies,Ergonomic Office Chair,"Good product, I'm satisfied.",5,12-08-2022,C739509,Lucas Claes,9000B,28.0
P02836,Home & Kitchen,Memory Foam Pillow,"Good product, I'm satisfied.",5,2022-11-01,C217978,Noah Claes,2018,
P08317,Sports & Outdoors,Yoga Mat Non-Slip,Not happy with this product.,1,07-06-2023,C382187,Sophie De Wilde,3010,43.0
P02564,Home & Kitchen,Non-Stick Frying Pan,"Good product, I'm satisfied.",4,2024/04/25,C442531,Liam Janssen,2018,25.0
P01499,Electronics,Bluetooth Portable Speaker,"Good product, I'm satisfied.",4,27-12-2022,C954332,Zoë Claes,1011,23.0
P02896,Home & Kitchen,Memory Foam Pillow,"Good product, I'm satisfied.",4,13-10-2022,C383949,Zoë Lefevre,1050,38.0
P02979,Home & Kitchen,Stainless Steel Cookware Set,"Good product, I'm satisfied.",5,2023-08-01,C593554,Noah De Smet,9000,37.0
P09378,Office Supplies,Wireless Computer Mouse,"Good product, I'm satisfied.",5,2021-05-18,C566657,Léa Vermeulen,9000A,44.0
P01594,Electronics,4K Ultra HD Smart TV,"Good product, I'm satisfied.",4,2023-04-15,C900749,Mila Peeters,3500,41.0
P05947,Groceries,Granola with Nuts,Very easy to use and install. I use it almost every day for groceries tasks and it performs very well.,5,2023-05-19,C498951,Olivia Janssen,300,35.0
P02525,Home & Kitchen,Vacuum Cleaner Pro,"Good product, I'm satisfied.",4,30-07-2022,C337361,Olivia Peeters,1050,42.0
P06737,Clothing,Formal White Shirt,"Good product, I'm satisfied.",4,2024-12-20,C617435,Sophie Claes,3500,18.0
P02127,Home & Kitchen,Espresso Coffee Machine,"Good product, I'm satisfied.",4,2021-05-19,C174455,,3000,20.0
P01915,Electronics,USB-C Docking Station,"Good product, I'm satisfied.",4,21-11-2023,C828081,Emma Vermeulen,201,40.0
P02488,Home & Kitchen,Air Purifier with HEPA Filter,"Good product, I'm satisfied.",4,2021-10-25,C816712,Arthur Lefevre,1180B,35.0
P01282,Electronics,Smartphone Fast Charger,"Good product, I'm satisfied.",5,2021-04-06,C194979,Lucas Dubois,5000,21.0
P06697,Clothing,Lightweight Hoodie,"It's okay, not great, not terrible.",3,19-06-2022,C215005,Lucas Claes,9000,67.0
P03337,Beauty,SPF 50 Daily Sunscreen,Not happy with this product.,1,05-05-2022,C745073,Olivia Hendriks,3500B,20.0
P06800,Clothing,Running Shoes,"Good product, I'm satisfied.",5,2022-06-14,C850034,Finn Janssen,,41.0
P02581,Home & Kitchen,Non-Stick Frying Pan,"Good product, I'm satisfied.",5,14-05-2021,C892309,Arthur Claes,3500,43.0
P02996,Home & Kitchen,Air Purifier with HEPA Filter,"It's okay, not great, not terrible.",3,2022-09-24,C192525,Noor Lefevre,5000,43.0
P02935,Home & Kitchen,Espresso Coffee Machine,"Good product, I'm satisfied.",4,2023-09-23,C995123,Lucas Martens,900,44.0
P02336,Home & Kitchen,Stainless Steel Cookware Set,"Good product, I'm satisfied.",4,07-04-2021,C353952,Olivia Martens,1011,21.0
P07517,Toys & Games,Strategy Board Game,"Good product, I'm satisfied.",5,15-07-2023,C478498,Noor De Smet,1180,21.0
P03799,Beauty,SPF 50 Daily Sunscreen,"Good product, I'm satisfied.",4,24-01-2023,C289479,Noah Vermeulen,1180,33.0
P03632,Beauty,Hydrating Face Serum,"It's okay, not great, not terrible.",3,2022-10-09,C107543,Mila Hendriks,300,33.0
P08381,Sports & Outdoors,Running Shorts,Not happy with this product.,1,10-01-2024,C458325,Lucas Vermeulen,1050,32.0
P02806,Home & Kitchen,Dish Drying Rack,Not happy with this product.,1,09-12-2024,C745775,Liam Janssen,350,28.0
P07296,Toys & Games,Building Blocks Set,"Good product, I'm satisfied.",5,2023/11/06,C807857,Olivia Dubois,3500,41.0
P08460,Sports & Outdoors,Running Shorts,,5,2022-05-03,C303052,Lucas Lefevre,3010B,42.0
P01396,Electronics,4K Ultra HD Smart TV,"Good product, I'm satisfied.",4,04-06-2021,C188257,Finn Bosmans,5000,31.0
P05968,Groceries,Organic Almond Milk,"Good product, I'm satisfied.",5,10-10-2021,C489345,Lucas Hendriks,5000,29.0
P03614,Beauty,Anti-Frizz Hair Oil,"It's okay, not great, not terrible.",3,2022-06-25,C347872,Louis Vermeulen,3010,44.0
P01582,Electronics,Gaming Mouse Pro Series,"Good product, I'm satisfied.",4,2023/01/04,C442613,Adam Dubois,,33.0
P03440,Beauty,Anti-Frizz Hair Oil,"Good product, I'm satisfied.",4,2021/05/27,C927832,Finn Maes,,60.0
P01943,Electronics,Laptop Stand Aluminum,"Good product, I'm satisfied.",4,28-06-2024,C164942,Arthur Janssen,3500,23.0
P01716,Electronics,USB-C Docking Station,"Good product, I'm satisfied.",4,02-10-2021,C371572,Olivia Lefevre,500,18.0
P01777,Electronics,Laptop Stand Aluminum,"Good product, I'm satisfied.",5,12-05-2022,C418544,,2000,41.0
P08325,Sports & Outdoors,Camping Lantern Rechargeable,"Good product, I'm satisfied.",4,2023-06-12,C177101,Louis De Wilde,3010,29.0
P06518,Clothing,Basic Cotton T-Shirt,Not happy with this product.,1,2023-01-28,C582539,Lucas Janssen,3500,25.0
P01843,Electronics,Gaming Mouse Pro Series,"Good product, I'm satisfied.",4,2023-11-06,C301537,Louis Martens,1050,23.0
P01445,Electronics,4K Ultra HD Smart TV,"It's okay, not great, not terrible.",3,2022-05-08,C754688,Arthur Vermeulen,3010,22.0
P02485,Home & Kitchen,Electric Kettle 1.7L,"Good product, I'm satisfied.",4,2022-04-07,C292811,Léa Maes,3500,63.0
P06882,Clothing,Slim Fit Jeans,Not happy with this product.,1,2023/11/07,C269710,Finn Vermeulen,2000,27.0
P03355,Beauty,Volumizing Mascara,,1,06-01-2022,C540023,Sophie Lefevre,3010,40.0
P02157,Home & Kitchen,Non-Stick Frying Pan,"Good product, I'm satisfied.",4,29-06-2023,C571359,Mila Claes,2018,67.0
P10960,Garden,LED Grow Light,Not happy with this product.,1,16-09-2023,C677595,Sophie Peeters,1011A,33.0
P05536,Groceries,Gluten-Free Pasta,Not happy with this product.,2,2023-10-03,C771520,Finn Peeters,3000,64.0
P01130,Electronics,Gaming Mouse Pro Series,"Good product, I'm satisfied.",5,2023-03-11,C795803,Zoë Martens,3010,26.0
P02910,Home & Kitchen,Non-Stick Frying Pan,"Good product, I'm satisfied.",5,2024-08-09,C715756,Olivia Hendriks,2018,23.0
P03220,Beauty,SPF 50 Daily Sunscreen,"Good product, I'm satisfied.",4,2021-05-19,C923076,Ava De Wilde,,27.0
P02886,Home & Kitchen,Electric Kettle 1.7L,"Good product, I'm satisfied.",5,2024-05-31,C434424,Noah De Smet,3500,20.0
P08363,Sports & Outdoors,Running Shorts,"Good product, I'm satisfied.",4,2022/07/11,C656487,Louis Maes,2018,35.0
P01389,Electronics,Wireless Noise-Cancelling Headphones,"Good product, I'm satisfied.",5,08-06-2021,C806435,Emma Martens,1011,35.0
P02553,Home & Kitchen,Memory Foam Pillow,I would definitely recommend this. I use it almost every day for home & kitchen tasks and it performs very well.,5,2021-02-17,C257690,Arthur Lefevre,1011,38.0
P02152,Home & Kitchen,Memory Foam Pillow,"Good product, I'm satisfied.",5,08-01-2023,C577116,Finn De Wilde,1011,28.0
P01274,Electronics,USB-C Docking Station,"Good product, I'm satisfied.",5,11-06-2023,C694797,Liam Janssen,5000,32.0
P03934,Beauty,Nourishing Shampoo,,2,2022-05-27,C374538,Mila Janssen,2018,36.0
P02350,Home & Kitchen,Dish Drying Rack,"Good product, I'm satisfied.",5,2024-08-15,C585776,Sophie Bosmans,3010,30.0
P01439,Electronics,4K Ultra HD Smart TV,"Good product, I'm satisfied.",4,23-12-2023,C405946,Mila Peeters,2000,41.0
P03308,Beauty,Matte Liquid Lipstick,"Good product, I'm satisfied.",5,2024-10-26,C441614,Finn Martens,1180,35.0
P09743,Office Supplies,Gel Ink Pens Pack,"Good product, I'm satisfied.",5,2023-05-09,C532738,Adam Martens,350,41.0
P01470,Electronics,4K Ultra HD Smart TV,"Good product, I'm satisfied.",5,2022-11-01,C453214,Liam Claes,1180,21.0
P01679,Electronics,4K Ultra HD Smart TV,,4,2022-03-28,C199709,Noor De Wilde,3000,44.0
P10939,Garden,Garden Hose 20m,"Good product, I'm satisfied.",4,2021/04/18,C326912,Léa Vermeulen,1011,44.0
P08157,Sports & Outdoors,Camping Lantern Rechargeable,Not happy with this product.,2,2021/09/14,C905778,Emma Martens,9000,45.0
P03711,Beauty,Anti-Frizz Hair Oil,"Good product, I'm satisfied.",4,2024-03-01,C578720,Sophie Bosmans,2018,42.0
P01637,Electronics,4K Ultra HD Smart TV,,4,2022-04-01,C601681,Finn De Wilde,1011,41.0
P05537,Groceries,Extra Virgin Olive Oil,"Good product, I'm satisfied.",5,2023-09-10,C985181,Léa Hendriks,3000,27.0
P01608,Electronics,Wireless Noise-Cancelling Headphones,"Good product, I'm satisfied.",4,2021-05-31,C614003,Louis De Smet,1050B,43.0
P01371,Electronics,Wireless Keyboard and Mouse Combo,"Good product, I'm satisfied.",4,2021-04-16,C787436,,3500,37.0
P01502,Electronics,Wireless Noise-Cancelling Headphones,"It's okay, not great, not terrible.",3,2023-05-15,C607456,Ava Hendriks,1180,34.0
P01688,Electronics,4K Ultra HD Smart TV,"Good product, I'm satisfied.",5,2024-06-24,C543780,Arthur Bosmans,1011,37.0
P09682,Office Supplies,Notebook A5 Lined,,4,2022-06-23,C733854,Léa Lefevre,1180,
P06595,Clothing,Formal White Shirt,"Good product, I'm satisfied.",4,2024-08-03,C218238,Ava Hendriks,1180,29.0
P05111,Groceries,Gluten-Free Pasta,Not happy with this product.,2,2021-03-27,C680412,Adam Maes,3010,27.0
P01690,Electronics,Wireless Noise-Cancelling Headphones,"Good product, I'm satisfied.",5,30-07-2022,C146172,Sophie Peeters,5000,33.0
P07644,Toys & Games,Building Blocks Set,"Good product, I'm satisfied.",4,2023-11-09,C885103,Adam Bosmans,3000,38.0
P09697,Office Supplies,Wireless Computer Mouse,"Good product, I'm satisfied.",4,2023-12-03,C669170,Finn Bosmans,1050,41.0
P10330,Garden,Garden Hose 20m,"Good product, I'm satisfied.",4,29-06-2021,C259077,Lucas Lefevre,,45.0
P03723,Beauty,SPF 50 Daily Sunscreen,"Good product, I'm satisfied.",5,02-11-2023,C734816,Louis Martens,9000,40.0
P02627,Home & Kitchen,Memory Foam Pillow,Not happy with this product.,1,2024/07/30,C533194,Sophie De Smet,1050B,24.0
P02666,Home & Kitchen,Stainless Steel Cookware Set,"It's okay, not great, not terrible.",3,2024-10-24,C919825,Finn Claes,2018,43.0
P01150,Electronics,Wireless Keyboard and Mouse Combo,,5,21-10-2023,C151368,Adam De Smet,3500,41.0
P01270,Electronics,4K Ultra HD Smart TV,Not happy with this product.,2,2023-08-31,C586241,Lucas De Wilde,9000,60.0
P03461,Beauty,Volumizing Mascara,"Good product, I'm satisfied.",5,2023/01/15,C472922,Finn Martens,3500,42.0
P02450,Home & Kitchen,Vacuum Cleaner Pro,Not happy with this product.,2,2023-04-07,C613989,Lucas De Smet,9000,25.0
P05251,Groceries,Gluten-Free Pasta,"Good product, I'm satisfied.",5,2023-12-29,C491029,Louis Maes,2000,29.0
P01616,Electronics,Bluetooth Portable Speaker,"Good product, I'm satisfied.",4,2021/11/02,C767376,Louis Claes,1050B,37.0
P05230,Groceries,Granola with Nuts,Not happy with this product.,2,2024-02-06,C433269,Finn De Smet,5000,44.0
P06838,Clothing,Running Shoes,Not happy with this product.,1,24-01-2022,C537805,Olivia De Smet,5000,22.0
P03155,Beauty,Nourishing Shampoo,"Good product, I'm satisfied.",5,2022-12-03,C995735,Olivia Dubois,3010,50.0
P03138,Beauty,Hydrating Face Serum,"It's okay, not great, not terrible.",3,2021-10-07,C899038,Finn De Wilde,5000,34.0
P01577,Electronics,Smartphone Fast Charger,"Good product, I'm satisfied.",4,10-11-2022,C754227,Noah De Smet,1180,25.0
P06971,Clothing,Formal White Shirt,"Good product, I'm satisfied.",5,2023-02-03,C391255,Arthur Janssen,201,33.0
P02915,Home & Kitchen,Espresso Coffee Machine,"Good product, I'm satisfied.",4,2023-07-08,C305909,Noor Lefevre,200,24.0
P02128,Home & Kitchen,Non-Stick Frying Pan,"Good product, I'm satisfied.",4,2024/07/06,C603281,Mila Janssen,1011,35.0
P01928,Electronics,Bluetooth Portable Speaker,,5,2023-04-18,C896041,Noah Vermeulen,301,27.0
P01130,Electronics,Bluetooth Portable Speaker,"Good product, I'm satisfied.",4,2023/01/03,C356262,Lucas Claes,1180,43.0
P02548,Home & Kitchen,Dish Drying Rack,Not happy with this product.,2,2024-08-10,C612547,Noor Claes,3010,58.0
P01606,Electronics,Gaming Mouse Pro Series,"Good product, I'm satisfied.",4,2022-07-22,C576851,Zoë Maes,118,38.0
P03627,Beauty,Hydrating Face Serum,"It's okay, not great, not terrible.",3,28-04-2021,C434834,Léa Janssen,1011,40.0
P04128,Books,Beginner's Guide to Python,"Good product, I'm satisfied.",4,2021/04/15,C534287,Liam Maes,1011,29.0
P01632,Electronics,Laptop Stand Aluminum,"Some pros and cons, but acceptable. The laptop stand aluminum works fine but there are a few minor issues.",3,2021-04-13,C397306,Noor De Smet,3000,25.0
P02269,Home & Kitchen,Vacuum Cleaner Pro,"Good product, I'm satisfied.",5,2022-02-08,C295111,Olivia Maes,300,56.0
P08939,Sports & Outdoors,Stainless Steel Water Bottle,Not happy with this product.,2,30-09-2021,C769779,Zoë Claes,2018,43.0
P01371,Electronics,Gaming Mouse Pro Series,"Good product, I'm satisfied.",5,16-06-2023,C271914,Sophie Lefevre,9000,31.0
P01981,Electronics,Smartphone Fast Charger,,3,30-12-2022,C945872,Zoë Lefevre,2000,25.0
P01598,Electronics,Gaming Mouse Pro Series,"It's okay, not great, not terrible.",3,2022/06/16,C560237,Noah Dubois,3000,29.0
P01462,Electronics,Laptop Stand Aluminum,"Good product, I'm satisfied.",5,21-04-2021,C544154,Mila Claes,3000B,18.0
P02262,Home & Kitchen,Stainless Steel Cookware Set,"Good product, I'm satisfied.",5,30-01-2022,C647093,Arthur Vermeulen,2018A,36.0
P08474,Sports & Outdoors,Running Shorts,,2,2023-06-13,C570267,Sophie Bosmans,1180,71.0
P07815,Toys & Games,Plush Teddy Bear,"Good product, I'm satisfied.",4,2023-06-19,C526638,Louis Bosmans,3000,33.0
P02474,Home & Kitchen,Non-Stick Frying Pan,Not happy with this product.,2,31-07-2023,C660596,Adam Martens,1011,26.0
P03717,Beauty,Anti-Frizz Hair Oil,"Good product, I'm satisfied.",4,16-05-2022,C978644,Mila De Wilde,9000,31.0
P02832,Home & Kitchen,Vacuum Cleaner Pro,"It's okay, not great, not terrible.",3,2021-11-05,C559713,Arthur Janssen,9000,40.0
P06164,Clothing,Slim Fit Jeans,"Good product, I'm satisfied.",4,2022/03/18,C405936,Emma Bosmans,3010,38.0
P10661,Garden,LED Grow Light,"Good product, I'm satisfied.",5,06-07-2021,C383253,Adam Claes,2018,62.0
P01408,Electronics,Gaming Mouse Pro Series,Not happy with this product.,1,2023-06-10,C381444,Louis Dubois,1011,33.0
P02862,Home & Kitchen,Dish Drying Rack,Not happy with this product.,2,2022-03-03,C565148,Noor De Smet,1050,24.0
P04487,Books,Beginner's Guide to Python,"Good product, I'm satisfied.",5,2022-11-18,C677079,Mila Janssen,350,26.0
P02520,Home & Kitchen,Dish Drying Rack,,3,2022-12-19,C727733,Adam Maes,1050,35.0
P07119,Toys & Games,Building Blocks Set,"Good product, I'm satisfied.",4,05-03-2021,C181613,Louis Martens,2000,26.0
P01499,Electronics,Wireless Keyboard and Mouse Combo,"It's okay, not great, not terrible.",3,16-01-2021,C558868,Noor Dubois,101,37.0
P03643,Beauty,Hydrating Face Serum,"It's okay, not great, not terrible.",3,14-08-2024,C634723,Noah Martens,900,30.0
P01683,Electronics,Wireless Keyboard and Mouse Combo,"Good product, I'm satisfied.",4,2022-06-20,C611927,Lucas Lefevre,,18.0
P03865,Beauty,Hydrating Face Serum,Not happy with this product.,1,2022/02/10,C938621,Mila Hendriks,200,32.0
P08682,Sports & Outdoors,Camping Lantern Rechargeable,Not happy with this product.,2,2022-06-30,C933317,Noor Janssen,1180,18.0
P01177,Electronics,Laptop Stand Aluminum,,4,25-02-2021,C451508,Sophie Vermeulen,2018,28.0
P01809,Electronics,USB-C Docking Station,Not happy with this product.,2,2022-12-13,C641413,Emma Bosmans,5000A,19.0
P02323,Home & Kitchen,Vacuum Cleaner Pro,"Good product, I'm satisfied.",4,2024-08-01,C608478,Ava De Smet,1011,30.0
P01651,Electronics,4K Ultra HD Smart TV,"Good product, I'm satisfied.",4,2021/06/28,C990714,Louis Hendriks,118,44.0
P02977,Home & Kitchen,Vacuum Cleaner Pro,"Good product, I'm satisfied.",4,12-11-2021,C753935,Finn Lefevre,3500,40.0
P01793,Electronics,Bluetooth Portable Speaker,"Good product, I'm satisfied.",4,17-10-2024,C838091,Arthur Lefevre,3500,32.0
P10160,Garden,Garden Hose 20m,"Good product, I'm satisfied.",5,01-04-2022,C772838,Liam De Smet,3010A,42.0
P06887,Clothing,Formal White Shirt,"Good product, I'm satisfied.",5,14-04-2023,C113976,Ava Vermeulen,2018,40.0
P01964,Electronics,Bluetooth Portable Speaker,"Good product, I'm satisfied.",4,14-03-2024,C478658,Adam Claes,2018,23.0
P01978,Electronics,USB-C Docking Station,"Good product, I'm satisfied.",4,2021/02/10,C456705,Liam Maes,5000,30.0
P06137,Clothing,Running Shoes,"Good product, I'm satisfied.",4,2024/06/06,C611177,Mila Claes,5000,25.0
P08361,Sports & Outdoors,Stainless Steel Water Bottle,"Good product, I'm satisfied.",5,2023-04-21,C584675,Noor Peeters,2018,45.0
P06264,Clothing,Running Shoes,"Good product, I'm satisfied.",5,2024/11/10,C141319,Noor Claes,1050,27.0
P07343,Toys & Games,Plush Teddy Bear,"Good product, I'm satisfied.",5,15-03-2023,C253098,Lucas Janssen,301,22.0
P01467,Electronics,Wireless Noise-Cancelling Headphones,Not happy with this product.,2,2024-01-15,C347243,Olivia Bosmans,3010,26.0
P01317,Electronics,Laptop Stand Aluminum,"Good product, I'm satisfied.",4,15-04-2024,C275660,Noah De Wilde,3000,40.0
P04658,Books,Thriller Novel: The Last Signal,"Good product, I'm satisfied.",5,2022-06-05,C324319,Mila Maes,,26.0
P03962,Beauty,Nourishing Shampoo,"Good product, I'm satisfied.",5,25-04-2023,C377034,Mila Lefevre,5000,29.0
P02390,Home & Kitchen,Non-Stick Frying Pan,"Good product, I'm satisfied.",4,2024-09-28,C811163,Sophie De Wilde,9000,25.0
P02622,Home & Kitchen,Dish Drying Rack,"Good product, I'm satisfied.",4,24-07-2023,C947760,Adam Peeters,9000,25.0
P10342,Garden,LED Grow Light,"It's okay, not great, not terrible.",3,2024-03-18,C928766,Louis Janssen,,18.0
P07107,Toys & Games,Plush Teddy Bear,"Good product, I'm satisfied.",4,2024-10-07,C293930,Olivia Janssen,3000,31.0
P02323,Home & Kitchen,Espresso Coffee Machine,"Good product, I'm satisfied.",4,2022-02-10,C170167,Adam Dubois,1011,45.0
P02524,Home & Kitchen,Vacuum Cleaner Pro,"Good product, I'm satisfied.",4,2022-07-27,C786735,Liam Claes,1050,32.0
P02901,Home & Kitchen,Non-Stick Frying Pan,"Good product, I'm satisfied.",4,2024-10-23,C262387,Zoë Dubois,105,34.0
P02314,Home & Kitchen,Vacuum Cleaner Pro,"Good product, I'm satisfied.",4,2024/10/21,C924745,Finn Lefevre,3010,32.0
P02544,Home & Kitchen,Vacuum Cleaner Pro,"It's okay, not great, not terrible.",3,2021-02-21,C438392,Finn Claes,9000,42.0
P01263,Electronics,Bluetooth Portable Speaker,"It's okay, not great, not terrible.",3,2021-07-16,C938649,Emma Peeters,105,29.0
P02748,Home & Kitchen,Espresso Coffee Machine,"Good product, I'm satisfied.",5,27-10-2021,C593553,Noor Hendriks,5000,38.0
P07493,Toys & Games,Building Blocks Set,"Good product, I'm satisfied.",4,2023-02-15,C282575,Adam Claes,101,32.0
P05473,Groceries,Organic Almond Milk,"Good product, I'm satisfied.",4,2024-11-24,C504963,Ava Vermeulen,2000,
P08205,Sports & Outdoors,Yoga Mat Non-Slip,"Good product, I'm satisfied.",5,2024/04/04,C498053,Sophie Vermeulen,3500,
P07436,Toys & Games,Educational Puzzle Set,"It's okay, not great, not terrible.",3,2023-12-01,C765960,Arthur De Wilde,2018,18.0
P02593,Home & Kitchen,Air Purifier with HEPA Filter,"It's okay, not great, not terrible.",3,2024-05-05,C773561,Mila Martens,101,36.0
P02979,Home & Kitchen,Stainless Steel Cookware Set,Not happy with this product.,2,2022-05-02,C812530,Olivia Maes,,36.0
P02266,Home & Kitchen,Espresso Coffee Machine,,4,2024/12/08,C488162,Lucas De Smet,3000,32.0
P01532,Electronics,Bluetooth Portable Speaker,Not happy with this product.,2,25-12-2021,C662805,Ava Dubois,118,33.0
P02128,Home & Kitchen,Non-Stick Frying Pan,"Good product, I'm satisfied.",4,2024/07/06,C603281,Mila Janssen,1011,35.0
P01630,Electronics,Wireless Noise-Cancelling Headphones,"Good product, I'm satisfied.",4,2023-04-04,C771740,Zoë Peeters,3500,30.0
P01875,Electronics,USB-C Docking Station,"It's okay, not great, not terrible.",3,30-05-2021,C795558,Zoë Janssen,3010,26.0
P06368,Clothing,Slim Fit Jeans,"Good product, I'm satisfied.",4,2022-07-13,C805050,Ava Martens,2000,41.0
P03640,Beauty,SPF 50 Daily Sunscreen,"It's okay, not great, not terrible.",3,2023-04-25,C845961,Liam De Wilde,105,43.0
P06760,Clothing,Formal White Shirt,"Good product, I'm satisfied.",4,2023-06-08,C521491,Sophie Lefevre,3010,39.0
P04550,Books,Thriller Novel: The Last Signal,"Good product, I'm satisfied.",4,2023/11/20,C223542,Arthur Vermeulen,1050,35.0
P08171,Sports & Outdoors,Stainless Steel Water Bottle,"Good product, I'm satisfied.",5,2024/06/05,C842110,Liam De Wilde,1180A,44.0
P07426,Toys & Games,Educational Puzzle Set,"Good product, I'm satisfied.",4,2023-04-25,C970542,,1011,44.0
P08935,Sports & Outdoors,Running Shorts,Not happy with this product.,1,09-07-2022,C611323,Olivia De Smet,3500B,43.0
P08106,Sports & Outdoors,Running Shorts,"Good product, I'm satisfied.",4,2021-05-07,C485656,Mila Maes,1011,30.0
P01690,Electronics,Bluetooth Portable Speaker,"It's okay, not great, not terrible.",3,24-08-2024,C919464,Léa Dubois,3500,29.0
P01797,Electronics,Bluetooth Portable Speaker,Not happy with this product.,1,2024-05-07,C576163,Olivia De Wilde,,44.0
P05684,Groceries,Organic Almond Milk,"Good product, I'm satisfied.",4,2024-12-12,C515185,Léa Dubois,1180,42.0
P08105,Sports & Outdoors,Running Shorts,"Good product, I'm satisfied.",4,2023-11-25,C161248,Liam Claes,1011,29.0
P07755,Toys & Games,Building Blocks Set,Not happy with this product.,2,2021-05-13,C926409,Emma Martens,1180B,40.0
P07559,Toys & Games,Building Blocks Set,"Good product, I'm satisfied.",4,2023/11/04,C726979,Louis De Wilde,,20.0
P08237,Sports & Outdoors,Stainless Steel Water Bottle,,4,2022-07-23,C731394,Noor De Smet,3010,33.0
P01219,Electronics,Wireless Noise-Cancelling Headphones,"Good product, I'm satisfied.",4,2021-06-03,C974208,Léa Lefevre,9000,25.0
P02326,Home & Kitchen,Air Purifier with HEPA Filter,"It's okay, not great, not terrible.",3,2023-10-30,C734400,Liam De Wilde,2000B,29.0
P01306,Electronics,Smartphone Fast Charger,"Good product, I'm satisfied.",5,2021-02-04,C654994,Mila Maes,9000,24.0
P07332,Toys & Games,Plush Teddy Bear,"Good product, I'm satisfied.",5,2024/04/04,C338112,Adam De Smet,,21.0
P01727,Electronics,Laptop Stand Aluminum,"It's okay, not great, not terrible.",3,2022-03-02,C998741,Lucas Janssen,1180,
P02136,Home & Kitchen,Electric Kettle 1.7L,,5,27-07-2024,C951965,Arthur Bosmans,118,45.0
P04517,Books,Beginner's Guide to Python,Not happy with this product.,1,07-01-2023,C684404,Finn De Wilde,1011B,33.0
P03641,Beauty,Nourishing Shampoo,,4,2024-06-12,C815263,Sophie Hendriks,2000,30.0
P01753,Electronics,Smartphone Fast Charger,"Good product, I'm satisfied.",4,2023-08-26,C344146,Emma Peeters,3500A,40.0
P09116,Office Supplies,Ergonomic Office Chair,"Good product, I'm satisfied.",4,2021-06-29,C210522,Sophie De Smet,1050,55.0
P01341,Electronics,Smartphone Fast Charger,"Good product, I'm satisfied.",5,2024-09-11,C974321,Finn Claes,2000B,
P08630,Sports & Outdoors,Camping Lantern Rechargeable,Not happy with this product.,1,2021-05-24,C908910,Louis De Wilde,,30.0
P01383,Electronics,Smartphone Fast Charger,"Good product, I'm satisfied.",4,15-08-2021,C218083,Finn Janssen,2000,39.0
P06370,Clothing,Lightweight Hoodie,"Good product, I'm satisfied.",4,2024/01/26,C757668,Sophie Maes,1050,30.0
P07764,Toys & Games,Educational Puzzle Set,"Good product, I'm satisfied.",5,2024/11/21,C432695,Olivia Bosmans,3010,43.0
P03984,Beauty,Matte Liquid Lipstick,"It's okay, not great, not terrible.",3,2023-11-06,C173201,Ava Lefevre,2000,43.0
P01924,Electronics,Laptop Stand Aluminum,Not happy with this product.,2,2023-05-20,C404731,Léa Bosmans,3500,29.0
P09909,Office Supplies,Ergonomic Office Chair,"Good product, I'm satisfied.",4,2024-07-23,C664982,Louis Vermeulen,3000,70.0
P03423,Beauty,SPF 50 Daily Sunscreen,"It's okay, not great, not terrible.",3,2024-03-08,C923481,Louis Vermeulen,3000,33.0
P02521,Home & Kitchen,Espresso Coffee Machine,"It's okay, not great, not terrible.",3,26-04-2022,C468332,,3010A,18.0
P01620,Electronics,Wireless Noise-Cancelling Headphones,"Good product, I'm satisfied.",5,2022-05-10,C999996,Finn Maes,3000,33.0
P04379,Books,Cookbook: Easy Weeknight Meals,"It's okay, not great, not terrible.",3,2023/07/31,C357874,Sophie Martens,1050A,25.0
P03886,Beauty,Matte Liquid Lipstick,"Good product, I'm satisfied.",4,2024-01-13,C647025,Mila Vermeulen,3500,59.0
P09718,Office Supplies,Notebook A5 Lined,"Good product, I'm satisfied.",4,2021-01-14,C899259,Noah Hendriks,2000,71.0
P09526,Office Supplies,Wireless Computer Mouse,Not happy with this product.,1,31-01-2022,C978409,,201,30.0
P02331,Home & Kitchen,Air Purifier with HEPA Filter,"Good product, I'm satisfied.",4,19-10-2023,C343911,Lucas De Smet,3010,42.0
P05263,Groceries,Gluten-Free Pasta,"It's okay, not great, not terrible.",3,2021-08-20,C698138,Finn De Wilde,1011A,41.0
P02815,Home & Kitchen,Air Purifier with HEPA Filter,Quality feels premium and durable. I use it almost every day for home & kitchen tasks and it performs very well.,4,2024-09-14,C241881,Finn Hendriks,5000B,
P06395,Clothing,Lightweight Hoodie,"Good product, I'm satisfied.",5,19-04-2022,C691289,Noor Maes,2018,29.0
P09322,Office Supplies,Gel Ink Pens Pack,"Good product, I'm satisfied.",4,2022-07-29,C134604,Lucas De Smet,118,37.0
P05399,Groceries,Whole Bean Coffee Dark Roast,Very easy to use and install. I use it almost every day for groceries tasks and it performs very well.,4,2023-09-09,C392779,Adam Lefevre,1180,37.0
P02721,Home & Kitchen,Memory Foam Pillow,"Good product, I'm satisfied.",4,2022-06-24,C154649,Mila Hendriks,2018,32.0
P02765,Home & Kitchen,Memory Foam Pillow,"It's okay, not great, not terrible.",3,02-01-2024,C946003,Zoë Martens,1011,40.0
P02274,Home & Kitchen,Non-Stick Frying Pan,"Good product, I'm satisfied.",4,23-08-2022,C690250,Zoë Maes,301,30.0
P01744,Electronics,4K Ultra HD Smart TV,Not happy with this product.,1,2021-01-12,C615267,Noor Peeters,3010,34.0
P09770,Office Supplies,Ergonomic Office Chair,Not worth the price. The ergonomic office chair did not match the description and feels cheap.,2,2023-10-10,C673605,Mila Hendriks,1180,32.0
P07735,Toys & Games,Educational Puzzle Set,"It's okay, not great, not terrible.",3,2022-10-24,C801200,Olivia Lefevre,3500,45.0
P01385,Electronics,Gaming Mouse Pro Series,"Good product, I'm satisfied.",5,18-06-2022,C882866,Olivia De Wilde,1180,41.0
P07609,Toys & Games,Educational Puzzle Set,"Good product, I'm satisfied.",5,21-04-2021,C284888,,1011,44.0
P05456,Groceries,Whole Bean Coffee Dark Roast,Not happy with this product.,2,29-04-2022,C709769,Zoë Vermeulen,1011,31.0
P03511,Beauty,Hydrating Face Serum,"Good product, I'm satisfied.",5,2024/06/14,C142527,Zoë Bosmans,5000B,44.0
P01904,Electronics,Laptop Stand Aluminum,"Good product, I'm satisfied.",4,02-11-2024,C454877,Léa Maes,3500,27.0
P03921,Beauty,Anti-Frizz Hair Oil,"It's okay, not great, not terrible.",3,2021-01-23,C809608,Louis Bosmans,101,27.0
P04573,Books,Thriller Novel: The Last Signal,"Good product, I'm satisfied.",5,2023-10-26,C103230,Adam Claes,9000,44.0
P01695,Electronics,USB-C Docking Station,"Good product, I'm satisfied.",5,2024/09/27,C425490,Finn Claes,3500,51.0
P01859,Electronics,Wireless Keyboard and Mouse Combo,,2,10-10-2024,C821030,Liam De Wilde,2000,19.0
P05570,Groceries,Organic Almond Milk,Not happy with this product.,2,2021-04-22,C851690,Lucas Janssen,1011,32.0
P03146,Beauty,Nourishing Shampoo,Not happy with this product.,2,2023-12-30,C612805,Emma Claes,1011,53.0
P06448,Clothing,Slim Fit Jeans,"Good product, I'm satisfied.",4,13-03-2023,C764398,Emma Peeters,2000,25.0
P02274,Home & Kitchen,Dish Drying Rack,Not happy with this product.,2,2021-08-13,C780699,Arthur Martens,9000,21.0
P02263,Home & Kitchen,Air Purifier with HEPA Filter,"Good product, I'm satisfied.",4,2022-07-03,C726768,Arthur Martens,,19.0
P02427,Home & Kitchen,Electric Kettle 1.7L,Not happy with this product.,2,2024/11/07,C907927,Lucas Hendriks,1050,32.0
P02679,Home & Kitchen,Dish Drying Rack,"Good product, I'm satisfied.",4,2023-01-17,C861911,Sophie Janssen,900,34.0
P07725,Toys & Games,Educational Puzzle Set,Not happy with this product.,1,2021-08-06,C278980,Adam De Wilde,3010,31.0
P02299,Home & Kitchen,Espresso Coffee Machine,"Good product, I'm satisfied.",5,2021-08-07,C849433,Mila Janssen,9000,30.0
P02446,Home & Kitchen,Dish Drying Rack,Not happy with this product.,2,14-09-2022,C291614,Noah Dubois,2018,27.0
P01920,Electronics,Gaming Mouse Pro Series,"It's okay, not great, not terrible.",3,31-01-2022,C326915,Lucas Vermeulen,5000,32.0
P03430,Beauty,Nourishing Shampoo,"It's okay, not great, not terrible.",3,2021-10-07,C916345,Olivia De Wilde,9000,18.0
P07703,Toys & Games,Strategy Board Game,"Good product, I'm satisfied.",4,2023-06-17,C413372,Finn De Smet,3010,42.0
P02583,Home & Kitchen,Espresso Coffee Machine,Not happy with this product.,2,2022-09-27,C466936,Emma Vermeulen,1011,33.0
P08121,Sports & Outdoors,Stainless Steel Water Bottle,Absolutely love this product. I use it almost every day for sports & outdoors tasks and it performs very well.,4,2024-05-01,C859763,Louis Hendriks,350,
P01200,Electronics,Smartphone Fast Charger,"It's okay, not great, not terrible.",3,2023/12/30,C375957,Lucas Dubois,2000,31.0
P10944,Garden,LED Grow Light,"Good product, I'm satisfied.",5,2024-07-24,C496283,Lucas Hendriks,3500,44.0
P07284,Toys & Games,Educational Puzzle Set,"It's okay, not great, not terrible.",3,2022-01-10,C494083,Finn Janssen,1050,29.0
P02274,Home & Kitchen,Dish Drying Rack,"Good product, I'm satisfied.",5,27-05-2022,C491416,Liam Martens,3000,33.0
P01322,Electronics,Laptop Stand Aluminum,Absolutely love this product. I use it almost every day for electronics tasks and it performs very well.,4,2023/08/07,C419626,Zoë Hendriks,5000A,35.0
P04674,Books,Beginner's Guide to Python,"Good product, I'm satisfied.",4,2022-08-08,C225939,Louis Bosmans,2000,43.0
P05748,Groceries,Extra Virgin Olive Oil,"Good product, I'm satisfied.",4,2021-09-05,C502860,Ava Claes,5000,39.0
P03371,Beauty,SPF 50 Daily Sunscreen,"Good product, I'm satisfied.",5,2023-12-03,C305872,Lucas Bosmans,1180,44.0
P02554,Home & Kitchen,Stainless Steel Cookware Set,"Good product, I'm satisfied.",5,2022-04-07,C886214,Noor Lefevre,3000,23.0
P01920,Electronics,Bluetooth Portable Speaker,"Good product, I'm satisfied.",4,18-07-2023,C389847,Sophie De Smet,3010,23.0
P04367,Books,Psychology of Habits,"Good product, I'm satisfied.",5,2021-09-22,C590326,Mila Martens,3010,24.0
P02585,Home & Kitchen,Stainless Steel Cookware Set,"Good product, I'm satisfied.",4,2024-05-24,C193503,Olivia Bosmans,3010,42.0
P02991,Home & Kitchen,Electric Kettle 1.7L,"Good product, I'm satisfied.",5,01-04-2024,C742119,Emma Vermeulen,,28.0
P10813,Garden,LED Grow Light,Not happy with this product.,1,2021-08-21,C500021,Zoë Bosmans,3000,32.0
P05241,Groceries,Extra Virgin Olive Oil,"Good product, I'm satisfied.",5,07-08-2022,C789186,Zoë Maes,1050,18.0
P02678,Home & Kitchen,Stainless Steel Cookware Set,Not happy with this product.,2,2021-04-21,C669150,Finn Bosmans,2000,56.0
P02122,Home & Kitchen,Vacuum Cleaner Pro,"Good product, I'm satisfied.",5,06-09-2024,C206149,Noah Vermeulen,1011,69.0
P04416,Books,Marketing Strategy Handbook,"Good product, I'm satisfied.",4,2021-09-27,C926918,Louis Janssen,1011,31.0
P04180,Books,Thriller Novel: The Last Signal,,5,2021/09/25,C699569,Mila Janssen,105,32.0
P01559,Electronics,Wireless Noise-Cancelling Headphones,"Good product, I'm satisfied.",5,2022-09-10,C330519,Adam Peeters,1050,19.0
P01736,Electronics,Wireless Keyboard and Mouse Combo,"Good product, I'm satisfied.",4,2023-11-03,C690341,Liam Peeters,1050,20.0
P01897,Electronics,Laptop Stand Aluminum,"Good product, I'm satisfied.",4,2021-11-28,C900020,Noor Peeters,1180,26.0
P01914,Electronics,Laptop Stand Aluminum,"Good product, I'm satisfied.",4,2024-05-12,C161110,Léa De Wilde,3000,36.0
P03379,Beauty,SPF 50 Daily Sunscreen,"Good product, I'm satisfied.",5,2024-06-21,C150070,Sophie De Wilde,105,69.0
P02286,Home & Kitchen,Dish Drying Rack,"Good product, I'm satisfied.",5,2024-04-19,C103678,Lucas Vermeulen,3000,47.0
P02576,Home & Kitchen,Non-Stick Frying Pan,"Good product, I'm satisfied.",5,2022-07-27,C452552,Emma Dubois,9000,41.0
P02852,Home & Kitchen,Dish Drying Rack,"Good product, I'm satisfied.",4,2023-10-11,C310445,Lucas Peeters,3000,28.0
P01385,Electronics,Bluetooth Portable Speaker,"Good product, I'm satisfied.",5,11-06-2021,C867173,Sophie Peeters,9000,41.0
P08117,Sports & Outdoors,Stainless Steel Water Bottle,"It's okay, not great, not terrible.",3,2021-06-21,C538683,Liam Lefevre,301,
P02550,Home & Kitchen,Vacuum Cleaner Pro,"It's okay, not great, not terrible.",3,24-01-2022,C582815,Sophie Dubois,2000,43.0
P01501,Electronics,Wireless Noise-Cancelling Headphones,"It's okay, not great, not terrible.",3,2021-09-21,C357932,Zoë De Smet,9000,35.0
P01318,Electronics,Bluetooth Portable Speaker,"Good product, I'm satisfied.",4,2021-04-28,C312078,Sophie Dubois,1050,26.0
P10766,Garden,Indoor Plant Pot,"Good product, I'm satisfied.",5,2021/02/02,C774844,Léa Lefevre,1011,18.0
P02680,Home & Kitchen,Vacuum Cleaner Pro,Not happy with this product.,2,14-11-2021,C660716,Emma Hendriks,5000,28.0
P02180,Home & Kitchen,Memory Foam Pillow,Not happy with this product.,1,2023-08-26,C858077,Sophie Dubois,3000,23.0
P07804,Toys & Games,Building Blocks Set,Not happy with this product.,2,2022-09-16,C155040,Ava Janssen,1050,21.0
P02541,Home & Kitchen,Dish Drying Rack,"Good product, I'm satisfied.",4,2021-02-23,C937440,Sophie Claes,3000,33.0
P01606,Electronics,Wireless Keyboard and Mouse Combo,"Good product, I'm satisfied.",5,2024-08-27,C795792,Lucas Dubois,3010,19.0
P01449,Electronics,Wireless Keyboard and Mouse Combo,Not happy with this product.,2,2021-04-23,C780937,Noah De Smet,1050,44.0
P08526,Sports & Outdoors,Running Shorts,Not happy with this product.,1,2023-02-09,C170292,Sophie De Wilde,3500,43.0
P03656,Beauty,Anti-Frizz Hair Oil,"It's okay, not great, not terrible.",3,2024-11-18,C287179,Olivia Vermeulen,101,28.0
P10406,Garden,LED Grow Light,"Good product, I'm satisfied.",4,2023-01-06,C829685,Mila Peeters,5000,31.0
P02865,Home & Kitchen,Memory Foam Pillow,Not happy with this product.,1,2022-06-08,C147921,Lucas Peeters,2000,30.0
P02418,Home & Kitchen,Memory Foam Pillow,"It's okay, not great, not terrible.",3,28-12-2021,C272132,Arthur De Smet,1011,45.0
P01511,Electronics,USB-C Docking Station,"Good product, I'm satisfied.",5,16-02-2024,C270697,Zoë Dubois,1180,73.0
P02126,Home & Kitchen,Espresso Coffee Machine,Not happy with this product.,1,25-04-2023,C207573,Louis Martens,1180,44.0
P03131,Beauty,Anti-Frizz Hair Oil,Not happy with this product.,1,2023-07-05,C405624,Mila Lefevre,2000,42.0
P10559,Garden,Garden Hose 20m,Not happy with this product.,2,09-01-2024,C940042,Ava Dubois,1050,40.0
P02493,Home & Kitchen,Vacuum Cleaner Pro,"Good product, I'm satisfied.",5,2022-08-05,C296478,Ava Martens,3500A,72.0
P02879,Home & Kitchen,Stainless Steel Cookware Set,"It's okay, not great, not terrible.",3,2022/07/12,C890993,Liam De Smet,9000,40.0
P01478,Electronics,4K Ultra HD Smart TV,Not happy with this product.,1,2023-04-12,C982082,Noah Dubois,2000,32.0
P06400,Clothing,Slim Fit Jeans,"It's okay, not great, not terrible.",3,2024-04-14,C739262,Noor Hendriks,1011,26.0
P03395,Beauty,Volumizing Mascara,"Good product, I'm satisfied.",5,2021-10-29,C215543,Emma Claes,3500,42.0
P01623,Electronics,Wireless Keyboard and Mouse Combo,,3,2021-09-14,C794371,Lucas Lefevre,1050,33.0
P01886,Electronics,Bluetooth Portable Speaker,"It's okay, not great, not terrible.",3,04-01-2021,C346580,Lucas Martens,1180,29.0
P07461,Toys & Games,Building Blocks Set,Not happy with this product.,1,2021-12-12,C361301,Adam De Wilde,3500,32.0
P02785,Home & Kitchen,Memory Foam Pillow,"Good product, I'm satisfied.",5,2024-11-21,C718520,Louis Bosmans,101,35.0
P08929,Sports & Outdoors,Running Shorts,"Good product, I'm satisfied.",5,30-11-2022,C889911,Finn De Smet,3010,26.0
P02716,Home & Kitchen,Air Purifier with HEPA Filter,"Good product, I'm satisfied.",5,2024-03-07,C779602,Noor Martens,2000,24.0
P02916,Home & Kitchen,Espresso Coffee Machine,"Good product, I'm satisfied.",4,2024-05-17,C812299,Zoë Dubois,3000,39.0
P02232,Home & Kitchen,Non-Stick Frying Pan,"Good product, I'm satisfied.",5,2023/03/08,C662511,Mila Claes,900,38.0
P07254,Toys & Games,Building Blocks Set,Not happy with this product.,2,2024-09-30,C888775,Arthur Hendriks,2018,19.0
P10486,Garden,Indoor Plant Pot,Not happy with this product.,1,2021-09-19,C428497,Zoë Bosmans,5000B,
P02535,Home & Kitchen,Electric Kettle 1.7L,"Good product, I'm satisfied.",5,2023-02-06,C495400,Finn Dubois,300,39.0
P02967,Home & Kitchen,Electric Kettle 1.7L,Not happy with this product.,1,19-05-2021,C976041,Emma Claes,2000,22.0
P02968,Home & Kitchen,Espresso Coffee Machine,"Good product, I'm satisfied.",4,2022/06/04,C299500,Louis Bosmans,2000,21.0
P01387,Electronics,Smartphone Fast Charger,"Good product, I'm satisfied.",5,2024-03-07,C280580,,5000,61.0
P05528,Groceries,Granola with Nuts,"Good product, I'm satisfied.",4,2022-02-26,C941803,Ava De Wilde,2000,29.0
P08378,Sports & Outdoors,Yoga Mat Non-Slip,"Good product, I'm satisfied.",5,2023-02-01,C533973,Liam Claes,1011,28.0
P02953,Home & Kitchen,Memory Foam Pillow,"Good product, I'm satisfied.",4,2024-09-01,C669605,Arthur Vermeulen,,29.0
P02835,Home & Kitchen,Memory Foam Pillow,"Good product, I'm satisfied.",5,2021-04-19,C195521,Sophie Hendriks,2000,49.0
P07129,Toys & Games,Building Blocks Set,Not happy with this product.,2,2022/10/24,C334896,Emma Janssen,1180,36.0
P05545,Groceries,Granola with Nuts,"Good product, I'm satisfied.",5,2023-02-12,C213673,Noor De Smet,3010,45.0
P07217,Toys & Games,Strategy Board Game,"Good product, I'm satisfied.",4,2021-09-05,C170403,Emma Dubois,9000,41.0
P01553,Electronics,Laptop Stand Aluminum,"Good product, I'm satisfied.",5,2021-11-03,C312876,Emma De Wilde,2000,31.0
P01330,Electronics,USB-C Docking Station,Not happy with this product.,1,2021-05-23,C201569,Zoë Janssen,3500,37.0
P05558,Groceries,Whole Bean Coffee Dark Roast,"Good product, I'm satisfied.",5,2022-10-28,C774843,Mila Peeters,2018,42.0
P01958,Electronics,Smartphone Fast Charger,Not happy with this product.,2,2022-10-23,C941653,Finn Hendriks,5000,61.0
P05474,Groceries,Organic Almond Milk,"Good product, I'm satisfied.",5,04-07-2023,C191637,Louis De Wilde,1050A,41.0
P09650,Office Supplies,Wireless Computer Mouse,"Good product, I'm satisfied.",4,2022-06-02,C457983,,1180,46.0
P02586,Home & Kitchen,Non-Stick Frying Pan,"Good product, I'm satisfied.",4,2021-12-16,C218370,Lucas Claes,1050,28.0
P10582,Garden,LED Grow Light,"It's okay, not great, not terrible.",3,2024-06-30,C902408,Olivia Vermeulen,2000,45.0
P02665,Home & Kitchen,Vacuum Cleaner Pro,"Good product, I'm satisfied.",5,09-07-2024,C812991,Adam De Smet,5000B,28.0
P03304,Beauty,Hydrating Face Serum,"It's okay, not great, not terrible.",3,2023-10-04,C718312,Emma De Smet,3000,30.0
P02837,Home & Kitchen,Non-Stick Frying Pan,"Good product, I'm satisfied.",4,2023/05/10,C101343,Emma Lefevre,1180,42.0
P07951,Toys & Games,Strategy Board Game,"Good product, I'm satisfied.",5,2023-05-21,C735113,Adam Vermeulen,2000,28.0
P01705,Electronics,Bluetooth Portable Speaker,"Good product, I'm satisfied.",4,15-08-2022,C949729,Arthur Dubois,9000,18.0
P01197,Electronics,Laptop Stand Aluminum,"Good product, I'm satisfied.",4,14-10-2024,C110793,Sophie Dubois,2018,39.0
P02527,Home & Kitchen,Vacuum Cleaner Pro,Not happy with this product.,2,21-06-2021,C964264,Noor Dubois,5000,30.0
P01879,Electronics,4K Ultra HD Smart TV,Not happy with this product.,2,2021-10-06,C429546,Liam Claes,1050,26.0
P05778,Groceries,Whole Bean Coffee Dark Roast,"Good product, I'm satisfied.",5,10-05-2024,C982653,Noor Lefevre,1011,29.0
P06137,Clothing,Slim Fit Jeans,"Good product, I'm satisfied.",4,2021-01-12,C437057,Arthur De Wilde,9000,22.0
P09255,Office Supplies,Gel Ink Pens Pack,"Good product, I'm satisfied.",4,2022-05-15,C526465,Louis Dubois,118,38.0
P02965,Home & Kitchen,Electric Kettle 1.7L,Not happy with this product.,1,2021-12-15,C899958,Zoë Vermeulen,300,29.0
P01486,Electronics,USB-C Docking Station,"Good product, I'm satisfied.",4,2023-09-28,C698059,Mila Martens,9000,35.0
P02683,Home & Kitchen,Dish Drying Rack,"Good product, I'm satisfied.",4,2024-07-08,C211136,Emma Bosmans,1180,28.0
P07400,Toys & Games,Strategy Board Game,Not happy with this product.,1,2024-03-13,C894981,Louis Vermeulen,9000,26.0
P02634,Home & Kitchen,Espresso Coffee Machine,"It's okay, not great, not terrible.",3,2024-09-10,C367188,Arthur Peeters,1011,43.0
P08491,Sports & Outdoors,Stainless Steel Water Bottle,"Good product, I'm satisfied.",5,2022-02-06,C492383,Olivia Bosmans,201,35.0
P04379,Books,Cookbook: Easy Weeknight Meals,"It's okay, not great, not terrible.",3,2023/07/31,C357874,Sophie Martens,1050A,25.0
P05940,Groceries,Extra Virgin Olive Oil,"Good product, I'm satisfied.",5,2024-10-30,C465978,Mila Claes,2018,27.0
P04195,Books,Beginner's Guide to Python,Not happy with this product.,1,2022-08-22,C685552,Zoë Martens,3000,26.0
P05261,Groceries,Extra Virgin Olive Oil,"Good product, I'm satisfied.",4,2021-08-31,C432918,Liam Maes,3500,21.0
P03604,Beauty,Anti-Frizz Hair Oil,"Good product, I'm satisfied.",5,21-10-2023,C478399,Emma Janssen,2000,31.0
P02524,Home & Kitchen,Dish Drying Rack,"Good product, I'm satisfied.",4,01-04-2022,C453825,Noah De Smet,9000,36.0
P01302,Electronics,Wireless Noise-Cancelling Headphones,Not happy with this product.,2,03-11-2024,C249331,Arthur Lefevre,2018,33.0
P01887,Electronics,Laptop Stand Aluminum,"Good product, I'm satisfied.",4,2024/01/19,C718697,Noah Janssen,2018,20.0
P09508,Office Supplies,Wireless Computer Mouse,"Good product, I'm satisfied.",4,2024-10-27,C183124,Olivia De Smet,3000,22.0
P03172,Beauty,SPF 50 Daily Sunscreen,"Good product, I'm satisfied.",5,19-07-2024,C131746,Noor Vermeulen,3500,26.0
P02969,Home & Kitchen,Non-Stick Frying Pan,"It's okay, not great, not terrible.",3,2023-06-16,C257722,Noor Janssen,3500A,19.0
P02159,Home & Kitchen,Espresso Coffee Machine,"Good product, I'm satisfied.",5,2023/01/21,C262703,Noah Maes,350,33.0
P01972,Electronics,Smartphone Fast Charger,"It's okay, not great, not terrible.",3,2021-07-20,C652657,,500,39.0
P01721,Electronics,4K Ultra HD Smart TV,,5,2022-06-07,C922123,Mila De Smet,9000A,42.0
P08397,Sports & Outdoors,Yoga Mat Non-Slip,Not happy with this product.,2,2021/11/14,C730320,Lucas Lefevre,300,25.0
P01948,Electronics,Smartphone Fast Charger,"It's okay, not great, not terrible.",3,2022-10-01,C940076,Emma Bosmans,1011,53.0
P08277,Sports & Outdoors,Yoga Mat Non-Slip,"Good product, I'm satisfied.",5,2022-05-26,C302127,Zoë De Smet,2000,33.0
P02296,Home & Kitchen,Stainless Steel Cookware Set,"It's okay, not great, not terrible.",3,14-12-2021,C973048,Noor Maes,5000,42.0
P10967,Garden,Garden Hose 20m,"It's okay, not great, not terrible.",3,2022-11-08,C853406,Mila De Wilde,3000,35.0
P02455,Home & Kitchen,Air Purifier with HEPA Filter,"Good product, I'm satisfied.",5,31-10-2023,C934301,Liam Hendriks,1180,38.0
P02769,Home & Kitchen,Dish Drying Rack,Not happy with this product.,2,2023-01-21,C246047,Liam De Smet,118,42.0
P02538,Home & Kitchen,Vacuum Cleaner Pro,"Good product, I'm satisfied.",5,2024-08-28,C565319,Lucas Peeters,3010,35.0
P06968,Clothing,Basic Cotton T-Shirt,"Good product, I'm satisfied.",5,2021-03-21,C426684,Sophie Dubois,2018,38.0
P02235,Home & Kitchen,Vacuum Cleaner Pro,"Good product, I'm satisfied.",4,01-05-2023,C911799,Léa Maes,5000,45.0
P02504,Home & Kitchen,Memory Foam Pillow,"Good product, I'm satisfied.",5,2024-04-11,C280580,Léa Dubois,5000,34.0
P02453,Home & Kitchen,Stainless Steel Cookware Set,"Good product, I'm satisfied.",5,25-03-2021,C356951,Finn Dubois,,37.0
P01329,Electronics,4K Ultra HD Smart TV,"Good product, I'm satisfied.",4,2022-09-18,C141349,Liam Vermeulen,3500,47.0
P01710,Electronics,Laptop Stand Aluminum,Not happy with this product.,2,2024-02-12,C636896,Noah Dubois,1011A,59.0
P06466,Clothing,Formal White Shirt,"Good product, I'm satisfied.",4,2021-08-02,C807256,Louis Bosmans,3500,30.0
P02523,Home & Kitchen,Non-Stick Frying Pan,"It's okay, not great, not terrible.",3,2022-05-15,C988790,,3010,32.0
P09860,Office Supplies,Notebook A5 Lined,"It's okay, not great, not terrible.",3,2023/11/14,C730553,Zoë Hendriks,,32.0
P09146,Office Supplies,Gel Ink Pens Pack,"Good product, I'm satisfied.",5,08-04-2022,C900947,Mila Peeters,2000,44.0
P09683,Office Supplies,Wireless Computer Mouse,"It's okay, not great, not terrible.",3,2023/12/11,C699190,Finn De Wilde,3010,45.0
P06106,Clothing,Basic Cotton T-Shirt,"Good product, I'm satisfied.",4,2024-02-13,C529350,Sophie Vermeulen,3010,30.0
P03994,Beauty,SPF 50 Daily Sunscreen,"Good product, I'm satisfied.",5,2022-10-13,C552050,Zoë Claes,201,42.0
P04903,Books,Psychology of Habits,Not happy with this product.,1,2022-12-08,C606982,Sophie Janssen,2000,29.0
P04148,Books,Thriller Novel: The Last Signal,"Good product, I'm satisfied.",4,18-10-2023,C779999,Emma Maes,5000,52.0
P03255,Beauty,Nourishing Shampoo,"Good product, I'm satisfied.",4,2022-08-30,C274503,Mila Hendriks,1011,31.0
P03642,Beauty,Hydrating Face Serum,"Good product, I'm satisfied.",5,21-10-2023,C499731,Olivia Hendriks,9000,31.0
P02465,Home & Kitchen,Espresso Coffee Machine,"Average quality, matches the price. The espresso coffee machine works fine but there are a few minor issues.",3,2024-06-22,C234443,Sophie Hendriks,9000,44.0
P04580,Books,Beginner's Guide to Python,"Good product, I'm satisfied.",4,2021-05-06,C402056,Arthur Hendriks,2018A,54.0
P03611,Beauty,Anti-Frizz Hair Oil,Not happy with this product.,2,2024-04-08,C520964,Ava Janssen,1050,37.0
P01727,Electronics,Smartphone Fast Charger,"Good product, I'm satisfied.",5,2022/12/07,C875453,Finn Bosmans,5000,24.0
P03437,Beauty,Hydrating Face Serum,"Good product, I'm satisfied.",4,2022-09-06,C864273,Sophie Peeters,1180,25.0
P08662,Sports & Outdoors,Camping Lantern Rechargeable,Not happy with this product.,2,2023-03-19,C138044,,3000,42.0
P02497,Home & Kitchen,Memory Foam Pillow,"It's okay, not great, not terrible.",3,2024-01-12,C188921,Liam Lefevre,2000,41.0
P02279,Home & Kitchen,Vacuum Cleaner Pro,"Good product, I'm satisfied.",5,2022-06-06,C249007,Zoë Claes,2018,36.0
P01444,Electronics,Laptop Stand Aluminum,"Good product, I'm satisfied.",4,2023-08-03,C704190,Louis Dubois,5000,
P06848,Clothing,Slim Fit Jeans,"Good product, I'm satisfied.",5,2023-09-09,C977764,Finn De Wilde,301,35.0
P09431,Office Supplies,Ergonomic Office Chair,"Good product, I'm satisfied.",4,05-07-2022,C940654,Noor De Smet,3010,35.0
P01279,Electronics,USB-C Docking Station,"Good product, I'm satisfied.",5,2021-06-03,C894464,Sophie Claes,1050,27.0
P02677,Home & Kitchen,Dish Drying Rack,"Good product, I'm satisfied.",5,30-03-2022,C875732,Lucas Claes,2018,31.0
P05955,Groceries,Granola with Nuts,"Good product, I'm satisfied.",5,2021-03-04,C748316,Finn Lefevre,,23.0
P04535,Books,Marketing Strategy Handbook,"Good product, I'm satisfied.",4,22-08-2021,C541155,Arthur Bosmans,1180,38.0
P07237,Toys & Games,Educational Puzzle Set,Not happy with this product.,2,2024-12-26,C917439,Liam De Smet,5000,42.0
P02793,Home & Kitchen,Memory Foam Pillow,,4,2023/04/08,C890897,Mila Maes,,57.0
P02110,Home & Kitchen,Dish Drying Rack,"Good product, I'm satisfied.",5,2022/06/26,C644297,Noor Janssen,2018,29.0
P02569,Home & Kitchen,Vacuum Cleaner Pro,"It's okay, not great, not terrible.",3,2022-07-13,C155885,Louis Dubois,3500,26.0
P01571,Electronics,USB-C Docking Station,Not happy with this product.,1,2021-12-02,C488646,Emma Vermeulen,1011,36.0
P02237,Home & Kitchen,Stainless Steel Cookware Set,Not happy with this product.,2,2024/12/02,C931975,Adam Dubois,1011,27.0
P08941,Sports & Outdoors,Yoga Mat Non-Slip,"Good product, I'm satisfied.",4,2022/09/04,C506445,Noah Martens,3010,38.0
P08622,Sports & Outdoors,Yoga Mat Non-Slip,"Good product, I'm satisfied.",4,2023-03-18,C658619,Arthur Bosmans,9000A,28.0
P05803,Groceries,Organic Almond Milk,"Good product, I'm satisfied.",4,12-04-2023,C836831,Olivia Dubois,1050,33.0
P01866,Electronics,Wireless Noise-Cancelling Headphones,"It's okay, not great, not terrible.",3,2021/08/15,C581031,Noor Vermeulen,3500,25.0
P08547,Sports & Outdoors,Running Shorts,"Good product, I'm satisfied.",4,2022-11-23,C890054,Zoë Lefevre,9000,40.0
P06213,Clothing,Running Shoes,"It's okay, not great, not terrible.",3,27-03-2023,C855128,Lucas Martens,1050,34.0
P04439,Books,Thriller Novel: The Last Signal,"Good product, I'm satisfied.",4,2023-03-18,C864110,Noah Dubois,2018,41.0
P07598,Toys & Games,Plush Teddy Bear,"It's okay, not great, not terrible.",3,2023-06-20,C666768,Sophie Peeters,3000,28.0
P07415,Toys & Games,Building Blocks Set,"Good product, I'm satisfied.",4,2024-08-24,C626470,Lucas Peeters,3500,21.0
P07882,Toys & Games,Educational Puzzle Set,"Good product, I'm satisfied.",4,06-01-2024,C826528,Mila Bosmans,105,42.0
P03776,Beauty,Hydrating Face Serum,"It's okay, not great, not terrible.",3,2024-12-09,C863582,Sophie Lefevre,3500,74.0
P10648,Garden,Herb Seeds Mix,"It's okay, not great, not terrible.",3,15-12-2022,C428712,Liam De Wilde,2018,33.0
P02570,Home & Kitchen,Espresso Coffee Machine,"Good product, I'm satisfied.",4,12-03-2024,C565838,Zoë Lefevre,5000,19.0
P09849,Office Supplies,Wireless Computer Mouse,"Good product, I'm satisfied.",5,2022/08/28,C566432,Noor Dubois,3000,33.0
P03211,Beauty,Volumizing Mascara,Not happy with this product.,2,26-12-2022,C559876,Sophie Claes,2000,19.0
P01837,Electronics,Wireless Keyboard and Mouse Combo,"Good product, I'm satisfied.",5,2024-09-04,C159798,Lucas Janssen,5000,42.0
P06254,Clothing,Slim Fit Jeans,Not happy with this product.,1,2023-04-21,C721311,Ava Peeters,3500,43.0
P01502,Electronics,Bluetooth Portable Speaker,Not happy with this product.,1,2024/07/01,C167808,Noah Vermeulen,5000,19.0
P06280,Clothing,Slim Fit Jeans,"Good product, I'm satisfied.",4,2024-02-16,C943170,Arthur Maes,3000,23.0
P03996,Beauty,SPF 50 Daily Sunscreen,"Good product, I'm satisfied.",4,2023-07-14,C838315,Léa Janssen,2000,42.0
P01190,Electronics,Laptop Stand Aluminum,"Good product, I'm satisfied.",5,2022-05-12,C892572,Olivia De Wilde,105,43.0
P07732,Toys & Games,Building Blocks Set,"Good product, I'm satisfied.",5,2024-11-26,C144509,Léa Vermeulen,1180,26.0
P02563,Home & Kitchen,Memory Foam Pillow,"Good product, I'm satisfied.",5,2023/05/10,C260101,Olivia Bosmans,3500,45.0
P07429,Toys & Games,Plush Teddy Bear,"Good product, I'm satisfied.",4,25-06-2023,C121722,Louis Maes,105,37.0
P03961,Beauty,SPF 50 Daily Sunscreen,"Good product, I'm satisfied.",5,2021-07-28,C353925,Léa Janssen,2018,31.0
P03709,Beauty,Anti-Frizz Hair Oil,"Good product, I'm satisfied.",4,2023-10-31,C432711,Léa Claes,,40.0
P02745,Home & Kitchen,Memory Foam Pillow,,5,18-12-2024,C871250,Noor Hendriks,2000,71.0
P04976,Books,Psychology of Habits,"Good product, I'm satisfied.",5,2023-08-02,C597673,Léa Peeters,1180,39.0
P01728,Electronics,4K Ultra HD Smart TV,"Good product, I'm satisfied.",4,2021/02/10,C740419,Lucas Dubois,2000,35.0
P02224,Home & Kitchen,Stainless Steel Cookware Set,"Good product, I'm satisfied.",5,2023-02-15,C972661,Liam Maes,1011,37.0
P01615,Electronics,Wireless Keyboard and Mouse Combo,"Good product, I'm satisfied.",4,19-05-2022,C608727,Léa De Wilde,5000,26.0
P08553,Sports & Outdoors,Camping Lantern Rechargeable,Not happy with this product.,2,2023/07/09,C727924,Ava Lefevre,1180,29.0
P01496,Electronics,Gaming Mouse Pro Series,Not happy with this product.,2,2023/03/19,C143914,Liam Claes,3500,31.0
P02666,Home & Kitchen,Air Purifier with HEPA Filter,"Good product, I'm satisfied.",4,2024/08/06,C403419,Zoë Martens,3010,40.0
P02241,Home & Kitchen,Non-Stick Frying Pan,"Good product, I'm satisfied.",4,2024-12-17,C258157,Noah Lefevre,1180,38.0
P02894,Home & Kitchen,Stainless Steel Cookware Set,Not happy with this product.,2,2022-07-19,C201888,Noah Claes,1050,37.0
P06576,Clothing,Running Shoes,"Good product, I'm satisfied.",4,2022-11-09,C768695,Adam Hendriks,1050,43.0
P08379,Sports & Outdoors,Camping Lantern Rechargeable,"It's okay, not great, not terrible.",3,29-07-2023,C302177,Léa Peeters,,22.0
P02205,Home & Kitchen,Non-Stick Frying Pan,"Good product, I'm satisfied.",5,29-03-2022,C814039,Noor Claes,9000,
P02546,Home & Kitchen,Dish Drying Rack,"Good product, I'm satisfied.",4,10-04-2023,C555503,Zoë Bosmans,2000,34.0
P01677,Electronics,Wireless Noise-Cancelling Headphones,"Good product, I'm satisfied.",4,2024-04-04,C582758,Emma Peeters,1011,39.0
P01221,Electronics,Wireless Keyboard and Mouse Combo,"It's okay, not great, not terrible.",3,15-11-2022,C587343,Liam Janssen,3010,26.0
P02187,Home & Kitchen,Electric Kettle 1.7L,"Good product, I'm satisfied.",4,06-10-2024,C236411,Liam Janssen,9000B,25.0
P08930,Sports & Outdoors,Yoga Mat Non-Slip,"Good product, I'm satisfied.",4,2024-06-10,C587938,Emma Hendriks,2000,
P07807,Toys & Games,Building Blocks Set,Not happy with this product.,2,2022/07/18,C828756,Sophie Martens,1180,45.0
P10500,Garden,Indoor Plant Pot,"Good product, I'm satisfied.",4,2023-10-08,C510038,Arthur Lefevre,1050,25.0
P01194,Electronics,Wireless Keyboard and Mouse Combo,Not happy with this product.,2,13-01-2023,C684037,Ava Martens,1011,41.0
P02458,Home & Kitchen,Stainless Steel Cookware Set,"Good product, I'm satisfied.",5,2023-06-07,C587681,Zoë Lefevre,1011,40.0
P01641,Electronics,Smartphone Fast Charger,"It's okay, not great, not terrible.",3,14-11-2021,C779207,Liam Lefevre,,34.0
P07795,Toys & Games,Strategy Board Game,"Good product, I'm satisfied.",4,2021-05-18,C506532,Léa De Smet,1011,36.0
P07882,Toys & Games,Building Blocks Set,"It's okay, not great, not terrible.",3,2022/10/07,C133133,Mila Peeters,5000,42.0
P07964,Toys & Games,Plush Teddy Bear,"Good product, I'm satisfied.",4,2022/09/17,C256175,Sophie De Wilde,5000A,31.0
P07658,Toys & Games,Building Blocks Set,Not happy with this product.,2,2024-04-24,C181242,Noah Claes,3000A,29.0
P01933,Electronics,USB-C Docking Station,"Good product, I'm satisfied.",4,2024-09-17,C428815,Emma Vermeulen,1180,31.0
P02802,Home & Kitchen,Vacuum Cleaner Pro,"Good product, I'm satisfied.",4,2021-10-29,C422066,Adam De Wilde,3000,39.0
P08946,Sports & Outdoors,Running Shorts,Not happy with this product.,2,2024-05-05,C468880,Lucas Janssen,1050A,26.0
P04677,Books,Psychology of Habits,"Good product, I'm satisfied.",4,10-05-2023,C789247,Sophie Maes,1050,25.0
P01132,Electronics,Smartphone Fast Charger,Not happy with this product.,2,2023-06-23,C700383,Arthur Peeters,3500,41.0
P01376,Electronics,Laptop Stand Aluminum,"It's okay, not great, not terrible.",3,27-10-2022,C771088,Arthur Maes,2000,35.0
P01636,Electronics,Wireless Noise-Cancelling Headphones,"Good product, I'm satisfied.",4,09-02-2024,C481133,Louis De Smet,1050,27.0
P01857,Electronics,USB-C Docking Station,"Good product, I'm satisfied.",5,2021-07-07,C306118,Liam Janssen,1180,53.0
P01863,Electronics,Bluetooth Portable Speaker,"Good product, I'm satisfied.",5,2022-05-22,C157156,Arthur De Wilde,5000,
P08497,Sports & Outdoors,Stainless Steel Water Bottle,"It's okay, not great, not terrible.",3,18-08-2023,C584734,Sophie Peeters,500,28.0
P02568,Home & Kitchen,Non-Stick Frying Pan,"Good product, I'm satisfied.",4,2023-09-12,C449088,Lucas Dubois,3000,25.0
P08817,Sports & Outdoors,Running Shorts,"Good product, I'm satisfied.",5,2024-01-14,C560103,Arthur De Smet,1050,24.0
P01973,Electronics,Wireless Keyboard and Mouse Combo,"Good product, I'm satisfied.",4,2024/03/10,C913754,Adam Dubois,2000,
P02146,Home & Kitchen,Dish Drying Rack,"Good product, I'm satisfied.",4,2023/07/25,C122582,Finn De Wilde,1011,49.0
P05336,Groceries,Organic Almond Milk,Not happy with this product.,1,2023-03-16,C798799,Léa Peeters,3010,
P01120,Electronics,Laptop Stand Aluminum,Not happy with this product.,2,09-05-2022,C882372,Arthur Peeters,3000A,21.0
P08873,Sports & Outdoors,Yoga Mat Non-Slip,"It's okay, not great, not terrible.",3,2024/09/21,C211452,Noor Dubois,118,20.0
P08379,Sports & Outdoors,Running Shorts,Not happy with this product.,1,29-04-2023,C105296,Mila De Smet,1011,45.0
P01853,Electronics,Smartphone Fast Charger,"Good product, I'm satisfied.",5,2023-10-03,C859788,Noor Dubois,2018,42.0
P03470,Beauty,Volumizing Mascara,Not happy with this product.,1,2024/10/16,C935626,Léa Vermeulen,1011,45.0
P02629,Home & Kitchen,Electric Kettle 1.7L,"Good product, I'm satisfied.",5,2022-06-29,C551650,Arthur Claes,9000,26.0
P01683,Electronics,Wireless Noise-Cancelling Headphones,"Good product, I'm satisfied.",5,2022-06-12,C847665,Louis Peeters,1050,
P03706,Beauty,Anti-Frizz Hair Oil,"Good product, I'm satisfied.",5,2024-01-07,C115462,Liam Vermeulen,3500,32.0
P02195,Home & Kitchen,Stainless Steel Cookware Set,Great value for money. I use it almost every day for home & kitchen tasks and it performs very well.,4,2024-09-21,C408528,Noah Lefevre,5000,42.0
P01167,Electronics,Gaming Mouse Pro Series,"Good product, I'm satisfied.",4,2024-11-13,C120636,Emma Bosmans,1011A,36.0
P01639,Electronics,Wireless Noise-Cancelling Headphones,"Good product, I'm satisfied.",5,2022-02-25,C470418,Noor Claes,350,49.0
P02238,Home & Kitchen,Memory Foam Pillow,Not happy with this product.,1,2023-11-07,C524181,Léa Dubois,500,30.0
P02862,Home & Kitchen,Vacuum Cleaner Pro,"Good product, I'm satisfied.",4,17-09-2022,C889886,Mila Peeters,9000,27.0
P07564,Toys & Games,Educational Puzzle Set,,5,2023-07-29,C204949,Ava Hendriks,3000A,36.0
P01504,Electronics,Wireless Noise-Cancelling Headphones,Not happy with this product.,1,2022-05-06,C265405,Arthur Martens,3010,21.0
P02526,Home & Kitchen,Non-Stick Frying Pan,"Good product, I'm satisfied.",5,2024-02-04,C727203,Arthur De Wilde,3500,26.0
P04151,Books,Psychology of Habits,"Good product, I'm satisfied.",4,2021-12-14,C551796,Finn Hendriks,3010,29.0
P02144,Home & Kitchen,Non-Stick Frying Pan,"Good product, I'm satisfied.",4,2022-11-17,C733870,Olivia Dubois,118,34.0
P09963,Office Supplies,Gel Ink Pens Pack,"Good product, I'm satisfied.",4,2024-03-06,C882109,Mila Martens,3010,19.0
P05107,Groceries,Organic Almond Milk,Not happy with this product.,2,06-04-2024,C833118,Emma Bosmans,3000,
P05928,Groceries,Organic Almond Milk,"Good product, I'm satisfied.",4,26-09-2023,C242354,Zoë Lefevre,3010,41.0
P01746,Electronics,4K Ultra HD Smart TV,"It's okay, not great, not terrible.",3,10-04-2023,C811755,Noah Claes,9000B,23.0
P07742,Toys & Games,Building Blocks Set,Not happy with this product.,2,2022/07/26,C835778,Lucas De Wilde,1180,40.0
P07293,Toys & Games,Strategy Board Game,Not happy with this product.,2,2021-05-19,C916532,Noor Janssen,1050,33.0
P02509,Home & Kitchen,Espresso Coffee Machine,"Good product, I'm satisfied.",4,2021-04-07,C183641,Noor Martens,5000,28.0
P03446,Beauty,Hydrating Face Serum,"Good product, I'm satisfied.",4,2023-05-05,C828586,,300,32.0
P02791,Home & Kitchen,Electric Kettle 1.7L,"It's okay, not great, not terrible.",3,2023-08-13,C911624,Arthur Maes,2018,21.0
P02431,Home & Kitchen,Memory Foam Pillow,Not happy with this product.,2,30-04-2024,C998849,Finn Dubois,1180,32.0
P08917,Sports & Outdoors,Running Shorts,"Good product, I'm satisfied.",4,21-06-2023,C786477,Sophie Hendriks,3010,26.0
P06381,Clothing,Lightweight Hoodie,"It's okay, not great, not terrible.",3,2021-09-03,C763049,Sophie Claes,3000,41.0
P01220,Electronics,Wireless Keyboard and Mouse Combo,Not happy with this product.,1,26-09-2022,C977416,Noor Lefevre,350,
P07154,Toys & Games,Plush Teddy Bear,Not happy with this product.,1,2022-03-14,C866884,Mila Vermeulen,1011B,
P02289,Home & Kitchen,Memory Foam Pillow,Not happy with this product.,2,2022-11-10,C735833,Finn Peeters,2000,31.0
P01264,Electronics,Wireless Keyboard and Mouse Combo,Not happy with this product.,1,29-08-2022,C338113,Arthur Lefevre,1180,20.0
P06288,Clothing,Slim Fit Jeans,"Good product, I'm satisfied.",4,2022-11-14,C436873,Louis De Smet,1011,25.0
P02316,Home & Kitchen,Dish Drying Rack,"Good product, I'm satisfied.",4,2024-12-31,C665492,Léa Bosmans,1050,28.0
P08127,Sports & Outdoors,Stainless Steel Water Bottle,"Good product, I'm satisfied.",4,07-04-2022,C893213,Emma Vermeulen,1050,25.0
P10883,Garden,Indoor Plant Pot,"Good product, I'm satisfied.",4,2023-12-31,C573213,Lucas Peeters,3000,27.0
P09175,Office Supplies,Wireless Computer Mouse,Not happy with this product.,1,2024/02/09,C589015,Noor Hendriks,9000,35.0
P01601,Electronics,Gaming Mouse Pro Series,,4,2022-12-08,C267930,Noah Bosmans,3500,27.0
P01142,Electronics,4K Ultra HD Smart TV,"Good product, I'm satisfied.",5,31-01-2022,C715054,Zoë Hendriks,3000B,40.0
P02741,Home & Kitchen,Vacuum Cleaner Pro,Not happy with this product.,2,2021-12-13,C443609,Zoë Lefevre,2018,
P01322,Electronics,Bluetooth Portable Speaker,"It's okay, not great, not terrible.",3,21-09-2023,C454262,Finn Janssen,3010,26.0
P02760,Home & Kitchen,Stainless Steel Cookware Set,"Good product, I'm satisfied.",5,2024-09-23,C646849,Liam Vermeulen,200,25.0
P02405,Home & Kitchen,Dish Drying Rack,"Good product, I'm satisfied.",4,27-05-2023,C910040,Léa Vermeulen,3500,38.0
P07577,Toys & Games,Educational Puzzle Set,Not happy with this product.,2,2021-07-25,C825962,Ava Lefevre,2000,39.0
P01218,Electronics,4K Ultra HD Smart TV,Not happy with this product.,2,2022-01-06,C218184,Mila Lefevre,3010,35.0
P06108,Clothing,Slim Fit Jeans,"Good product, I'm satisfied.",5,2024-05-23,C742643,Mila Claes,,42.0
P02270,Home & Kitchen,Electric Kettle 1.7L,"Good product, I'm satisfied.",4,25-12-2023,C902484,Adam Peeters,3500,
P04284,Books,Beginner's Guide to Python,Not happy with this product.,2,24-06-2022,C576126,Emma Dubois,5000,26.0
P09804,Office Supplies,Wireless Computer Mouse,"Good product, I'm satisfied.",4,2022-04-29,C271161,Olivia De Smet,3500,33.0
P08952,Sports & Outdoors,Yoga Mat Non-Slip,Not happy with this product.,1,2022-07-22,C725742,Ava Janssen,1180A,18.0
P01333,Electronics,USB-C Docking Station,"It's okay, not great, not terrible.",3,02-07-2022,C428709,Lucas Hendriks,1180,36.0
P02176,Home & Kitchen,Memory Foam Pillow,"It's okay, not great, not terrible.",3,2021-03-10,C406204,Mila De Wilde,,39.0
P02867,Home & Kitchen,Dish Drying Rack,"It's okay, not great, not terrible.",3,2022-10-27,C322748,Noah Maes,2000A,44.0
P06782,Clothing,Slim Fit Jeans,"It's okay, not great, not terrible.",3,2021/05/08,C409438,Noah Vermeulen,3010,20.0
P03697,Beauty,Matte Liquid Lipstick,"Good product, I'm satisfied.",4,2023-05-23,C143141,Louis Maes,1180,20.0
P02180,Home & Kitchen,Dish Drying Rack,,3,2023-06-09,C918017,Emma Martens,3000,45.0
P10892,Garden,Herb Seeds Mix,"Good product, I'm satisfied.",5,23-05-2024,C965938,Lucas Vermeulen,9000,59.0
P03145,Beauty,SPF 50 Daily Sunscreen,"Good product, I'm satisfied.",4,2021-08-02,C423290,Liam Vermeulen,2018,62.0
P09454,Office Supplies,Gel Ink Pens Pack,"Good product, I'm satisfied.",5,2022-05-29,C644103,Zoë Vermeulen,2018,44.0
P10986,Garden,Indoor Plant Pot,Not happy with this product.,2,2023-07-31,C125605,Finn Hendriks,118,45.0
P02240,Home & Kitchen,Vacuum Cleaner Pro,"Good product, I'm satisfied.",5,2024/12/11,C302488,Adam De Wilde,5000,23.0
P01107,Electronics,USB-C Docking Station,"Good product, I'm satisfied.",4,02-07-2021,C164153,Ava Peeters,9000,39.0
P08279,Sports & Outdoors,Running Shorts,"Good product, I'm satisfied.",5,2021-04-26,C467124,Louis De Smet,3500,32.0
P04766,Books,Marketing Strategy Handbook,"Good product, I'm satisfied.",5,2024-07-01,C503100,Ava De Wilde,1180,45.0
P02766,Home & Kitchen,Vacuum Cleaner Pro,"Good product, I'm satisfied.",5,2021-07-04,C948027,Adam Janssen,2018,
P07805,Toys & Games,Building Blocks Set,"It's okay, not great, not terrible.",3,2022-11-30,C509992,Emma Bosmans,2018,35.0
P07257,Toys & Games,Strategy Board Game,"Good product, I'm satisfied.",4,2024-11-14,C102496,Olivia Janssen,3500A,21.0
P10113,Garden,Indoor Plant Pot,"Good product, I'm satisfied.",4,27-06-2023,C879794,,1050,44.0
P08315,Sports & Outdoors,Running Shorts,Not happy with this product.,1,2022-08-31,C139514,Noor Lefevre,9000B,29.0
P01705,Electronics,Smartphone Fast Charger,"It's okay, not great, not terrible.",3,2022/10/23,C444749,Finn Hendriks,2018,33.0
P01537,Electronics,USB-C Docking Station,"Good product, I'm satisfied.",4,2023-04-02,C778931,Sophie Bosmans,2000,45.0
P04610,Books,Psychology of Habits,,4,2021-06-29,C532005,Zoë Maes,3500,41.0
P02502,Home & Kitchen,Non-Stick Frying Pan,"It's okay, not great, not terrible.",3,15-03-2022,C659905,Lucas Hendriks,105,22.0
P07385,Toys & Games,Educational Puzzle Set,"Good product, I'm satisfied.",4,21-01-2022,C376729,Finn Lefevre,3500,31.0
P02535,Home & Kitchen,Air Purifier with HEPA Filter,"Good product, I'm satisfied.",4,2023/03/13,C620449,Léa Dubois,3000A,31.0
P02440,Home & Kitchen,Dish Drying Rack,"It's okay, not great, not terrible.",3,2021-08-03,C138683,Adam Vermeulen,1180,67.0
P01448,Electronics,Bluetooth Portable Speaker,Not happy with this product.,1,2021-10-30,C851763,Olivia Martens,3500,24.0
P01278,Electronics,Gaming Mouse Pro Series,"Good product, I'm satisfied.",5,27-11-2022,C329580,Zoë Vermeulen,900,33.0
P09815,Office Supplies,Wireless Computer Mouse,"Good product, I'm satisfied.",5,2021-01-04,C423066,Emma Dubois,1180,38.0
P02881,Home & Kitchen,Vacuum Cleaner Pro,Very disappointed with this purchase. The vacuum cleaner pro did not match the description and feels cheap.,1,2021-01-29,C593894,Léa Peeters,2000,58.0
P08252,Sports & Outdoors,Camping Lantern Rechargeable,Not happy with this product.,1,2021/07/27,C194458,Léa Maes,9000,54.0
P02104,Home & Kitchen,Non-Stick Frying Pan,"Good product, I'm satisfied.",4,2024/05/02,C426087,Zoë Janssen,1050,41.0
P07776,Toys & Games,Building Blocks Set,,3,2022-11-27,C209397,Lucas De Wilde,2000A,39.0
P08208,Sports & Outdoors,Yoga Mat Non-Slip,"Good product, I'm satisfied.",4,07-11-2023,C738622,Noah Martens,,43.0
P01683,Electronics,Wireless Noise-Cancelling Headphones,"Good product, I'm satisfied.",5,2022-06-12,C847665,Louis Peeters,1050,28.0
P10647,Garden,LED Grow Light,"It's okay, not great, not terrible.",3,2024/05/24,C221828,Emma Hendriks,1050B,38.0
P01927,Electronics,4K Ultra HD Smart TV,Not happy with this product.,2,2021-06-02,C419328,Noah De Smet,1180,40.0
P02293,Home & Kitchen,Dish Drying Rack,"Good product, I'm satisfied.",5,2024-08-16,C717592,Léa Vermeulen,3500,33.0
P02301,Home & Kitchen,Vacuum Cleaner Pro,"It's okay, not great, not terrible.",3,2024-02-08,C147930,Léa De Smet,9000,36.0
P06925,Clothing,Formal White Shirt,"Good product, I'm satisfied.",5,25-11-2022,C102327,Lucas De Smet,500,44.0
P09216,Office Supplies,Wireless Computer Mouse,"Good product, I'm satisfied.",5,03-12-2022,C183854,Sophie Claes,1050,
P04701,Books,Cookbook: Easy Weeknight Meals,"Good product, I'm satisfied.",4,2022-05-21,C840224,Emma De Wilde,3000,44.0
P01191,Electronics,Wireless Keyboard and Mouse Combo,"Good product, I'm satisfied.",4,2021-12-18,C298712,Léa Janssen,3000,22.0
P01264,Electronics,Wireless Noise-Cancelling Headphones,"Good product, I'm satisfied.",5,28-03-2022,C442360,Zoë Lefevre,5000,29.0
P08476,Sports & Outdoors,Stainless Steel Water Bottle,"Good product, I'm satisfied.",5,12-10-2024,C264951,Ava Peeters,9000,25.0
P05133,Groceries,Whole Bean Coffee Dark Roast,"Good product, I'm satisfied.",4,2021/04/27,C462177,,1011B,68.0
P02568,Home & Kitchen,Memory Foam Pillow,"Good product, I'm satisfied.",5,2022-09-20,C418853,Finn Dubois,1011,34.0
P01623,Electronics,Wireless Noise-Cancelling Headphones,,3,2022-05-19,C471371,Olivia Janssen,1180B,31.0
P01181,Electronics,Wireless Keyboard and Mouse Combo,Not happy with this product.,2,2023-06-23,C477048,Mila Lefevre,3010,24.0
P02492,Home & Kitchen,Non-Stick Frying Pan,Not happy with this product.,2,2021-04-04,C627786,Finn Vermeulen,1011,41.0
P01445,Electronics,Laptop Stand Aluminum,"Good product, I'm satisfied.",4,2021/09/08,C973338,Finn Peeters,3010,36.0
P09319,Office Supplies,Ergonomic Office Chair,Not happy with this product.,2,2021-03-16,C534352,Zoë De Smet,,
P06403,Clothing,Formal White Shirt,Not happy with this product.,2,20-06-2024,C893531,Noor Maes,9000B,19.0
P02188,Home & Kitchen,Stainless Steel Cookware Set,,3,2021-06-30,C979296,Lucas De Smet,,19.0
P02433,Home & Kitchen,Stainless Steel Cookware Set,Not happy with this product.,1,2024/01/19,C353161,Léa De Wilde,3000,40.0
P01195,Electronics,Wireless Noise-Cancelling Headphones,Not happy with this product.,2,2023-09-22,C890170,Adam De Smet,1180,25.0
P03975,Beauty,Matte Liquid Lipstick,"It's okay, not great, not terrible.",3,2023-10-25,C390899,Lucas De Wilde,3010,36.0
P03205,Beauty,Anti-Frizz Hair Oil,"Good product, I'm satisfied.",4,2024-03-28,C568449,Finn Vermeulen,200,29.0
P01108,Electronics,Gaming Mouse Pro Series,Not happy with this product.,1,2023-08-28,C435010,Zoë Hendriks,1180B,23.0
P02783,Home & Kitchen,Electric Kettle 1.7L,"It's okay, not great, not terrible.",3,2022-07-18,C204878,Finn Claes,3000,19.0
P09350,Office Supplies,Wireless Computer Mouse,"Good product, I'm satisfied.",5,2022-03-22,C894212,Adam Claes,1011,53.0
P01461,Electronics,Bluetooth Portable Speaker,Not happy with this product.,2,30-10-2023,C428040,Mila Hendriks,1011,29.0
P01134,Electronics,Bluetooth Portable Speaker,"Good product, I'm satisfied.",4,2022/10/21,C684807,Louis De Smet,5000B,28.0
P01599,Electronics,Bluetooth Portable Speaker,"Good product, I'm satisfied.",5,23-09-2023,C652813,Noor Vermeulen,2000,31.0
P07801,Toys & Games,Plush Teddy Bear,"Good product, I'm satisfied.",4,2021/06/08,C159844,Noah Claes,2000,43.0
P02960,Home & Kitchen,Air Purifier with HEPA Filter,"Good product, I'm satisfied.",4,2022-05-05,C768636,Ava Maes,3000,35.0
P01205,Electronics,USB-C Docking Station,"Good product, I'm satisfied.",5,2022-06-24,C837920,Noor Hendriks,301,36.0
P01506,Electronics,Gaming Mouse Pro Series,"Good product, I'm satisfied.",4,2024-05-07,C567576,Mila Peeters,3000A,36.0
P01511,Electronics,Wireless Noise-Cancelling Headphones,"It's okay, not great, not terrible.",3,2021-04-26,C560285,Noah Maes,1011,64.0
P03164,Beauty,Nourishing Shampoo,"Good product, I'm satisfied.",4,02-07-2023,C545237,Sophie Maes,900,43.0
P01225,Electronics,USB-C Docking Station,"Good product, I'm satisfied.",5,2021-09-19,C574016,Noah De Wilde,9000B,35.0
P01816,Electronics,Smartphone Fast Charger,Not happy with this product.,2,21-10-2022,C230034,Arthur Peeters,900,43.0
P09319,Office Supplies,Gel Ink Pens Pack,Not happy with this product.,2,2024-05-18,C223233,Olivia Dubois,2018B,39.0
P08903,Sports & Outdoors,Camping Lantern Rechargeable,"Good product, I'm satisfied.",5,11-06-2022,C272666,Emma Dubois,2018,25.0
P01347,Electronics,USB-C Docking Station,"Good product, I'm satisfied.",5,2023-06-05,C991253,Sophie Claes,3000,33.0
P03864,Beauty,Hydrating Face Serum,"Good product, I'm satisfied.",4,2022-04-22,C423406,Olivia Hendriks,1180,25.0
P07713,Toys & Games,Plush Teddy Bear,"Good product, I'm satisfied.",4,14-06-2024,C789228,Emma Martens,2018,43.0
P07794,Toys & Games,Strategy Board Game,Not happy with this product.,2,22-01-2022,C469945,Emma Maes,118,42.0
P02137,Home & Kitchen,Espresso Coffee Machine,"It's okay, not great, not terrible.",3,19-02-2023,C991779,Louis De Wilde,5000,26.0
P03551,Beauty,Volumizing Mascara,"Good product, I'm satisfied.",4,2021/02/10,C713302,Finn Dubois,3010,27.0
P02474,Home & Kitchen,Espresso Coffee Machine,"Good product, I'm satisfied.",5,2021-11-29,C458539,Léa Hendriks,3000,42.0
P01608,Electronics,4K Ultra HD Smart TV,"Good product, I'm satisfied.",4,2021-05-10,C799785,Ava De Wilde,1011,31.0
P06389,Clothing,Lightweight Hoodie,"Good product, I'm satisfied.",4,2023/06/12,C376002,,,29.0
P06968,Clothing,Formal White Shirt,Not happy with this product.,2,30-12-2021,C693591,Louis De Smet,3500,
P02835,Home & Kitchen,Vacuum Cleaner Pro,"Good product, I'm satisfied.",4,2021-05-10,C560887,Liam Hendriks,900,23.0
P04770,Books,Marketing Strategy Handbook,"It's okay, not great, not terrible.",3,2022-08-05,C508783,Ava De Smet,350,18.0
P02897,Home & Kitchen,Dish Drying Rack,Not happy with this product.,1,06-07-2024,C426839,Arthur Hendriks,3000,35.0
P03696,Beauty,Hydrating Face Serum,"Good product, I'm satisfied.",4,2021-03-08,C593856,Zoë Vermeulen,1011,18.0
P07753,Toys & Games,Strategy Board Game,"Good product, I'm satisfied.",5,2023-06-04,C975922,Ava De Smet,500,24.0
P01103,Electronics,Wireless Noise-Cancelling Headphones,Not happy with this product.,1,2021-08-27,C991554,Finn Lefevre,1050,25.0
P02455,Home & Kitchen,Non-Stick Frying Pan,,5,2021/08/22,C802237,Léa Hendriks,1011,44.0
P01542,Electronics,Wireless Noise-Cancelling Headphones,Not happy with this product.,1,2021/05/18,C774564,Zoë Claes,300,43.0
P01884,Electronics,4K Ultra HD Smart TV,"Good product, I'm satisfied.",5,2024/12/02,C279369,Finn Hendriks,3500,38.0
P03890,Beauty,Hydrating Face Serum,"Good product, I'm satisfied.",5,2023/02/07,C495727,Léa De Smet,9000B,25.0
P06427,Clothing,Slim Fit Jeans,"Good product, I'm satisfied.",5,07-09-2023,C254958,Mila Claes,3000,54.0
P02535,Home & Kitchen,Non-Stick Frying Pan,Not happy with this product.,2,2021-06-01,C123126,Finn Peeters,3000,23.0
P01417,Electronics,Wireless Keyboard and Mouse Combo,"Good product, I'm satisfied.",4,2022-08-08,C991352,Louis Janssen,1180,39.0
P01860,Electronics,Bluetooth Portable Speaker,"It's okay, not great, not terrible.",3,2022-07-24,C903130,Mila Lefevre,1180,20.0
P02844,Home & Kitchen,Stainless Steel Cookware Set,"It's okay, not great, not terrible.",3,2021-04-28,C469685,Finn Lefevre,1180,23.0
P04559,Books,Marketing Strategy Handbook,"It's okay, not great, not terrible.",3,2024-05-10,C983372,,9000,45.0
P06738,Clothing,Lightweight Hoodie,"Good product, I'm satisfied.",5,2022-01-19,C947075,Ava Martens,3000,28.0
P07828,Toys & Games,Plush Teddy Bear,"Good product, I'm satisfied.",4,2022-02-16,C872610,Zoë Maes,1011,50.0
P02815,Home & Kitchen,Non-Stick Frying Pan,"Good product, I'm satisfied.",4,25-01-2021,C643377,Louis Martens,1180,44.0
P02667,Home & Kitchen,Air Purifier with HEPA Filter,Not happy with this product.,2,2022-05-25,C680000,Olivia De Smet,1050,37.0
P04578,Books,Psychology of Habits,Not happy with this product.,2,04-10-2022,C370748,Arthur Maes,3010,73.0
P02510,Home & Kitchen,Espresso Coffee Machine,"Good product, I'm satisfied.",4,2022-05-27,C506178,Léa Maes,9000,41.0
P01272,Electronics,Wireless Noise-Cancelling Headphones,"Good product, I'm satisfied.",5,04-10-2023,C169120,Olivia De Smet,3500,35.0
P01205,Electronics,Laptop Stand Aluminum,"Good product, I'm satisfied.",4,23-02-2021,C200195,Liam Claes,2018,33.0
P01691,Electronics,Bluetooth Portable Speaker,Not happy with this product.,1,11-09-2024,C234580,Ava Bosmans,1050,37.0
P02453,Home & Kitchen,Electric Kettle 1.7L,"It's okay, not great, not terrible.",3,2023-12-09,C580280,Arthur De Wilde,2000B,44.0
P04448,Books,Psychology of Habits,"Good product, I'm satisfied.",4,2021-05-02,C688663,Louis Martens,3500,50.0
P09782,Office Supplies,Gel Ink Pens Pack,Not happy with this product.,2,2023-08-21,C876538,Liam Lefevre,5000,45.0
P06720,Clothing,Slim Fit Jeans,Not happy with this product.,2,2021/12/02,C736745,Arthur Bosmans,3000,64.0
P02299,Home & Kitchen,Vacuum Cleaner Pro,"Good product, I'm satisfied.",5,2024-04-20,C430156,Ava Lefevre,3000A,25.0
P08376,Sports & Outdoors,Stainless Steel Water Bottle,"It's okay, not great, not terrible.",3,2024-05-02,C485021,Finn Bosmans,1011,26.0
P10542,Garden,Herb Seeds Mix,,4,2021-11-12,C813006,Mila Hendriks,1011,31.0
P01592,Electronics,Bluetooth Portable Speaker,Not happy with this product.,1,2023-03-28,C343075,Sophie Martens,300,34.0
P07218,Toys & Games,Educational Puzzle Set,"Good product, I'm satisfied.",5,2022-12-22,C903323,Olivia De Smet,1050,75.0
P10507,Garden,LED Grow Light,Not happy with this product.,2,2024-10-25,C959860,Zoë Maes,,41.0
P08120,Sports & Outdoors,Stainless Steel Water Bottle,"It's okay, not great, not terrible.",3,2024/07/12,C604786,Noah Vermeulen,9000A,28.0
P02119,Home & Kitchen,Memory Foam Pillow,"Good product, I'm satisfied.",5,2022/07/11,C698643,,1050,26.0
P07707,Toys & Games,Strategy Board Game,"Good product, I'm satisfied.",4,19-08-2024,C957588,Ava Martens,3010,19.0
P01446,Electronics,Bluetooth Portable Speaker,"Good product, I'm satisfied.",5,04-06-2023,C332519,Ava Hendriks,1180,26.0
P06866,Clothing,Running Shoes,"Good product, I'm satisfied.",4,2022-11-21,C279636,Olivia Martens,9000,44.0
P01454,Electronics,4K Ultra HD Smart TV,"Good product, I'm satisfied.",4,2021/09/13,C320734,Lucas De Wilde,200,66.0
P04197,Books,Psychology of Habits,"Good product, I'm satisfied.",5,2021-06-21,C990890,Zoë Maes,3010,43.0
P06975,Clothing,Slim Fit Jeans,Not happy with this product.,1,2022-04-29,C289582,Liam De Wilde,1011,40.0
P07465,Toys & Games,Educational Puzzle Set,"It's okay, not great, not terrible.",3,2022-03-13,C585124,Louis Lefevre,3010,28.0
P03260,Beauty,SPF 50 Daily Sunscreen,"It's okay, not great, not terrible.",3,2022-09-10,C833428,,3000,39.0
P01180,Electronics,USB-C Docking Station,"Good product, I'm satisfied.",5,2022-01-15,C620103,Adam Vermeulen,1011,31.0
P08860,Sports & Outdoors,Stainless Steel Water Bottle,"It's okay, not great, not terrible.",3,2024-11-26,C778553,Noor Lefevre,2000,35.0
P10870,Garden,Herb Seeds Mix,Not happy with this product.,2,2021-07-21,C447704,Léa Lefevre,2018,43.0
P01407,Electronics,4K Ultra HD Smart TV,"It's okay, not great, not terrible.",3,2023/01/26,C689044,Noor Peeters,2000,35.0
P04823,Books,Marketing Strategy Handbook,"Good product, I'm satisfied.",4,2021/01/03,C540636,Ava Hendriks,1180,29.0
P01446,Electronics,4K Ultra HD Smart TV,"It's okay, not great, not terrible.",3,2022-03-28,C122056,Finn Maes,2000,73.0
P02645,Home & Kitchen,Dish Drying Rack,,4,2023-06-12,C830530,Noor De Smet,1011,41.0
P03530,Beauty,Volumizing Mascara,Not happy with this product.,1,2021-08-08,C375610,Emma De Smet,2018,28.0
P04258,Books,Thriller Novel: The Last Signal,Not happy with this product.,2,2021-01-14,C507758,Ava Dubois,2018,24.0
P01316,Electronics,Smartphone Fast Charger,"Good product, I'm satisfied.",5,20-06-2024,C891824,Adam De Wilde,3000A,21.0
P10691,Garden,Herb Seeds Mix,Not happy with this product.,2,2021-12-11,C709307,Noah De Wilde,,24.0
P02173,Home & Kitchen,Dish Drying Rack,Not happy with this product.,2,2022/06/11,C318752,Adam Vermeulen,3000,42.0
P08225,Sports & Outdoors,Stainless Steel Water Bottle,Not happy with this product.,1,01-12-2024,C429298,Finn Janssen,9000,25.0
P04795,Books,Psychology of Habits,"Good product, I'm satisfied.",5,2022-07-25,C384189,Sophie De Wilde,1011,37.0
P08259,Sports & Outdoors,Running Shorts,Not happy with this product.,2,2022-07-27,C801918,Sophie Janssen,,36.0
P08573,Sports & Outdoors,Running Shorts,"Good product, I'm satisfied.",5,2021-09-06,C737036,Olivia Peeters,,57.0
P05549,Groceries,Granola with Nuts,"Good product, I'm satisfied.",4,15-07-2023,C913657,Lucas Vermeulen,5000,30.0
P02687,Home & Kitchen,Electric Kettle 1.7L,"Good product, I'm satisfied.",5,27-06-2024,C337144,Léa Lefevre,2018B,33.0
P07752,Toys & Games,Strategy Board Game,"Good product, I'm satisfied.",5,2023-01-18,C475506,Olivia Lefevre,,36.0
P01989,Electronics,USB-C Docking Station,Not happy with this product.,1,2022-11-28,C432793,Liam De Smet,2018,42.0
P02106,Home & Kitchen,Air Purifier with HEPA Filter,"Good product, I'm satisfied.",4,2022/07/01,C373453,Mila De Smet,1011,33.0
P03925,Beauty,SPF 50 Daily Sunscreen,"Good product, I'm satisfied.",5,2021-03-28,C471371,Liam Lefevre,5000,22.0
P07507,Toys & Games,Building Blocks Set,Not happy with this product.,2,2022-07-25,C784705,Noah Hendriks,3010,26.0
P04754,Books,Psychology of Habits,"Good product, I'm satisfied.",5,2022-05-08,C397250,Louis Vermeulen,9000,
P01344,Electronics,USB-C Docking Station,"Good product, I'm satisfied.",4,18-05-2022,C811190,Emma De Smet,5000,45.0
P04750,Books,Cookbook: Easy Weeknight Meals,"Good product, I'm satisfied.",4,2024/08/21,C990870,Liam De Wilde,2000B,36.0
P03177,Beauty,Hydrating Face Serum,"Good product, I'm satisfied.",4,2023-01-27,C824586,Zoë Dubois,3500,36.0
P06887,Clothing,Running Shoes,"It's okay, not great, not terrible.",3,2021-09-26,C382523,Mila Bosmans,3010B,44.0
P04170,Books,Beginner's Guide to Python,Not happy with this product.,2,18-02-2023,C213798,Mila Janssen,9000,36.0
P05665,Groceries,Organic Almond Milk,"Good product, I'm satisfied.",5,2024-11-25,C605595,Emma Lefevre,1180,28.0
P04776,Books,Psychology of Habits,Not happy with this product.,2,2021-06-03,C185131,Olivia De Smet,1180,34.0
P01402,Electronics,Wireless Noise-Cancelling Headphones,"Good product, I'm satisfied.",5,2024-10-25,C226956,Noah Dubois,1011,36.0
P07386,Toys & Games,Strategy Board Game,"Good product, I'm satisfied.",4,24-09-2024,C252108,Olivia De Wilde,2018,28.0
P10491,Garden,Indoor Plant Pot,"It's okay, not great, not terrible.",3,28-07-2024,C637533,Arthur Peeters,1180,33.0
P09841,Office Supplies,Notebook A5 Lined,"Good product, I'm satisfied.",4,2024-06-29,C392126,Noor Claes,9000,26.0
P08827,Sports & Outdoors,Running Shorts,"Good product, I'm satisfied.",5,2024-10-02,C293697,Noah Claes,1011,23.0
P09669,Office Supplies,Notebook A5 Lined,"It's okay, not great, not terrible.",3,2022-03-02,C246735,Mila Bosmans,3000,31.0
P02368,Home & Kitchen,Vacuum Cleaner Pro,"Good product, I'm satisfied.",4,2024-08-24,C230620,Finn Peeters,9000,43.0
P02729,Home & Kitchen,Dish Drying Rack,"Good product, I'm satisfied.",5,2021-09-11,C452052,Zoë Maes,1011,39.0
P02844,Home & Kitchen,Electric Kettle 1.7L,"It's okay, not great, not terrible.",3,2023-04-01,C483545,Léa Lefevre,201,27.0
P08901,Sports & Outdoors,Yoga Mat Non-Slip,Not happy with this product.,1,06-10-2021,C622688,Sophie De Smet,3500,38.0
P06180,Clothing,Formal White Shirt,"Good product, I'm satisfied.",4,10-07-2021,C892453,Léa Claes,5000B,39.0
P08281,Sports & Outdoors,Running Shorts,"Good product, I'm satisfied.",5,2022/07/28,C746067,Noah Dubois,5000B,21.0
P02588,Home & Kitchen,Air Purifier with HEPA Filter,"Good product, I'm satisfied.",4,2022-07-05,C475940,Finn Maes,3000,40.0
P01944,Electronics,Wireless Noise-Cancelling Headphones,"Good product, I'm satisfied.",4,2022/12/06,C823655,Arthur De Smet,118,39.0
P09869,Office Supplies,Gel Ink Pens Pack,"Good product, I'm satisfied.",5,2022-01-31,C238713,Léa Lefevre,2000,25.0
P02774,Home & Kitchen,Electric Kettle 1.7L,"It's okay, not great, not terrible.",3,2023-12-18,C514979,Mila Dubois,9000,38.0
P03242,Beauty,Volumizing Mascara,"Good product, I'm satisfied.",5,2024-05-21,C855290,,2000,20.0
P07435,Toys & Games,Strategy Board Game,"Good product, I'm satisfied.",5,2023-11-15,C864347,Noah Claes,2018,38.0
P08256,Sports & Outdoors,Stainless Steel Water Bottle,Not happy with this product.,2,2024-03-23,C725008,Léa De Smet,3500,26.0
P02923,Home & Kitchen,Stainless Steel Cookware Set,Not happy with this product.,2,2021-02-22,C943521,Lucas De Wilde,1050,43.0
P02227,Home & Kitchen,Dish Drying Rack,Not happy with this product.,1,2022-04-26,C390206,Liam Martens,3000B,18.0
P08120,Sports & Outdoors,Running Shorts,"It's okay, not great, not terrible.",3,2022/11/27,C105207,Finn Hendriks,2018,43.0
P09749,Office Supplies,Ergonomic Office Chair,"Good product, I'm satisfied.",5,2024/07/24,C314683,Lucas Maes,1180,36.0
P03900,Beauty,SPF 50 Daily Sunscreen,"It's okay, not great, not terrible.",3,2023-09-12,C972216,Liam Janssen,9000,37.0
P08282,Sports & Outdoors,Running Shorts,"Good product, I'm satisfied.",4,2024/05/29,C830124,Louis Dubois,1011,28.0
P02913,Home & Kitchen,Vacuum Cleaner Pro,"Good product, I'm satisfied.",5,24-09-2022,C908533,Lucas Lefevre,2018,23.0
P02804,Home & Kitchen,Stainless Steel Cookware Set,"It's okay, not great, not terrible.",3,01-06-2023,C615827,Léa Claes,3010,36.0
P07272,Toys & Games,Educational Puzzle Set,"Good product, I'm satisfied.",4,2022-05-09,C567965,Liam Claes,3500,27.0
P07603,Toys & Games,Plush Teddy Bear,"It's okay, not great, not terrible.",3,03-05-2021,C409745,Arthur Vermeulen,2000,40.0
P01817,Electronics,Wireless Noise-Cancelling Headphones,"Good product, I'm satisfied.",5,2023-12-31,C643244,Lucas Bosmans,1180,35.0
P02530,Home & Kitchen,Dish Drying Rack,"Good product, I'm satisfied.",5,2024-08-22,C359630,Adam Peeters,9000,28.0
P01973,Electronics,4K Ultra HD Smart TV,"Good product, I'm satisfied.",5,2022-03-17,C786516,Sophie Maes,9000,21.0
P02176,Home & Kitchen,Dish Drying Rack,"Good product, I'm satisfied.",4,2022-09-07,C656754,Lucas Peeters,2000,27.0
P02158,Home & Kitchen,Memory Foam Pillow,"It's okay, not great, not terrible.",3,2021-07-26,C187420,Zoë Bosmans,1180,44.0
P01459,Electronics,Bluetooth Portable Speaker,"Good product, I'm satisfied.",5,24-02-2022,C871574,Mila Hendriks,350,34.0
P06361,Clothing,Lightweight Hoodie,"It's okay, not great, not terrible.",3,2023-02-28,C106687,Louis Janssen,1050,
P02670,Home & Kitchen,Dish Drying Rack,"It's okay, not great, not terrible.",3,2022-02-21,C655736,Olivia Lefevre,3000,18.0
P02804,Home & Kitchen,Air Purifier with HEPA Filter,"Good product, I'm satisfied.",5,2021/12/21,C174854,Arthur Vermeulen,1011,38.0
P01733,Electronics,4K Ultra HD Smart TV,"Good product, I'm satisfied.",5,2023-09-09,C220745,Zoë Maes,1050,32.0
P05603,Groceries,Extra Virgin Olive Oil,"Good product, I'm satisfied.",4,2023-03-21,C618384,Finn Bosmans,3500,36.0
P09341,Office Supplies,Gel Ink Pens Pack,,2,2024-08-31,C240003,Louis Bosmans,5000,46.0
P03371,Beauty,Nourishing Shampoo,"Good product, I'm satisfied.",5,15-04-2022,C414869,Zoë Hendriks,3010,41.0
P05580,Groceries,Extra Virgin Olive Oil,"Good product, I'm satisfied.",5,02-09-2022,C158396,Olivia Peeters,3000,26.0
P03409,Beauty,SPF 50 Daily Sunscreen,"Good product, I'm satisfied.",4,2023-07-18,C606404,Noah Hendriks,200,39.0
P02891,Home & Kitchen,Non-Stick Frying Pan,"Good product, I'm satisfied.",4,2024/10/23,C392683,Lucas Hendriks,2018,33.0
P10799,Garden,Indoor Plant Pot,"It's okay, not great, not terrible.",3,2022-08-03,C524172,Finn Bosmans,1050,39.0
P08110,Sports & Outdoors,Running Shorts,"Good product, I'm satisfied.",5,2022/01/18,C762494,Ava Bosmans,1050,18.0
P10844,Garden,Garden Hose 20m,"Good product, I'm satisfied.",5,2023/07/10,C613219,Noah Hendriks,2000,44.0
P10904,Garden,LED Grow Light,"Good product, I'm satisfied.",4,23-11-2024,C171726,Lucas De Smet,5000,43.0
P02133,Home & Kitchen,Stainless Steel Cookware Set,"It's okay, not great, not terrible.",3,2021-08-06,C198541,Liam Peeters,2018,30.0
P02662,Home & Kitchen,Stainless Steel Cookware Set,"Good product, I'm satisfied.",4,2021/05/22,C583588,Ava De Wilde,3500,53.0
P06576,Clothing,Slim Fit Jeans,Not happy with this product.,1,2024-11-10,C739731,Adam Bosmans,1011,34.0
P03925,Beauty,Anti-Frizz Hair Oil,"Good product, I'm satisfied.",4,2022-07-22,C287454,Arthur Peeters,1180,58.0
P04124,Books,Beginner's Guide to Python,"Good product, I'm satisfied.",4,2022-01-15,C693367,Arthur Dubois,200,55.0
P01346,Electronics,USB-C Docking Station,"Good product, I'm satisfied.",4,2021-06-25,C698384,Mila Dubois,1050A,40.0
P02482,Home & Kitchen,Air Purifier with HEPA Filter,Not happy with this product.,2,2023-01-11,C819349,Finn Martens,2000B,43.0
P02850,Home & Kitchen,Espresso Coffee Machine,"Good product, I'm satisfied.",4,2023/03/11,C453190,,1180,23.0
P06942,Clothing,Lightweight Hoodie,Not happy with this product.,2,2022-01-25,C624740,Ava Claes,3010A,19.0
P01869,Electronics,Laptop Stand Aluminum,"It's okay, not great, not terrible.",3,2023-11-29,C776406,Léa Maes,1050,40.0
P02531,Home & Kitchen,Vacuum Cleaner Pro,"Good product, I'm satisfied.",5,2022-02-10,C172205,Louis Bosmans,301,44.0
P08461,Sports & Outdoors,Stainless Steel Water Bottle,"Good product, I'm satisfied.",5,2022/10/18,C422130,Sophie Claes,3000A,35.0
P02520,Home & Kitchen,Vacuum Cleaner Pro,"Good product, I'm satisfied.",5,17-07-2024,C127335,Léa Dubois,300,25.0
P03594,Beauty,SPF 50 Daily Sunscreen,"Good product, I'm satisfied.",5,28-11-2021,C372568,Olivia Martens,2000,19.0
P04884,Books,Cookbook: Easy Weeknight Meals,Not happy with this product.,1,2022-10-04,C632138,Sophie Martens,5000,30.0
P02439,Home & Kitchen,Espresso Coffee Machine,"Good product, I'm satisfied.",4,2021/10/12,C454808,Olivia Lefevre,9000,23.0
P02671,Home & Kitchen,Stainless Steel Cookware Set,"Good product, I'm satisfied.",5,2022-01-24,C506216,Noor Hendriks,1180,20.0
P09919,Office Supplies,Notebook A5 Lined,"Good product, I'm satisfied.",5,12-12-2024,C503149,Léa Vermeulen,1011,67.0
P09435,Office Supplies,Ergonomic Office Chair,"Good product, I'm satisfied.",5,2022-12-23,C888117,Léa Martens,3500,25.0
P03870,Beauty,Volumizing Mascara,Not happy with this product.,2,2021-06-17,C555519,Adam Maes,3010,42.0
P02196,Home & Kitchen,Air Purifier with HEPA Filter,"Good product, I'm satisfied.",5,2024-05-20,C429201,Mila De Smet,5000,35.0
P06528,Clothing,Slim Fit Jeans,Not happy with this product.,1,2022-06-21,C289131,Mila Dubois,5000,45.0
P08527,Sports & Outdoors,Stainless Steel Water Bottle,"Good product, I'm satisfied.",5,25-03-2023,C978292,Olivia Janssen,3500,75.0
P08408,Sports & Outdoors,Camping Lantern Rechargeable,"Good product, I'm satisfied.",5,28-07-2021,C904829,Finn Claes,301,65.0
P03614,Beauty,Volumizing Mascara,"Good product, I'm satisfied.",4,2024-01-08,C916253,Sophie Dubois,2000,29.0
P01240,Electronics,Wireless Noise-Cancelling Headphones,"It's okay, not great, not terrible.",3,2023-06-23,C515156,Finn Bosmans,1180,42.0
P02408,Home & Kitchen,Memory Foam Pillow,"Good product, I'm satisfied.",4,2024-02-12,C646756,Mila De Smet,2000,25.0
P04732,Books,Cookbook: Easy Weeknight Meals,"Good product, I'm satisfied.",5,2021-10-19,C568093,Noor Janssen,1011,36.0
P01136,Electronics,Laptop Stand Aluminum,"It's okay, not great, not terrible.",3,2023-10-13,C307440,Finn Janssen,1180,37.0
P03663,Beauty,Anti-Frizz Hair Oil,"Good product, I'm satisfied.",5,2022/05/07,C707060,Louis Lefevre,200,29.0
P01696,Electronics,Bluetooth Portable Speaker,Not happy with this product.,2,2021-03-01,C885461,Noor De Smet,2018,37.0
P10923,Garden,Herb Seeds Mix,"Good product, I'm satisfied.",5,2024-03-30,C336858,Finn Bosmans,1050,41.0
P10397,Garden,Garden Hose 20m,"It's okay, not great, not terrible.",3,2024-02-10,C886078,Emma Peeters,2018,20.0
P08243,Sports & Outdoors,Yoga Mat Non-Slip,"Good product, I'm satisfied.",5,02-06-2021,C157192,Arthur Claes,9000,30.0
P09392,Office Supplies,Notebook A5 Lined,Not happy with this product.,2,2023-03-15,C188895,Ava Vermeulen,5000,32.0
P07494,Toys & Games,Plush Teddy Bear,"It's okay, not great, not terrible.",3,2022/06/06,C513351,Léa Maes,3500,45.0
P06448,Clothing,Formal White Shirt,"Good product, I'm satisfied.",4,19-07-2023,C154181,Zoë Dubois,1050,23.0
P01474,Electronics,4K Ultra HD Smart TV,"Good product, I'm satisfied.",5,2021/07/23,C804633,Louis Claes,300,41.0
P02627,Home & Kitchen,Vacuum Cleaner Pro,"Good product, I'm satisfied.",5,2023-02-05,C936598,Arthur Bosmans,1050,30.0
P01498,Electronics,Laptop Stand Aluminum,Not happy with this product.,1,2024-03-25,C907189,Finn Bosmans,2000,37.0
P08367,Sports & Outdoors,Yoga Mat Non-Slip,"Good product, I'm satisfied.",5,2024-08-11,C755966,Arthur Vermeulen,5000,62.0
P04253,Books,Psychology of Habits,"Good product, I'm satisfied.",5,2021-09-04,C766542,Ava Vermeulen,2000,36.0
P01360,Electronics,Smartphone Fast Charger,Not happy with this product.,1,18-02-2021,C632340,Olivia Maes,301,32.0
P05538,Groceries,Granola with Nuts,"It's okay, not great, not terrible.",3,2022-12-07,C541157,Arthur Lefevre,,18.0
P06755,Clothing,Formal White Shirt,"Good product, I'm satisfied.",5,2022-09-24,C813613,Adam Lefevre,2000,33.0
P02372,Home & Kitchen,Dish Drying Rack,"Good product, I'm satisfied.",5,2021-03-18,C825254,Léa Lefevre,3500,43.0
P10137,Garden,Herb Seeds Mix,,3,2021/07/25,C232378,Noor De Wilde,5000B,29.0
P01168,Electronics,Bluetooth Portable Speaker,"Good product, I'm satisfied.",4,2022-05-22,C599818,Lucas Peeters,3500,33.0
P08209,Sports & Outdoors,Yoga Mat Non-Slip,"Good product, I'm satisfied.",4,2022-09-12,C274342,Léa Martens,9000B,39.0
P02475,Home & Kitchen,Non-Stick Frying Pan,"Good product, I'm satisfied.",4,31-07-2021,C278834,Emma Claes,,34.0
P01420,Electronics,4K Ultra HD Smart TV,"It's okay, not great, not terrible.",3,2024-06-21,C398506,Arthur Claes,5000,42.0
P09167,Office Supplies,Notebook A5 Lined,"Good product, I'm satisfied.",4,2023-09-10,C552991,Noah Dubois,5000,28.0
P08399,Sports & Outdoors,Yoga Mat Non-Slip,"Good product, I'm satisfied.",5,2023/11/08,C780956,Mila De Smet,3000,44.0
P03971,Beauty,Volumizing Mascara,"Good product, I'm satisfied.",5,2024-04-12,C933829,Mila Martens,3000,37.0
P03961,Beauty,Anti-Frizz Hair Oil,"Good product, I'm satisfied.",5,2021-11-11,C118415,Louis De Smet,3000,39.0
P01563,Electronics,Bluetooth Portable Speaker,"Good product, I'm satisfied.",4,2021-01-09,C915780,Lucas Hendriks,9000A,20.0
P02677,Home & Kitchen,Air Purifier with HEPA Filter,"Good product, I'm satisfied.",4,2023-12-30,C741617,Adam Claes,1011,25.0
P05471,Groceries,Extra Virgin Olive Oil,"Good product, I'm satisfied.",4,2022-11-10,C532689,Arthur Lefevre,900,27.0
P10475,Garden,Indoor Plant Pot,"Good product, I'm satisfied.",4,26-06-2021,C763611,Ava Claes,1180,40.0
P04114,Books,Beginner's Guide to Python,"Good product, I'm satisfied.",5,2022-10-19,C984162,,3010,36.0
P07834,Toys & Games,Strategy Board Game,"Good product, I'm satisfied.",5,2024-03-21,C534388,Arthur Peeters,1011,
P02973,Home & Kitchen,Dish Drying Rack,Not happy with this product.,2,2021-01-18,C186904,Liam Peeters,1180,45.0
P08262,Sports & Outdoors,Running Shorts,"It's okay, not great, not terrible.",3,2021-06-18,C387330,,,32.0
P02312,Home & Kitchen,Vacuum Cleaner Pro,"It's okay, not great, not terrible.",3,2021/01/22,C823603,Emma Janssen,350,29.0
P02432,Home & Kitchen,Dish Drying Rack,"Good product, I'm satisfied.",4,21-10-2022,C226670,Sophie De Wilde,9000,35.0
P04597,Books,Psychology of Habits,"Good product, I'm satisfied.",4,2022-05-02,C105140,Adam De Smet,3500,
P06384,Clothing,Formal White Shirt,"Good product, I'm satisfied.",4,2022-03-24,C132365,Adam De Smet,9000,31.0
P07854,Toys & Games,Educational Puzzle Set,Not happy with this product.,2,2021-07-16,C242291,Finn Janssen,2018,30.0
P02817,Home & Kitchen,Vacuum Cleaner Pro,"It's okay, not great, not terrible.",3,2024/11/03,C841603,Emma Maes,9000A,37.0
P07931,Toys & Games,Plush Teddy Bear,"Good product, I'm satisfied.",4,2023-05-25,C456844,Mila Martens,1050,44.0
P01450,Electronics,USB-C Docking Station,Not happy with this product.,1,2024/09/23,C354016,Noah Maes,9000,35.0
P01344,Electronics,Wireless Noise-Cancelling Headphones,Not happy with this product.,2,2022/09/18,C969429,Lucas Janssen,1050A,39.0
P02598,Home & Kitchen,Air Purifier with HEPA Filter,Not happy with this product.,2,2023-10-22,C805113,Olivia Maes,3000,29.0
P06216,Clothing,Basic Cotton T-Shirt,"Good product, I'm satisfied.",4,2022-03-05,C894993,Noah Vermeulen,300,36.0
P10525,Garden,LED Grow Light,"Good product, I'm satisfied.",5,2023-06-10,C103419,Arthur Martens,5000,68.0
P03449,Beauty,Matte Liquid Lipstick,Not happy with this product.,1,2021-10-01,C947761,Mila Bosmans,2018,37.0
P02157,Home & Kitchen,Stainless Steel Cookware Set,,5,2024-07-19,C591526,Noor Maes,900,51.0
P01216,Electronics,Smartphone Fast Charger,"It's okay, not great, not terrible.",3,2022-09-28,C257246,Noah Janssen,2018,
P02505,Home & Kitchen,Memory Foam Pillow,"Good product, I'm satisfied.",4,2022-04-27,C717006,Noah Lefevre,3010,44.0
P01313,Electronics,Smartphone Fast Charger,Not happy with this product.,2,2023-12-14,C902209,,1050,32.0
P03615,Beauty,Volumizing Mascara,"It's okay, not great, not terrible.",3,2024-10-27,C846602,Louis Dubois,5000,21.0
P02699,Home & Kitchen,Non-Stick Frying Pan,Not happy with this product.,2,2021-09-22,C794709,Olivia Vermeulen,1180,25.0
P07480,Toys & Games,Plush Teddy Bear,"Good product, I'm satisfied.",5,11-03-2022,C136937,Lucas Hendriks,5000B,27.0
P06504,Clothing,Lightweight Hoodie,"Good product, I'm satisfied.",4,2021-12-07,C777256,Lucas Dubois,1011,40.0
P01627,Electronics,Gaming Mouse Pro Series,"It's okay, not great, not terrible.",3,2024/12/08,C136322,Arthur De Smet,5000,51.0
P01671,Electronics,Laptop Stand Aluminum,"Good product, I'm satisfied.",5,2022-06-19,C506308,Louis De Wilde,2000,31.0
P01532,Electronics,Bluetooth Portable Speaker,Not happy with this product.,2,2022/07/12,C979881,Zoë Lefevre,2018,43.0
P01998,Electronics,Gaming Mouse Pro Series,"Good product, I'm satisfied.",5,2023/07/10,C757343,Sophie Maes,201,57.0
P01101,Electronics,USB-C Docking Station,,4,2022-11-27,C576653,Léa Vermeulen,1011,19.0
P01637,Electronics,4K Ultra HD Smart TV,"It's okay, not great, not terrible.",3,2023-06-12,C367539,Louis Dubois,3500,41.0
P02169,Home & Kitchen,Espresso Coffee Machine,"Good product, I'm satisfied.",4,2022/05/10,C265531,Ava Peeters,3010,26.0
P01257,Electronics,4K Ultra HD Smart TV,"Good product, I'm satisfied.",4,2024-07-18,C879233,Sophie Janssen,1011,24.0
P05881,Groceries,Organic Almond Milk,"Good product, I'm satisfied.",4,2023/05/23,C317245,Sophie Janssen,105,30.0
P03827,Beauty,Nourishing Shampoo,Not happy with this product.,2,22-02-2022,C364905,Olivia Vermeulen,9000,32.0
P02491,Home & Kitchen,Non-Stick Frying Pan,"Good product, I'm satisfied.",4,18-08-2023,C967986,Noor Vermeulen,9000,44.0
P01616,Electronics,Wireless Keyboard and Mouse Combo,"Good product, I'm satisfied.",4,12-04-2021,C362671,Mila Claes,2018,25.0
P01597,Electronics,4K Ultra HD Smart TV,"Good product, I'm satisfied.",5,2021-04-19,C307720,Sophie Bosmans,2000,38.0
P01333,Electronics,Gaming Mouse Pro Series,,3,2024-01-24,C203189,Liam Peeters,9000,33.0
P08176,Sports & Outdoors,Stainless Steel Water Bottle,"Good product, I'm satisfied.",4,2021-08-23,C142059,Liam Janssen,1011,35.0
P02921,Home & Kitchen,Espresso Coffee Machine,"Good product, I'm satisfied.",4,2024-02-26,C317991,Louis Claes,1011,43.0
P06630,Clothing,Basic Cotton T-Shirt,Not happy with this product.,2,2023-05-25,C297995,Zoë Lefevre,1011,37.0
P03159,Beauty,Volumizing Mascara,"Good product, I'm satisfied.",5,2024-01-01,C945122,Zoë Dubois,5000,30.0
P05989,Groceries,Extra Virgin Olive Oil,"Good product, I'm satisfied.",5,19-02-2021,C989000,,,25.0
P02236,Home & Kitchen,Espresso Coffee Machine,"Good product, I'm satisfied.",4,28-11-2021,C935151,Noor De Wilde,1050,43.0
P04686,Books,Psychology of Habits,"Good product, I'm satisfied.",4,2023-10-21,C370542,Olivia Peeters,9000,38.0
P01274,Electronics,Gaming Mouse Pro Series,"Good product, I'm satisfied.",5,2021-11-16,C982237,Ava Martens,1050,32.0
P02653,Home & Kitchen,Non-Stick Frying Pan,"Good product, I'm satisfied.",5,2023-09-15,C336817,Emma Lefevre,2018,34.0
P08342,Sports & Outdoors,Yoga Mat Non-Slip,"Good product, I'm satisfied.",4,2024-12-03,C499889,Finn Martens,1180,26.0
P02532,Home & Kitchen,Dish Drying Rack,Not happy with this product.,1,2024-08-18,C381723,Liam Peeters,1050,27.0
P04198,Books,Thriller Novel: The Last Signal,"Good product, I'm satisfied.",4,2021-03-07,C620529,Finn De Smet,1050,
P06282,Clothing,Running Shoes,"Good product, I'm satisfied.",5,16-03-2022,C177277,Ava Vermeulen,1050,20.0
P08873,Sports & Outdoors,Yoga Mat Non-Slip,"Good product, I'm satisfied.",4,2021-01-13,C986159,Mila Dubois,2018,26.0
P09883,Office Supplies,Gel Ink Pens Pack,"Good product, I'm satisfied.",4,2024-01-20,C940762,Finn Martens,5000,36.0
P07143,Toys & Games,Strategy Board Game,"Good product, I'm satisfied.",4,2021/12/31,C694910,Zoë Dubois,,31.0
P02829,Home & Kitchen,Espresso Coffee Machine,Not happy with this product.,2,2023-12-12,C658873,Noah De Wilde,1180,33.0
P07505,Toys & Games,Educational Puzzle Set,"It's okay, not great, not terrible.",3,2024-03-05,C696515,Sophie Lefevre,3010,18.0
P01249,Electronics,Smartphone Fast Charger,"Good product, I'm satisfied.",5,2021/07/11,C374256,Finn Martens,9000,24.0
P09431,Office Supplies,Gel Ink Pens Pack,"Good product, I'm satisfied.",5,2024-01-21,C417397,Liam Claes,3500,37.0
P03227,Beauty,SPF 50 Daily Sunscreen,"Good product, I'm satisfied.",5,2021-08-29,C890110,Léa De Smet,3010,
P03818,Beauty,Volumizing Mascara,,4,2023-04-19,C211486,Emma Dubois,301,37.0
P05208,Groceries,Gluten-Free Pasta,"It's okay, not great, not terrible.",3,2022-03-27,C698266,Mila Dubois,1180B,37.0
P02885,Home & Kitchen,Air Purifier with HEPA Filter,"Good product, I'm satisfied.",4,2024-11-26,C582416,Léa Martens,9000,30.0
P03454,Beauty,Hydrating Face Serum,"Good product, I'm satisfied.",4,2021-06-10,C530790,Arthur De Wilde,,34.0
P03623,Beauty,Hydrating Face Serum,Not happy with this product.,1,2022-04-05,C977116,Mila Dubois,1180,34.0
P01965,Electronics,Laptop Stand Aluminum,"Good product, I'm satisfied.",4,24-08-2024,C910869,Liam Hendriks,1011,34.0
P01542,Electronics,Smartphone Fast Charger,"It's okay, not great, not terrible.",3,2021-03-07,C713652,Zoë Peeters,1050,37.0
P06465,Clothing,Running Shoes,Not happy with this product.,1,2024/04/18,C440017,Noor Claes,1011,33.0
P01729,Electronics,Laptop Stand Aluminum,"It's okay, not great, not terrible.",3,2021-05-18,C903265,Zoë Janssen,2000,26.0
P06306,Clothing,Slim Fit Jeans,"Good product, I'm satisfied.",5,2024-11-26,C968170,Noor Vermeulen,3000,32.0
P01428,Electronics,Gaming Mouse Pro Series,"Good product, I'm satisfied.",4,2024-12-05,C683316,Noor Peeters,3500,70.0
P09327,Office Supplies,Wireless Computer Mouse,"Good product, I'm satisfied.",5,2021-05-16,C878427,Sophie De Smet,5000,35.0
P02638,Home & Kitchen,Electric Kettle 1.7L,Not happy with this product.,2,2023/09/04,C927978,Olivia Lefevre,900,56.0
P02319,Home & Kitchen,Dish Drying Rack,"It's okay, not great, not terrible.",3,27-03-2022,C113830,Noah Vermeulen,,35.0
P03840,Beauty,Volumizing Mascara,"Good product, I'm satisfied.",4,25-12-2022,C253873,Adam Maes,2018,45.0
P06128,Clothing,Lightweight Hoodie,"It's okay, not great, not terrible.",3,2024-12-31,C548723,Mila Dubois,1180,34.0
P06693,Clothing,Running Shoes,"Good product, I'm satisfied.",4,2021/09/09,C350876,Arthur Claes,2018,31.0
P02866,Home & Kitchen,Vacuum Cleaner Pro,"Good product, I'm satisfied.",4,2022-06-02,C915936,Finn Lefevre,2000,29.0
P10196,Garden,LED Grow Light,Not happy with this product.,2,2024-12-30,C338157,Louis Peeters,1050,27.0
P05325,Groceries,Whole Bean Coffee Dark Roast,"Good product, I'm satisfied.",5,2024/02/01,C239032,Louis De Wilde,3000,45.0
P01668,Electronics,Laptop Stand Aluminum,"Good product, I'm satisfied.",5,31-08-2023,C949231,,3500,24.0
P02898,Home & Kitchen,Non-Stick Frying Pan,"It's okay, not great, not terrible.",3,2024-01-27,C234733,Noor Peeters,5000,19.0
P07718,Toys & Games,Building Blocks Set,"It's okay, not great, not terrible.",3,2021-02-18,C532446,Mila Lefevre,9000,45.0
P03274,Beauty,Volumizing Mascara,"Good product, I'm satisfied.",4,2022-02-24,C389597,Ava De Smet,1180,42.0
P05198,Groceries,Gluten-Free Pasta,"It's okay, not great, not terrible.",3,02-12-2021,C823682,Olivia Vermeulen,5000A,24.0
P03994,Beauty,Nourishing Shampoo,"Good product, I'm satisfied.",5,2021-04-22,C882458,Noah Lefevre,1050,22.0
P03677,Beauty,Anti-Frizz Hair Oil,"Good product, I'm satisfied.",4,25-12-2024,C840117,Arthur De Wilde,201,44.0
P04271,Books,Cookbook: Easy Weeknight Meals,"Good product, I'm satisfied.",4,2022-03-22,C834611,Louis Bosmans,2018A,28.0
P04389,Books,Cookbook: Easy Weeknight Meals,"Good product, I'm satisfied.",5,21-04-2022,C355864,Adam Lefevre,2000,31.0
P07173,Toys & Games,Educational Puzzle Set,"Good product, I'm satisfied.",5,2024-09-23,C721717,Olivia Bosmans,301,32.0
P02600,Home & Kitchen,Dish Drying Rack,"Good product, I'm satisfied.",4,22-10-2023,C669964,Adam Claes,,44.0
P02510,Home & Kitchen,Stainless Steel Cookware Set,"Good product, I'm satisfied.",4,2022-12-04,C470820,Ava Maes,1050,36.0
P03787,Beauty,SPF 50 Daily Sunscreen,"Good product, I'm satisfied.",5,02-04-2022,C578368,Lucas Martens,1050,40.0
P01951,Electronics,Smartphone Fast Charger,"Good product, I'm satisfied.",4,2023-07-19,C971820,Léa Martens,500,31.0
P06536,Clothing,Basic Cotton T-Shirt,,5,2022-11-19,C151353,Léa Peeters,,40.0
P01153,Electronics,Wireless Keyboard and Mouse Combo,"Overall okay, nothing special. The wireless keyboard and mouse combo works fine but there are a few minor issues.",3,2023-04-17,C430193,Arthur Lefevre,1180,38.0
P01403,Electronics,Wireless Noise-Cancelling Headphones,Not happy with this product.,2,2023/05/14,C570715,Adam Hendriks,1180A,27.0
P02908,Home & Kitchen,Stainless Steel Cookware Set,"Good product, I'm satisfied.",5,2024-02-04,C503126,Finn Hendriks,5000,25.0
P02179,Home & Kitchen,Espresso Coffee Machine,"It's okay, not great, not terrible.",3,2021/11/21,C744338,Emma Janssen,1180A,39.0
P03226,Beauty,Matte Liquid Lipstick,"Good product, I'm satisfied.",5,2023/02/08,C484398,Arthur Hendriks,1011,44.0
P06175,Clothing,Formal White Shirt,"Good product, I'm satisfied.",5,2021-03-03,C599988,,3500A,
P02518,Home & Kitchen,Memory Foam Pillow,Not happy with this product.,1,2024-09-26,C955324,Ava Bosmans,2000,56.0
P02584,Home & Kitchen,Vacuum Cleaner Pro,"Good product, I'm satisfied.",4,2023-12-30,C705661,Noah Peeters,118,39.0
P05659,Groceries,Extra Virgin Olive Oil,I would definitely recommend this. I use it almost every day for groceries tasks and it performs very well.,4,28-09-2022,C151503,Zoë Maes,1050,35.0
P01302,Electronics,USB-C Docking Station,Not happy with this product.,2,2024-01-31,C122733,Louis Lefevre,9000,38.0
P01957,Electronics,Laptop Stand Aluminum,"It's okay, not great, not terrible.",3,2024-06-02,C261232,Noah Peeters,2018B,37.0
P01586,Electronics,4K Ultra HD Smart TV,Not happy with this product.,2,2024-04-07,C189878,Arthur Claes,5000,35.0
P05440,Groceries,Whole Bean Coffee Dark Roast,"Good product, I'm satisfied.",4,24-07-2024,C958533,Olivia Hendriks,1011,28.0
P05265,Groceries,Organic Almond Milk,Not happy with this product.,2,2021-07-08,C646050,Noor Hendriks,2018,35.0
P02994,Home & Kitchen,Air Purifier with HEPA Filter,"Good product, I'm satisfied.",5,05-10-2024,C821238,Arthur Claes,3010,61.0
P02719,Home & Kitchen,Memory Foam Pillow,Not happy with this product.,1,2023-11-22,C318122,Emma De Smet,3500,40.0
P03450,Beauty,Nourishing Shampoo,"Good product, I'm satisfied.",4,2022-01-06,C752354,Léa Peeters,3000,36.0
P06761,Clothing,Basic Cotton T-Shirt,"Good product, I'm satisfied.",5,2024-04-24,C517044,Lucas Maes,350,30.0
P05878,Groceries,Extra Virgin Olive Oil,Not happy with this product.,2,29-06-2024,C558895,Zoë De Smet,9000A,35.0
P02635,Home & Kitchen,Espresso Coffee Machine,"Good product, I'm satisfied.",4,2024-11-09,C469221,Finn Maes,2000,
P06591,Clothing,Lightweight Hoodie,Not happy with this product.,2,2023-05-29,C403527,Ava Claes,3500,33.0
P04610,Books,Thriller Novel: The Last Signal,"Good product, I'm satisfied.",5,2022-03-10,C860006,Noor Janssen,3500,35.0
P04493,Books,Psychology of Habits,"Good product, I'm satisfied.",5,24-01-2024,C935356,Lucas Bosmans,9000,34.0
P02377,Home & Kitchen,Memory Foam Pillow,Not happy with this product.,2,2022-01-30,C421517,Ava De Smet,2018,31.0
P02971,Home & Kitchen,Memory Foam Pillow,Not happy with this product.,2,2024-10-06,C619846,Léa Janssen,3500,28.0
P06283,Clothing,Lightweight Hoodie,"It's okay, not great, not terrible.",3,2022-10-14,C888254,Olivia Maes,1011,35.0
P08388,Sports & Outdoors,Camping Lantern Rechargeable,"Good product, I'm satisfied.",5,2022-12-26,C328997,Arthur Maes,3010,31.0
P06549,Clothing,Slim Fit Jeans,"Good product, I'm satisfied.",5,2023-12-14,C212108,Olivia Lefevre,2000,20.0
P10446,Garden,Garden Hose 20m,Not happy with this product.,2,28-08-2022,C142929,Lucas Lefevre,2018B,43.0
P01288,Electronics,Laptop Stand Aluminum,Not happy with this product.,1,2022-09-17,C791982,,1050,70.0
P01913,Electronics,4K Ultra HD Smart TV,Not happy with this product.,2,2021-04-07,C295356,Liam Dubois,5000,36.0
P01328,Electronics,Wireless Keyboard and Mouse Combo,"Good product, I'm satisfied.",4,2023-02-08,C409579,Léa Vermeulen,5000A,25.0
P03288,Beauty,SPF 50 Daily Sunscreen,"Good product, I'm satisfied.",5,2021-12-23,C352065,Arthur Dubois,2018A,39.0
P02427,Home & Kitchen,Air Purifier with HEPA Filter,"Good product, I'm satisfied.",5,2021-10-03,C666618,Lucas Peeters,9000,28.0
P05937,Groceries,Whole Bean Coffee Dark Roast,"Good product, I'm satisfied.",5,2021-06-06,C876497,Zoë Vermeulen,1180A,43.0
P01950,Electronics,4K Ultra HD Smart TV,"Good product, I'm satisfied.",5,2024-06-14,C206887,Adam De Wilde,1050,44.0
P10636,Garden,Indoor Plant Pot,,5,2024-09-30,C135466,Adam Peeters,,19.0
P01270,Electronics,4K Ultra HD Smart TV,Not happy with this product.,2,2023-08-31,C586241,Lucas De Wilde,9000,60.0
P02901,Home & Kitchen,Memory Foam Pillow,"Good product, I'm satisfied.",5,02-12-2022,C586305,Louis De Smet,5000,34.0
P01991,Electronics,4K Ultra HD Smart TV,"It's okay, not great, not terrible.",3,2024-01-10,C651510,Sophie De Wilde,9000,25.0
P07694,Toys & Games,Plush Teddy Bear,"Good product, I'm satisfied.",5,11-03-2022,C449141,Emma Dubois,1180B,42.0
P07852,Toys & Games,Strategy Board Game,"Good product, I'm satisfied.",5,2024-03-24,C782872,Emma Martens,3500,67.0
P02853,Home & Kitchen,Stainless Steel Cookware Set,"Good product, I'm satisfied.",4,2023-10-27,C522461,Noor Maes,1180,31.0
P09634,Office Supplies,Notebook A5 Lined,"It's okay, not great, not terrible.",3,2022-05-18,C712728,Adam Vermeulen,1050,
P05661,Groceries,Extra Virgin Olive Oil,"Good product, I'm satisfied.",4,18-10-2022,C167834,Emma Hendriks,2018,40.0
P02916,Home & Kitchen,Non-Stick Frying Pan,"Good product, I'm satisfied.",4,2024-03-10,C654730,Noah Vermeulen,9000B,22.0
P03938,Beauty,Nourishing Shampoo,,4,2023-08-31,C647967,Mila Maes,9000,26.0
P08422,Sports & Outdoors,Running Shorts,"Good product, I'm satisfied.",4,2023-07-17,C755565,Emma De Smet,201,38.0
P02524,Home & Kitchen,Non-Stick Frying Pan,"Good product, I'm satisfied.",5,2021-06-28,C932373,Léa Vermeulen,1180,31.0
P03121,Beauty,Volumizing Mascara,"It's okay, not great, not terrible.",3,2021-02-14,C571614,Ava De Smet,105,22.0
P02584,Home & Kitchen,Espresso Coffee Machine,"Good product, I'm satisfied.",4,05-11-2024,C171992,Noah De Smet,3500,38.0
P01192,Electronics,Gaming Mouse Pro Series,"It's okay, not great, not terrible.",3,2024-02-01,C494175,Adam Bosmans,1011,37.0
P06384,Clothing,Slim Fit Jeans,Not happy with this product.,2,2023/04/24,C264387,Sophie Hendriks,1011,30.0
P02976,Home & Kitchen,Dish Drying Rack,Not happy with this product.,1,23-08-2021,C303846,Mila Janssen,3500,40.0
P07573,Toys & Games,Educational Puzzle Set,"Good product, I'm satisfied.",4,2023-01-05,C118105,Louis Janssen,2018,27.0
P02521,Home & Kitchen,Electric Kettle 1.7L,Not happy with this product.,1,2023-08-11,C973992,Louis De Wilde,9000,49.0
P10510,Garden,LED Grow Light,"Good product, I'm satisfied.",5,2021-11-02,C475358,Olivia Claes,1180,20.0
P02485,Home & Kitchen,Memory Foam Pillow,"It's okay, not great, not terrible.",3,2023-04-13,C405385,Mila Peeters,5000,41.0
P01475,Electronics,4K Ultra HD Smart TV,Not happy with this product.,2,2023-04-16,C178217,Olivia De Wilde,5000,33.0
P01600,Electronics,Smartphone Fast Charger,"It's okay, not great, not terrible.",3,2021-09-13,C635345,Noor Janssen,1180A,32.0
P06125,Clothing,Slim Fit Jeans,,4,2024-09-18,C237839,Adam De Wilde,9000,30.0
P02293,Home & Kitchen,Dish Drying Rack,"Good product, I'm satisfied.",4,31-10-2022,C201042,Emma Martens,1011,32.0
P02698,Home & Kitchen,Vacuum Cleaner Pro,"It's okay, not great, not terrible.",3,2024/12/24,C987110,Ava Janssen,200,26.0
P07346,Toys & Games,Strategy Board Game,"Good product, I'm satisfied.",4,17-07-2024,C952425,Noah Bosmans,3000,29.0
P02735,Home & Kitchen,Dish Drying Rack,"Good product, I'm satisfied.",4,15-10-2024,C749310,Liam Martens,5000,28.0
P02606,Home & Kitchen,Air Purifier with HEPA Filter,Not happy with this product.,2,2024-10-13,C611092,Finn Lefevre,3010,20.0
P02858,Home & Kitchen,Memory Foam Pillow,"Good product, I'm satisfied.",5,2024-12-04,C975356,Mila Vermeulen,3500,41.0
P01278,Electronics,Wireless Noise-Cancelling Headphones,"Good product, I'm satisfied.",5,2023-06-14,C155857,Zoë Claes,1011,20.0
P02960,Home & Kitchen,Memory Foam Pillow,"It's okay, not great, not terrible.",3,2021/07/06,C955262,Louis Maes,3010B,23.0
P01904,Electronics,4K Ultra HD Smart TV,"Good product, I'm satisfied.",5,2022-08-09,C276717,Arthur Vermeulen,,59.0
P01630,Electronics,4K Ultra HD Smart TV,"Good product, I'm satisfied.",4,2024-11-27,C443381,Finn Lefevre,2000,43.0
P08880,Sports & Outdoors,Yoga Mat Non-Slip,"Good product, I'm satisfied.",4,02-11-2023,C905958,Adam Lefevre,3010,47.0
P03338,Beauty,Matte Liquid Lipstick,"Good product, I'm satisfied.",4,22-06-2021,C667379,Ava Maes,1011,32.0
P04498,Books,Beginner's Guide to Python,Not happy with this product.,2,2024-11-26,C259767,Adam De Wilde,1050A,33.0
P02156,Home & Kitchen,Air Purifier with HEPA Filter,"It's okay, not great, not terrible.",3,2024-11-01,C636941,Noor Maes,3010,44.0
P01925,Electronics,Bluetooth Portable Speaker,"Good product, I'm satisfied.",5,2023/07/09,C201187,Mila Dubois,101,33.0
P02412,Home & Kitchen,Non-Stick Frying Pan,"Good product, I'm satisfied.",5,28-02-2022,C834814,Finn Vermeulen,1180,34.0
P01644,Electronics,Laptop Stand Aluminum,"It's okay, not great, not terrible.",3,17-09-2021,C616645,Zoë Vermeulen,1050,42.0
P02340,Home & Kitchen,Dish Drying Rack,"Good product, I'm satisfied.",5,01-10-2022,C539727,Sophie Vermeulen,,37.0
P05919,Groceries,Whole Bean Coffee Dark Roast,"Good product, I'm satisfied.",4,20-01-2021,C431067,Mila Martens,1011,35.0
P01868,Electronics,Bluetooth Portable Speaker,Not happy with this product.,2,2024-12-09,C247291,Olivia Bosmans,9000,47.0
P01687,Electronics,USB-C Docking Station,"Good product, I'm satisfied.",5,2024/01/23,C534477,Emma Maes,1050,44.0
P06565,Clothing,Basic Cotton T-Shirt,"Good product, I'm satisfied.",5,2023-04-11,C586288,,1050,25.0
P03781,Beauty,Nourishing Shampoo,"Good product, I'm satisfied.",4,15-04-2023,C608791,Louis Vermeulen,3010,25.0
P02367,Home & Kitchen,Espresso Coffee Machine,"It's okay, not great, not terrible.",3,2022-04-20,C528714,Mila Dubois,1050,39.0
P01793,Electronics,Laptop Stand Aluminum,"Good product, I'm satisfied.",5,14-10-2021,C666820,Lucas Lefevre,3000,47.0
P02400,Home & Kitchen,Dish Drying Rack,Not happy with this product.,1,07-09-2022,C140830,Adam Peeters,3500,19.0
P02596,Home & Kitchen,Non-Stick Frying Pan,"It's okay, not great, not terrible.",3,2022-12-17,C140245,Noor Bosmans,1011,33.0
P01237,Electronics,Laptop Stand Aluminum,Not happy with this product.,2,2021-08-23,C690500,Arthur Hendriks,1050,55.0
P03997,Beauty,Nourishing Shampoo,"Good product, I'm satisfied.",5,23-05-2023,C666866,Lucas Janssen,1011,41.0
P02208,Home & Kitchen,Dish Drying Rack,"Good product, I'm satisfied.",4,16-08-2021,C547481,Emma Maes,5000,31.0
P02950,Home & Kitchen,Dish Drying Rack,"Good product, I'm satisfied.",5,24-03-2021,C582327,Noor Lefevre,2018B,43.0
P02732,Home & Kitchen,Memory Foam Pillow,"Good product, I'm satisfied.",4,2021-08-31,C304964,Olivia Claes,1050,39.0
P10116,Garden,Indoor Plant Pot,Not happy with this product.,2,2022-05-09,C661029,Noor Lefevre,1180,43.0
P01804,Electronics,USB-C Docking Station,"Good product, I'm satisfied.",4,03-09-2023,C344777,Zoë Martens,2018,23.0
P06416,Clothing,Basic Cotton T-Shirt,"Good product, I'm satisfied.",4,2022-02-04,C295358,Lucas Claes,2000,43.0
P09902,Office Supplies,Gel Ink Pens Pack,"Good product, I'm satisfied.",5,2021-02-06,C961827,Adam Dubois,5000,25.0
P06335,Clothing,Lightweight Hoodie,"It's okay, not great, not terrible.",3,2021-03-08,C498232,Lucas Maes,3010A,30.0
P07740,Toys & Games,Plush Teddy Bear,"Good product, I'm satisfied.",4,2022-11-24,C654725,Liam Peeters,1050,24.0
P03166,Beauty,Anti-Frizz Hair Oil,"Good product, I'm satisfied.",4,27-06-2023,C631897,Louis De Smet,1050,32.0
P02724,Home & Kitchen,Air Purifier with HEPA Filter,"Good product, I'm satisfied.",4,08-12-2021,C619015,Noah Peeters,3500,29.0
P07690,Toys & Games,Educational Puzzle Set,"It's okay, not great, not terrible.",3,2023-08-06,C716765,Liam Lefevre,1180,18.0
P04132,Books,Beginner's Guide to Python,"Good product, I'm satisfied.",5,2021/08/02,C596816,Adam Bosmans,2018,39.0
P01757,Electronics,Wireless Keyboard and Mouse Combo,"Good product, I'm satisfied.",4,2023/05/07,C471005,Olivia Lefevre,2000,42.0
P06223,Clothing,Slim Fit Jeans,Not happy with this product.,1,2024-05-21,C941460,Lucas Peeters,,25.0
P10767,Garden,Indoor Plant Pot,Not happy with this product.,2,30-08-2021,C512998,Noah Lefevre,2000,33.0
P06745,Clothing,Slim Fit Jeans,Not happy with this product.,2,2023-04-01,C564943,Léa Hendriks,1011,30.0
P01623,Electronics,4K Ultra HD Smart TV,"It's okay, not great, not terrible.",3,2022-05-22,C546698,Léa Vermeulen,1011,36.0
P07593,Toys & Games,Educational Puzzle Set,"Good product, I'm satisfied.",4,2024-06-17,C174477,Sophie Bosmans,5000,28.0
P02240,Home & Kitchen,Vacuum Cleaner Pro,"Good product, I'm satisfied.",4,12-10-2021,C140163,Ava Claes,5000,27.0
P01598,Electronics,Laptop Stand Aluminum,"Good product, I'm satisfied.",4,2022-05-16,C166542,Mila Janssen,3000,41.0
P07374,Toys & Games,Educational Puzzle Set,"It's okay, not great, not terrible.",3,2024/09/29,C902865,Finn Lefevre,2018A,42.0
P01989,Electronics,Bluetooth Portable Speaker,"Good product, I'm satisfied.",5,2022-05-17,C546967,Sophie Peeters,118,34.0
P02635,Home & Kitchen,Espresso Coffee Machine,,4,2021-05-15,C958565,Emma Janssen,2000,30.0
P01230,Electronics,USB-C Docking Station,"It's okay, not great, not terrible.",3,2023-10-10,C290706,Léa Lefevre,1180,29.0
P01130,Electronics,Wireless Noise-Cancelling Headphones,"Good product, I'm satisfied.",5,2023/10/13,C660105,Sophie Hendriks,1050,28.0
P08770,Sports & Outdoors,Yoga Mat Non-Slip,"It's okay, not great, not terrible.",3,2022/02/11,C151605,Noor De Smet,2018,34.0
P01857,Electronics,Gaming Mouse Pro Series,"Good product, I'm satisfied.",4,2024-11-11,C459609,Olivia Bosmans,5000,35.0
P03162,Beauty,Nourishing Shampoo,Not happy with this product.,2,2022/07/17,C876617,Olivia Dubois,3010,
P07987,Toys & Games,Building Blocks Set,"Good product, I'm satisfied.",5,06-05-2023,C542185,Léa Dubois,3500,35.0
P01841,Electronics,USB-C Docking Station,"Good product, I'm satisfied.",5,2023-06-24,C698840,Léa Peeters,2000,21.0
P09633,Office Supplies,Notebook A5 Lined,"Good product, I'm satisfied.",4,2024-11-26,C202294,Léa Bosmans,9000,41.0
P01337,Electronics,Wireless Keyboard and Mouse Combo,"It's okay, not great, not terrible.",3,2024-10-01,C165914,Ava Martens,,74.0
P02865,Home & Kitchen,Dish Drying Rack,"It's okay, not great, not terrible.",3,2024-01-06,C874635,Arthur De Smet,,38.0
P05490,Groceries,Gluten-Free Pasta,"It's okay, not great, not terrible.",3,2022-08-03,C934883,Liam Lefevre,2018,41.0
P08432,Sports & Outdoors,Running Shorts,"Good product, I'm satisfied.",5,26-03-2022,C160045,Sophie Janssen,101,63.0
P05699,Groceries,Whole Bean Coffee Dark Roast,"Good product, I'm satisfied.",5,16-03-2023,C684305,Noah Martens,105,
P04894,Books,Psychology of Habits,"Good product, I'm satisfied.",5,2024/09/10,C750324,Noah Martens,118,42.0
P02661,Home & Kitchen,Electric Kettle 1.7L,Not happy with this product.,2,2023/07/12,C225812,Ava De Smet,2000,27.0
P09242,Office Supplies,Gel Ink Pens Pack,Not happy with this product.,1,2023-03-14,C635223,Léa Bosmans,9000,28.0
P07316,Toys & Games,Plush Teddy Bear,Not happy with this product.,1,27-01-2021,C538074,Liam Lefevre,,65.0
P02775,Home & Kitchen,Air Purifier with HEPA Filter,"It's okay, not great, not terrible.",3,2023-05-29,C400542,Mila Maes,3010A,42.0
P01419,Electronics,Gaming Mouse Pro Series,"Good product, I'm satisfied.",5,18-09-2022,C500383,Arthur Janssen,3500,32.0
P02105,Home & Kitchen,Non-Stick Frying Pan,Not happy with this product.,2,2022-12-28,C466709,Zoë Bosmans,1180,41.0
P01598,Electronics,4K Ultra HD Smart TV,Not happy with this product.,2,2021-11-25,C492776,Finn De Smet,3000,33.0
P07835,Toys & Games,Building Blocks Set,"Good product, I'm satisfied.",5,2022-08-01,C739377,Olivia Peeters,1011,39.0
P02625,Home & Kitchen,Espresso Coffee Machine,"Good product, I'm satisfied.",4,2024-06-13,C722503,Liam Claes,2018,25.0
P08731,Sports & Outdoors,Yoga Mat Non-Slip,Not happy with this product.,2,2023-08-10,C972253,Mila Bosmans,200,24.0
P02263,Home & Kitchen,Non-Stick Frying Pan,,5,2023/03/29,C728845,Olivia De Smet,9000,40.0
P03451,Beauty,Volumizing Mascara,Not happy with this product.,1,2024-03-28,C752862,Léa De Wilde,3000,63.0
P03382,Beauty,SPF 50 Daily Sunscreen,,2,2024/10/21,C747966,Zoë Vermeulen,5000,39.0
P01357,Electronics,USB-C Docking Station,"Good product, I'm satisfied.",4,2024-01-01,C660780,Arthur De Smet,9000,35.0
P02141,Home & Kitchen,Non-Stick Frying Pan,"Good product, I'm satisfied.",4,2024-10-09,C486894,Finn De Smet,1050B,19.0
P01419,Electronics,4K Ultra HD Smart TV,"Good product, I'm satisfied.",5,2023-12-12,C867385,Zoë Bosmans,1180,40.0
P02715,Home & Kitchen,Espresso Coffee Machine,"It's okay, not great, not terrible.",3,2022-11-13,C831663,Léa De Smet,3000,29.0
P02879,Home & Kitchen,Non-Stick Frying Pan,"Good product, I'm satisfied.",4,2021-11-15,C389550,Zoë Claes,3010,18.0
P01766,Electronics,Bluetooth Portable Speaker,Not happy with this product.,2,2021-10-04,C369372,Sophie Vermeulen,1180,28.0
P08248,Sports & Outdoors,Stainless Steel Water Bottle,"Good product, I'm satisfied.",4,2022-07-27,C635725,Noah Hendriks,2000,35.0
P03704,Beauty,Matte Liquid Lipstick,"It's okay, not great, not terrible.",3,2021-07-10,C469601,Adam Lefevre,5000A,20.0
P06760,Clothing,Formal White Shirt,"Good product, I'm satisfied.",4,2023-06-08,C521491,Sophie Lefevre,3010,39.0
P04375,Books,Psychology of Habits,"Good product, I'm satisfied.",5,2024-05-30,C791252,Ava Hendriks,1011,33.0
P02359,Home & Kitchen,Memory Foam Pillow,"Good product, I'm satisfied.",4,26-06-2022,C399131,Léa Vermeulen,9000B,26.0
P02215,Home & Kitchen,Electric Kettle 1.7L,"Good product, I'm satisfied.",4,24-12-2024,C757350,Louis Lefevre,5000,28.0
P02601,Home & Kitchen,Vacuum Cleaner Pro,"Good product, I'm satisfied.",5,05-03-2022,C742852,Arthur Lefevre,1050B,27.0
P01595,Electronics,Smartphone Fast Charger,Not happy with this product.,2,2023-01-20,C835813,Liam Lefevre,1180,21.0
P04894,Books,Psychology of Habits,"Good product, I'm satisfied.",5,2024/09/10,C750324,Noah Martens,118,42.0
P10840,Garden,Herb Seeds Mix,"Good product, I'm satisfied.",5,2023-01-03,C580614,Ava Janssen,2018,62.0
P09920,Office Supplies,Wireless Computer Mouse,"Good product, I'm satisfied.",4,2023-09-08,C323934,Noah Hendriks,3500,42.0
P06123,Clothing,Running Shoes,"Good product, I'm satisfied.",4,2022-03-06,C705615,Léa Vermeulen,9000,39.0
P01159,Electronics,Wireless Keyboard and Mouse Combo,"Good product, I'm satisfied.",5,2022-08-18,C445849,Sophie Maes,2018A,52.0
P02599,Home & Kitchen,Vacuum Cleaner Pro,"Good product, I'm satisfied.",5,2021/05/18,C798130,Emma Martens,5000,41.0
P02781,Home & Kitchen,Dish Drying Rack,"It's okay, not great, not terrible.",3,2023-12-14,C936101,Noor Peeters,9000,40.0
P01230,Electronics,Smartphone Fast Charger,Not happy with this product.,2,04-09-2024,C931484,Mila Peeters,3500,74.0
P08322,Sports & Outdoors,Yoga Mat Non-Slip,"It's okay, not great, not terrible.",3,2024-03-23,C415117,Liam Janssen,3500,21.0
P08152,Sports & Outdoors,Yoga Mat Non-Slip,"Good product, I'm satisfied.",4,2024-09-14,C922014,Ava Bosmans,1011,37.0
P08137,Sports & Outdoors,Yoga Mat Non-Slip,"It's okay, not great, not terrible.",3,2024-08-05,C850902,Arthur Lefevre,3000,24.0
P01204,Electronics,Gaming Mouse Pro Series,"Good product, I'm satisfied.",5,2022-05-12,C752276,Ava Bosmans,3010,24.0
P01535,Electronics,Wireless Keyboard and Mouse Combo,"Good product, I'm satisfied.",5,09-01-2021,C375655,Lucas Peeters,2000,26.0
P10867,Garden,LED Grow Light,"Good product, I'm satisfied.",4,2021-02-03,C503038,Liam Bosmans,5000,46.0
P02743,Home & Kitchen,Vacuum Cleaner Pro,"Good product, I'm satisfied.",5,2024-06-26,C938649,Noor Vermeulen,5000,43.0
P06367,Clothing,Basic Cotton T-Shirt,"Good product, I'm satisfied.",5,2023-08-09,C936863,Noah Maes,3010,43.0
P02891,Home & Kitchen,Vacuum Cleaner Pro,,2,2022/11/28,C495019,Emma Vermeulen,3010,39.0
P04195,Books,Beginner's Guide to Python,"Good product, I'm satisfied.",4,22-10-2021,C406818,Louis Maes,9000,29.0
P04368,Books,Thriller Novel: The Last Signal,"Good product, I'm satisfied.",4,2024-01-26,C585731,Noah Janssen,200,32.0
P03244,Beauty,Hydrating Face Serum,"Good product, I'm satisfied.",4,06-03-2024,C522780,Finn Claes,2000,34.0
P08104,Sports & Outdoors,Running Shorts,"It's okay, not great, not terrible.",3,2023-10-08,C295083,Olivia De Smet,2000,40.0
P02717,Home & Kitchen,Memory Foam Pillow,"It's okay, not great, not terrible.",3,2024-08-26,C302181,Arthur Peeters,3010,18.0
P01835,Electronics,4K Ultra HD Smart TV,"Good product, I'm satisfied.",5,2024-04-23,C551673,Arthur Peeters,9000A,28.0
P02703,Home & Kitchen,Dish Drying Rack,"Good product, I'm satisfied.",4,2023/05/05,C757501,Léa Peeters,3010,72.0
P07933,Toys & Games,Building Blocks Set,Not happy with this product.,1,2021-07-26,C116221,Lucas De Smet,3000,42.0
P02964,Home & Kitchen,Stainless Steel Cookware Set,"Good product, I'm satisfied.",5,2024/10/29,C236370,,2018,40.0
P02751,Home & Kitchen,Non-Stick Frying Pan,"Good product, I'm satisfied.",4,2021-03-27,C536245,Olivia Peeters,2018,26.0
P01344,Electronics,4K Ultra HD Smart TV,Not happy with this product.,1,2024-07-28,C681024,Léa Peeters,3010,37.0
P08279,Sports & Outdoors,Camping Lantern Rechargeable,Not happy with this product.,1,2021-05-13,C607509,Zoë Lefevre,1011,44.0
P02250,Home & Kitchen,Electric Kettle 1.7L,"Good product, I'm satisfied.",5,03-07-2021,C745912,Finn Dubois,3500,31.0
P02259,Home & Kitchen,Espresso Coffee Machine,"Good product, I'm satisfied.",5,2022-07-07,C781661,Mila Vermeulen,101,29.0
P10505,Garden,Herb Seeds Mix,"Good product, I'm satisfied.",5,2024-03-10,C830518,Noah Janssen,2000,34.0
P06200,Clothing,Lightweight Hoodie,"Good product, I'm satisfied.",5,2023-06-28,C897305,Sophie Bosmans,1011,26.0
P02864,Home & Kitchen,Espresso Coffee Machine,"Good product, I'm satisfied.",5,2022/07/02,C754494,,2018,35.0
P03288,Beauty,SPF 50 Daily Sunscreen,"Good product, I'm satisfied.",5,2023-05-02,C107800,Adam Dubois,,19.0
P08730,Sports & Outdoors,Camping Lantern Rechargeable,"Good product, I'm satisfied.",5,23-03-2021,C643332,Zoë Claes,3000,27.0
P07405,Toys & Games,Strategy Board Game,"Good product, I'm satisfied.",4,16-07-2024,C110632,Zoë Dubois,200,36.0
P02668,Home & Kitchen,Memory Foam Pillow,Not happy with this product.,2,2021-04-08,C956262,Lucas Lefevre,1050A,34.0
P05789,Groceries,Extra Virgin Olive Oil,"Good product, I'm satisfied.",5,2021-10-26,C940693,Sophie Janssen,3010,31.0
P10838,Garden,Garden Hose 20m,Not happy with this product.,2,15-02-2023,C480720,Zoë De Wilde,201,
P02218,Home & Kitchen,Vacuum Cleaner Pro,"Good product, I'm satisfied.",5,2024-08-31,C334438,Mila Claes,1011,19.0
P02620,Home & Kitchen,Electric Kettle 1.7L,"Good product, I'm satisfied.",4,2024-08-23,C364582,Noor Peeters,3000A,60.0
P05878,Groceries,Granola with Nuts,"Good product, I'm satisfied.",4,2023/06/24,C481083,Noor Martens,3000,56.0
P07130,Toys & Games,Plush Teddy Bear,Not happy with this product.,2,2021-11-12,C558856,Arthur Lefevre,3500,32.0
P02520,Home & Kitchen,Vacuum Cleaner Pro,"It's okay, not great, not terrible.",3,2023-10-10,C784742,Olivia Dubois,301,56.0
P02678,Home & Kitchen,Dish Drying Rack,"Good product, I'm satisfied.",5,25-03-2023,C483405,Finn Vermeulen,1180,30.0
P02604,Home & Kitchen,Memory Foam Pillow,"Good product, I'm satisfied.",4,2024-03-22,C143460,Mila Claes,9000,
P06447,Clothing,Running Shoes,Not happy with this product.,2,2022-08-05,C297210,Léa Vermeulen,5000,21.0
P02386,Home & Kitchen,Memory Foam Pillow,Not happy with this product.,2,2023-09-29,C422146,Noor Dubois,5000,26.0
P06632,Clothing,Basic Cotton T-Shirt,"Good product, I'm satisfied.",5,2023-02-12,C106090,Adam Peeters,5000,21.0
P04819,Books,Thriller Novel: The Last Signal,"Good product, I'm satisfied.",5,2022-09-23,C916943,Olivia De Smet,3000A,45.0
P01788,Electronics,Bluetooth Portable Speaker,Not happy with this product.,1,2021-08-29,C388851,Léa Martens,201,40.0
P02980,Home & Kitchen,Stainless Steel Cookware Set,Not happy with this product.,2,03-10-2023,C686523,Noor Janssen,2000,24.0
P02329,Home & Kitchen,Espresso Coffee Machine,"Good product, I'm satisfied.",5,2021-08-17,C571644,Finn Maes,301,40.0
P01822,Electronics,Gaming Mouse Pro Series,Not happy with this product.,1,2024/09/11,C246068,Zoë Janssen,1050B,18.0
P01377,Electronics,Bluetooth Portable Speaker,"It's okay, not great, not terrible.",3,19-12-2023,C285217,Mila Hendriks,1050,29.0
P08587,Sports & Outdoors,Yoga Mat Non-Slip,"Good product, I'm satisfied.",5,2022-08-30,C600597,Ava Martens,2000,29.0
P10897,Garden,Herb Seeds Mix,"Good product, I'm satisfied.",4,2024-11-07,C632163,Mila Peeters,1050,
P01460,Electronics,USB-C Docking Station,"Good product, I'm satisfied.",4,2022-10-19,C627072,Sophie De Smet,2018,21.0
P02402,Home & Kitchen,Non-Stick Frying Pan,Not happy with this product.,2,2021-06-21,C858884,Mila Peeters,1050,18.0
P03694,Beauty,SPF 50 Daily Sunscreen,Not happy with this product.,2,2021-03-24,C225805,Sophie De Smet,9000,37.0
P01509,Electronics,Laptop Stand Aluminum,,4,07-09-2023,C578715,Ava Lefevre,350,26.0
P06895,Clothing,Basic Cotton T-Shirt,Not happy with this product.,2,2022/11/19,C896188,Olivia Maes,1180,26.0
P02865,Home & Kitchen,Dish Drying Rack,Not happy with this product.,1,03-08-2024,C862451,Mila Vermeulen,3010,32.0
P04156,Books,Cookbook: Easy Weeknight Meals,"It's okay, not great, not terrible.",3,2023/08/13,C803698,,3010,45.0
P06738,Clothing,Slim Fit Jeans,Not happy with this product.,1,2024-11-20,C837589,Emma Claes,,20.0
P02750,Home & Kitchen,Non-Stick Frying Pan,Not happy with this product.,2,2024-11-26,C692899,Sophie Martens,1050,43.0
P01946,Electronics,Gaming Mouse Pro Series,Stopped working after a few uses. The gaming mouse pro series did not match the description and feels cheap.,1,2021-10-31,C838936,Arthur De Wilde,,26.0
P03429,Beauty,SPF 50 Daily Sunscreen,Not happy with this product.,1,09-08-2023,C384105,Ava De Smet,1050,
P01430,Electronics,Laptop Stand Aluminum,"Good product, I'm satisfied.",5,2024-11-02,C473637,Zoë Martens,1011,41.0
P02658,Home & Kitchen,Espresso Coffee Machine,"It's okay, not great, not terrible.",3,2023-07-29,C369840,Sophie Claes,1050,41.0
P05393,Groceries,Whole Bean Coffee Dark Roast,"It's okay, not great, not terrible.",3,16-08-2023,C314512,Zoë Vermeulen,2018,45.0
P02584,Home & Kitchen,Dish Drying Rack,"Good product, I'm satisfied.",4,2023-05-27,C919463,Léa Martens,3500,72.0
P03690,Beauty,Matte Liquid Lipstick,"Good product, I'm satisfied.",4,2022-12-26,C527550,Emma Martens,1011,30.0
P07119,Toys & Games,Building Blocks Set,Not happy with this product.,1,2021-06-22,C852014,Noah De Wilde,9000,44.0
P10500,Garden,LED Grow Light,It does what it needs to do. The led grow light works fine but there are a few minor issues.,3,2023-10-15,C247574,Emma Maes,1050,36.0
P01797,Electronics,USB-C Docking Station,"Good product, I'm satisfied.",5,2021-04-03,C407912,Lucas Claes,,19.0
P01599,Electronics,Wireless Keyboard and Mouse Combo,"Good product, I'm satisfied.",4,2022-11-19,C336230,Olivia Janssen,101,45.0
P02676,Home & Kitchen,Electric Kettle 1.7L,"Good product, I'm satisfied.",5,27-08-2023,C589034,Mila De Wilde,2018,36.0
P04668,Books,Beginner's Guide to Python,Not happy with this product.,2,07-10-2022,C274971,Louis Vermeulen,3010B,61.0
P02661,Home & Kitchen,Non-Stick Frying Pan,"Good product, I'm satisfied.",5,2021-10-15,C788938,Noah Bosmans,1011,25.0
P03623,Beauty,Anti-Frizz Hair Oil,"Good product, I'm satisfied.",5,2024-03-10,C549561,Mila Hendriks,1011,20.0
P01247,Electronics,Laptop Stand Aluminum,"Good product, I'm satisfied.",4,2021/01/14,C903524,Noor Hendriks,2000,28.0
P01663,Electronics,Wireless Noise-Cancelling Headphones,"Good product, I'm satisfied.",4,2024/03/16,C271363,Léa Dubois,2000,38.0
P06364,Clothing,Lightweight Hoodie,"Good product, I'm satisfied.",4,2021/10/15,C596250,Ava Claes,3010,34.0
P01628,Electronics,4K Ultra HD Smart TV,"Good product, I'm satisfied.",4,2022-10-02,C208679,Liam Maes,1050,32.0
P01673,Electronics,4K Ultra HD Smart TV,"Good product, I'm satisfied.",4,2022/08/04,C658152,Finn De Smet,5000,21.0
P02441,Home & Kitchen,Vacuum Cleaner Pro,Not happy with this product.,2,2022-12-18,C185461,Finn Hendriks,118,27.0
P02255,Home & Kitchen,Air Purifier with HEPA Filter,Exceeded my expectations. I use it almost every day for home & kitchen tasks and it performs very well.,4,10-10-2021,C889794,Léa Maes,,24.0
P02316,Home & Kitchen,Non-Stick Frying Pan,"It's okay, not great, not terrible.",3,2024-09-04,C694731,Zoë Bosmans,500,42.0
P08241,Sports & Outdoors,Yoga Mat Non-Slip,Not happy with this product.,2,27-04-2024,C119420,Noah Maes,9000,22.0
P01740,Electronics,Wireless Keyboard and Mouse Combo,"Good product, I'm satisfied.",5,2024/06/14,C935434,Liam Bosmans,1180B,45.0
P08742,Sports & Outdoors,Stainless Steel Water Bottle,"Good product, I'm satisfied.",4,2021-05-11,C267753,,3010,42.0
P08542,Sports & Outdoors,Yoga Mat Non-Slip,Not happy with this product.,2,2024-09-08,C253350,Sophie Janssen,2018,40.0
P05637,Groceries,Extra Virgin Olive Oil,"Good product, I'm satisfied.",4,16-04-2022,C312570,Liam Dubois,1050,36.0
P02128,Home & Kitchen,Air Purifier with HEPA Filter,"It's okay, not great, not terrible.",3,2024-04-11,C992253,Noah De Wilde,1050,41.0
P02579,Home & Kitchen,Memory Foam Pillow,"Good product, I'm satisfied.",4,2024-03-15,C906944,Noah Bosmans,1050,
P07310,Toys & Games,Plush Teddy Bear,Not happy with this product.,2,2023-03-14,C642899,Finn Maes,2000,19.0
P07359,Toys & Games,Educational Puzzle Set,"Good product, I'm satisfied.",4,27-03-2021,C729281,Emma Hendriks,500,27.0
P02137,Home & Kitchen,Vacuum Cleaner Pro,Not happy with this product.,2,07-01-2022,C712403,Sophie Lefevre,500,30.0
P01451,Electronics,Wireless Keyboard and Mouse Combo,"Good product, I'm satisfied.",5,2023/10/08,C476596,Finn Hendriks,3010,33.0
P02954,Home & Kitchen,Dish Drying Rack,"Good product, I'm satisfied.",4,2021-11-02,C938519,Lucas Lefevre,3500,42.0
P08452,Sports & Outdoors,Running Shorts,,4,2022-12-22,C175910,Adam Janssen,3500,29.0
P04869,Books,Beginner's Guide to Python,Not happy with this product.,1,2021-05-06,C154253,Arthur Peeters,2018,39.0
P10730,Garden,Garden Hose 20m,"It's okay, not great, not terrible.",3,2022-08-25,C124773,Olivia Peeters,1050,39.0
P08959,Sports & Outdoors,Camping Lantern Rechargeable,"It's okay, not great, not terrible.",3,28-07-2024,C809641,Emma Martens,2018,33.0
P01475,Electronics,Gaming Mouse Pro Series,"It's okay, not great, not terrible.",3,2024/07/18,C823480,Louis Bosmans,5000,44.0
P02606,Home & Kitchen,Electric Kettle 1.7L,"Good product, I'm satisfied.",4,2024-12-18,C468630,,9000,45.0
P08739,Sports & Outdoors,Stainless Steel Water Bottle,"It's okay, not great, not terrible.",3,2024/09/19,C461731,Olivia Bosmans,3500,39.0
P06388,Clothing,Basic Cotton T-Shirt,"It's okay, not great, not terrible.",3,2023/11/03,C308406,Noor Bosmans,3000,29.0
P08472,Sports & Outdoors,Yoga Mat Non-Slip,"It's okay, not great, not terrible.",3,2021-04-11,C264134,Mila De Smet,,21.0
P02361,Home & Kitchen,Electric Kettle 1.7L,"Good product, I'm satisfied.",4,11-05-2021,C333795,Finn Janssen,1050,52.0
P02596,Home & Kitchen,Vacuum Cleaner Pro,"Good product, I'm satisfied.",4,05-08-2021,C631468,Lucas Bosmans,9000,25.0
P10482,Garden,Garden Hose 20m,"Good product, I'm satisfied.",5,2022-09-02,C124437,Emma Janssen,1050,24.0
P02660,Home & Kitchen,Dish Drying Rack,Not happy with this product.,1,03-02-2023,C254414,Arthur De Wilde,1050,64.0
P09685,Office Supplies,Wireless Computer Mouse,"Good product, I'm satisfied.",5,2024/08/27,C449391,Louis Dubois,1011,32.0
P02433,Home & Kitchen,Dish Drying Rack,"Good product, I'm satisfied.",5,01-09-2023,C871691,Olivia Vermeulen,2000,28.0
P01947,Electronics,Gaming Mouse Pro Series,"It's okay, not great, not terrible.",3,2021-05-09,C681804,Mila Dubois,,35.0
P06174,Clothing,Basic Cotton T-Shirt,Not happy with this product.,2,2022-09-21,C534185,Noor Lefevre,2000,18.0
P03297,Beauty,Anti-Frizz Hair Oil,"It's okay, not great, not terrible.",3,2023/08/12,C971247,Léa Dubois,,40.0
P06551,Clothing,Lightweight Hoodie,"It's okay, not great, not terrible.",3,25-03-2021,C578376,Louis De Wilde,9000,21.0
P02118,Home & Kitchen,Air Purifier with HEPA Filter,"Good product, I'm satisfied.",4,2021-06-26,C832116,Sophie Dubois,3010,24.0
P07139,Toys & Games,Building Blocks Set,"Good product, I'm satisfied.",5,2024-02-09,C317285,Emma Bosmans,5000,18.0
P01315,Electronics,4K Ultra HD Smart TV,,3,2022-09-22,C169113,Ava Lefevre,1011,41.0
P02563,Home & Kitchen,Air Purifier with HEPA Filter,"Good product, I'm satisfied.",4,2021-03-30,C892876,Ava Martens,105,32.0
P01120,Electronics,4K Ultra HD Smart TV,"Good product, I'm satisfied.",5,2024-08-13,C780381,Adam Claes,3010,53.0
P02397,Home & Kitchen,Espresso Coffee Machine,"Good product, I'm satisfied.",4,27-04-2022,C998285,Léa Martens,1180,61.0
P06879,Clothing,Slim Fit Jeans,"Good product, I'm satisfied.",4,28-03-2024,C984532,Sophie Lefevre,1180,27.0
P02441,Home & Kitchen,Dish Drying Rack,"Good product, I'm satisfied.",5,2022-11-07,C436653,Sophie Peeters,5000,72.0
P01488,Electronics,Smartphone Fast Charger,"Good product, I'm satisfied.",5,2022-01-12,C428312,Ava Dubois,,26.0
P02969,Home & Kitchen,Electric Kettle 1.7L,,5,2024-05-21,C995815,Finn Vermeulen,105,41.0
P09861,Office Supplies,Gel Ink Pens Pack,"It's okay, not great, not terrible.",3,03-05-2023,C134939,Louis Janssen,5000B,32.0
P02614,Home & Kitchen,Dish Drying Rack,"Good product, I'm satisfied.",5,2023-02-07,C492127,Noah Lefevre,1050,23.0
P02315,Home & Kitchen,Electric Kettle 1.7L,"Good product, I'm satisfied.",5,28-06-2022,C100594,,3000,51.0
P07602,Toys & Games,Plush Teddy Bear,Not happy with this product.,2,2022/04/07,C370142,Liam Bosmans,9000,37.0
P02718,Home & Kitchen,Espresso Coffee Machine,"Good product, I'm satisfied.",4,2021-04-04,C750871,Zoë Martens,9000,71.0
P01347,Electronics,Smartphone Fast Charger,"Good product, I'm satisfied.",4,2023-10-18,C258781,Ava Maes,105,44.0
P02369,Home & Kitchen,Electric Kettle 1.7L,"Good product, I'm satisfied.",5,2021/02/20,C532027,Louis De Wilde,9000,38.0
P10285,Garden,Garden Hose 20m,"Good product, I'm satisfied.",4,2021-05-15,C104510,Noor De Wilde,9000B,44.0
P02813,Home & Kitchen,Electric Kettle 1.7L,"Good product, I'm satisfied.",5,2021/12/30,C631720,,2018,28.0
P03662,Beauty,SPF 50 Daily Sunscreen,Not happy with this product.,2,2023-11-09,C175733,Lucas Hendriks,105,24.0
P02533,Home & Kitchen,Electric Kettle 1.7L,"It's okay, not great, not terrible.",3,2024-05-07,C457025,Adam De Wilde,2018,34.0
P02911,Home & Kitchen,Memory Foam Pillow,,4,2024/01/30,C323774,Arthur De Smet,105,46.0
P02224,Home & Kitchen,Stainless Steel Cookware Set,"Good product, I'm satisfied.",5,27-04-2022,C414492,Mila Claes,2018,39.0
P05887,Groceries,Organic Almond Milk,"Good product, I'm satisfied.",4,09-07-2024,C328187,Léa Lefevre,5000,52.0
P03629,Beauty,Hydrating Face Serum,"Good product, I'm satisfied.",4,24-12-2022,C363807,Mila De Smet,1050,44.0
P03294,Beauty,Volumizing Mascara,"Good product, I'm satisfied.",5,2022-10-18,C803492,Adam Bosmans,1180,32.0
P01498,Electronics,4K Ultra HD Smart TV,"Good product, I'm satisfied.",5,2024-03-15,C212654,Olivia Martens,1180,44.0
P01392,Electronics,Bluetooth Portable Speaker,"Good product, I'm satisfied.",4,2022-12-02,C722475,Olivia Hendriks,9000,27.0
P10983,Garden,Garden Hose 20m,"It's okay, not great, not terrible.",3,06-07-2024,C898100,Noor Maes,1011A,23.0
P01383,Electronics,Wireless Keyboard and Mouse Combo,"Good product, I'm satisfied.",4,25-07-2021,C859782,Finn Maes,1011,25.0
P01389,Electronics,Smartphone Fast Charger,"Good product, I'm satisfied.",4,2021-09-22,C824248,Arthur Peeters,3500,38.0
P02365,Home & Kitchen,Electric Kettle 1.7L,"Good product, I'm satisfied.",5,09-04-2024,C538897,Mila Lefevre,3010,32.0
P06330,Clothing,Formal White Shirt,"Good product, I'm satisfied.",5,2024-12-17,C272198,Emma Claes,2018,
P05349,Groceries,Extra Virgin Olive Oil,"Good product, I'm satisfied.",4,2021-02-14,C776831,Arthur Peeters,1050,38.0
P06269,Clothing,Running Shoes,"It's okay, not great, not terrible.",3,2023-11-24,C581554,Mila Claes,,37.0
P02154,Home & Kitchen,Espresso Coffee Machine,"Good product, I'm satisfied.",5,2022/01/03,C870820,Noah Janssen,5000,27.0
P02449,Home & Kitchen,Electric Kettle 1.7L,Not happy with this product.,1,2022-09-17,C806960,Adam Vermeulen,2018,53.0
P01962,Electronics,USB-C Docking Station,"It's okay, not great, not terrible.",3,2023/06/27,C758880,Léa Bosmans,1050,29.0
P04352,Books,Psychology of Habits,Not happy with this product.,2,2023-09-19,C757372,Lucas Dubois,2018,41.0
P05764,Groceries,Organic Almond Milk,"Good product, I'm satisfied.",5,2024-05-14,C835485,Louis De Smet,2018,40.0
P07735,Toys & Games,Educational Puzzle Set,Not happy with this product.,2,2021-07-25,C972872,Léa Martens,9000,33.0
P01644,Electronics,Laptop Stand Aluminum,"Good product, I'm satisfied.",5,2023-05-02,C872928,Mila De Smet,2000,37.0
P01503,Electronics,Smartphone Fast Charger,"Good product, I'm satisfied.",5,2021/05/20,C233930,Sophie Dubois,5000,19.0
P02882,Home & Kitchen,Air Purifier with HEPA Filter,"Good product, I'm satisfied.",5,2023-04-05,C728611,Liam Dubois,2000,26.0
P04153,Books,Thriller Novel: The Last Signal,"Good product, I'm satisfied.",4,18-06-2024,C493678,Ava De Smet,1180A,41.0
P05107,Groceries,Granola with Nuts,"Good product, I'm satisfied.",4,2022-04-18,C411113,Lucas Lefevre,3000,20.0
P02181,Home & Kitchen,Memory Foam Pillow,Not happy with this product.,1,2023-11-09,C890275,Finn De Wilde,105,33.0
P02808,Home & Kitchen,Memory Foam Pillow,"Good product, I'm satisfied.",4,2023-12-08,C233056,Noah Dubois,9000,26.0
P06987,Clothing,Lightweight Hoodie,"Good product, I'm satisfied.",4,2023-01-12,C749908,Louis Martens,2000,30.0
P02709,Home & Kitchen,Vacuum Cleaner Pro,"Good product, I'm satisfied.",5,21-04-2022,C967035,Noor Claes,1180,26.0
P10550,Garden,Herb Seeds Mix,Not happy with this product.,2,2023-06-27,C144475,Sophie Claes,1011,39.0
P05508,Groceries,Granola with Nuts,"Good product, I'm satisfied.",5,2021/05/18,C253924,Adam De Wilde,1011,26.0
P01668,Electronics,Laptop Stand Aluminum,"Good product, I'm satisfied.",5,2024-06-25,C573685,Emma Janssen,3500B,33.0
P03413,Beauty,SPF 50 Daily Sunscreen,"Good product, I'm satisfied.",4,2023-07-25,C644590,Lucas De Smet,5000,
P02217,Home & Kitchen,Non-Stick Frying Pan,"It's okay, not great, not terrible.",3,2022-01-10,C204158,Noor Dubois,300,67.0
P07246,Toys & Games,Plush Teddy Bear,"It's okay, not great, not terrible.",3,2021/07/04,C955761,Zoë Maes,3010,36.0
P09859,Office Supplies,Notebook A5 Lined,"It's okay, not great, not terrible.",3,2021/11/17,C517017,Léa Martens,3010,22.0
P01525,Electronics,USB-C Docking Station,"It's okay, not great, not terrible.",3,2023/01/31,C297006,Olivia Dubois,201,37.0
P09721,Office Supplies,Gel Ink Pens Pack,Not happy with this product.,2,2022/02/25,C555292,Olivia Janssen,1180,42.0
P06710,Clothing,Basic Cotton T-Shirt,"It's okay, not great, not terrible.",3,2024-09-10,C556491,Arthur Dubois,301,71.0
P01457,Electronics,Gaming Mouse Pro Series,"Good product, I'm satisfied.",5,2022-08-29,C581430,Zoë Hendriks,1180,35.0
P08795,Sports & Outdoors,Stainless Steel Water Bottle,"Good product, I'm satisfied.",4,2023-08-29,C897191,Adam Janssen,5000,26.0
P01375,Electronics,Gaming Mouse Pro Series,Not happy with this product.,2,2022-07-04,C480214,Mila Martens,5000,27.0
P05976,Groceries,Extra Virgin Olive Oil,"It's okay, not great, not terrible.",3,2021-08-25,C558188,Léa De Smet,3000A,
P02367,Home & Kitchen,Vacuum Cleaner Pro,"It's okay, not great, not terrible.",3,2022/05/30,C588780,Finn Dubois,3500,32.0
P02784,Home & Kitchen,Air Purifier with HEPA Filter,"It's okay, not great, not terrible.",3,24-06-2022,C499850,Zoë Maes,1011,26.0
P01124,Electronics,Smartphone Fast Charger,"It's okay, not great, not terrible.",3,2021/09/24,C998666,Ava Peeters,3500,43.0
P05585,Groceries,Granola with Nuts,Not happy with this product.,1,2023-03-12,C312825,Emma Lefevre,5000,22.0
P07894,Toys & Games,Strategy Board Game,Not happy with this product.,1,2023-10-30,C176186,Arthur De Wilde,,23.0
P05165,Groceries,Organic Almond Milk,"It's okay, not great, not terrible.",3,2022/06/10,C921084,Arthur Peeters,500,36.0
P02847,Home & Kitchen,Electric Kettle 1.7L,"It's okay, not great, not terrible.",3,2021-01-30,C991459,Olivia De Smet,1050,41.0
P02197,Home & Kitchen,Air Purifier with HEPA Filter,Not happy with this product.,1,2023-05-28,C837025,Léa Claes,3500,26.0
P08127,Sports & Outdoors,Yoga Mat Non-Slip,Not happy with this product.,2,2021-02-08,C346285,Adam Maes,1180,68.0
P05194,Groceries,Gluten-Free Pasta,,4,2024-12-21,C298683,Ava Dubois,3500,32.0
P07714,Toys & Games,Plush Teddy Bear,"Good product, I'm satisfied.",4,2021-08-10,C509446,Zoë Peeters,2000,45.0
P04368,Books,Psychology of Habits,"Good product, I'm satisfied.",4,2023-03-11,C376767,Léa Bosmans,1180,30.0
P01246,Electronics,Wireless Noise-Cancelling Headphones,"Good product, I'm satisfied.",5,2021-03-13,C989894,Finn Hendriks,9000,37.0
P01864,Electronics,Wireless Noise-Cancelling Headphones,"Good product, I'm satisfied.",5,2022-05-19,C356734,Louis Martens,2018,
P02138,Home & Kitchen,Air Purifier with HEPA Filter,Not happy with this product.,2,2023-04-01,C177503,Ava Maes,1011,27.0
P01287,Electronics,4K Ultra HD Smart TV,Not happy with this product.,1,2022-05-17,C752660,Lucas De Wilde,5000,43.0
P10558,Garden,LED Grow Light,,4,2023/04/28,C461796,Finn Dubois,3000B,45.0
P09359,Office Supplies,Wireless Computer Mouse,"Good product, I'm satisfied.",5,2023-03-20,C479051,Liam Peeters,3000,30.0
P01935,Electronics,USB-C Docking Station,"It's okay, not great, not terrible.",3,2024-02-14,C205461,Olivia Maes,3010,20.0
P03606,Beauty,Nourishing Shampoo,"Good product, I'm satisfied.",5,03-09-2021,C680476,Noor Bosmans,2000,32.0
P10732,Garden,Herb Seeds Mix,"It's okay, not great, not terrible.",3,2023-06-19,C722580,Sophie Dubois,9000,32.0
P03313,Beauty,Nourishing Shampoo,"Good product, I'm satisfied.",4,11-01-2024,C720617,Léa De Wilde,3010,41.0
P07202,Toys & Games,Plush Teddy Bear,"It's okay, not great, not terrible.",3,2024-03-24,C193019,Noor De Wilde,1180,70.0
P03496,Beauty,Nourishing Shampoo,Not happy with this product.,2,2021-03-27,C437865,Sophie Martens,9000B,36.0
P04601,Books,Psychology of Habits,,5,2023-12-10,C683558,Emma De Wilde,3500,27.0
P01452,Electronics,Gaming Mouse Pro Series,"Good product, I'm satisfied.",5,2022-01-27,C887116,Mila De Smet,500,73.0
P02347,Home & Kitchen,Electric Kettle 1.7L,"It's okay, not great, not terrible.",3,2022-09-10,C121590,Finn Lefevre,900,34.0
P03168,Beauty,Nourishing Shampoo,"Good product, I'm satisfied.",4,2021-08-26,C928373,Sophie Dubois,9000,37.0
P02928,Home & Kitchen,Stainless Steel Cookware Set,,4,2023-03-17,C319255,Sophie Lefevre,3010,27.0
P02102,Home & Kitchen,Electric Kettle 1.7L,"Good product, I'm satisfied.",5,16-03-2021,C105010,,1050,28.0
P02361,Home & Kitchen,Memory Foam Pillow,"It's okay, not great, not terrible.",3,20-05-2021,C667176,Emma Lefevre,3500,23.0
P02830,Home & Kitchen,Non-Stick Frying Pan,"It's okay, not great, not terrible.",3,2021-04-30,C865440,Sophie Maes,2000,44.0
P05795,Groceries,Whole Bean Coffee Dark Roast,"Good product, I'm satisfied.",4,2024-11-19,C343292,Finn Martens,3000,18.0
P04143,Books,Thriller Novel: The Last Signal,,4,2023/10/06,C989203,Louis Martens,3010,41.0
P07147,Toys & Games,Building Blocks Set,Not happy with this product.,1,2021-11-20,C204411,Sophie Claes,2000,29.0
P05898,Groceries,Granola with Nuts,"Good product, I'm satisfied.",5,2023/08/25,C861757,Ava De Smet,1011,36.0
P02785,Home & Kitchen,Dish Drying Rack,"Good product, I'm satisfied.",4,2023-03-27,C483511,Noah De Wilde,5000,34.0
P09464,Office Supplies,Ergonomic Office Chair,"Good product, I'm satisfied.",4,2024-05-01,C384767,Sophie Bosmans,1050,23.0
P02422,Home & Kitchen,Dish Drying Rack,"Good product, I'm satisfied.",4,2022-08-15,C270115,Noah Janssen,900,18.0
P06134,Clothing,Slim Fit Jeans,"Good product, I'm satisfied.",4,2024-11-09,C224573,Noah Lefevre,3500,27.0
P02637,Home & Kitchen,Vacuum Cleaner Pro,"It's okay, not great, not terrible.",3,14-10-2021,C505667,Noah Janssen,118,22.0
P01950,Electronics,4K Ultra HD Smart TV,"Good product, I'm satisfied.",5,2023-06-04,C246433,Arthur Maes,2018,35.0
P02378,Home & Kitchen,Dish Drying Rack,"Good product, I'm satisfied.",5,26-03-2024,C649300,Liam Vermeulen,5000,40.0
P01608,Electronics,USB-C Docking Station,"Good product, I'm satisfied.",4,2021-04-12,C970847,Emma Bosmans,1180,35.0
P02813,Home & Kitchen,Electric Kettle 1.7L,Not happy with this product.,1,2022-03-21,C358692,Finn Peeters,9000,41.0
P03390,Beauty,Anti-Frizz Hair Oil,"Good product, I'm satisfied.",4,2024-06-02,C781890,,3000,30.0
P02840,Home & Kitchen,Non-Stick Frying Pan,Not happy with this product.,2,2021-07-16,C975595,,3000,42.0
P07262,Toys & Games,Educational Puzzle Set,"Good product, I'm satisfied.",4,27-10-2023,C733035,Finn Vermeulen,5000,29.0
P02513,Home & Kitchen,Electric Kettle 1.7L,"Good product, I'm satisfied.",4,21-06-2022,C283965,Olivia Peeters,1050B,24.0
P02575,Home & Kitchen,Stainless Steel Cookware Set,"Good product, I'm satisfied.",5,2023-10-05,C314584,Lucas Lefevre,2018,35.0
P10118,Garden,Herb Seeds Mix,"It's okay, not great, not terrible.",3,2022-09-06,C754382,Mila Vermeulen,9000,21.0
P06123,Clothing,Slim Fit Jeans,"It's okay, not great, not terrible.",3,2022-06-24,C900527,Zoë De Smet,1180B,41.0
P01618,Electronics,Wireless Keyboard and Mouse Combo,"It's okay, not great, not terrible.",3,2023/07/24,C403593,Louis De Smet,3010,30.0
P10533,Garden,LED Grow Light,"Good product, I'm satisfied.",5,23-08-2022,C570815,Zoë Hendriks,3500,41.0
P06416,Clothing,Running Shoes,"Good product, I'm satisfied.",4,30-03-2024,C297526,Emma Maes,3500,30.0
P01149,Electronics,Smartphone Fast Charger,"It's okay, not great, not terrible.",3,2024-07-29,C245249,Mila Martens,5000A,42.0
P08706,Sports & Outdoors,Yoga Mat Non-Slip,"Good product, I'm satisfied.",5,01-05-2022,C224010,Olivia Janssen,3500,33.0
P01552,Electronics,4K Ultra HD Smart TV,"It's okay, not great, not terrible.",3,2022-09-14,C422823,Lucas Lefevre,2018,20.0
P06797,Clothing,Lightweight Hoodie,"Good product, I'm satisfied.",5,2023-09-15,C583100,Zoë De Wilde,3000,19.0
P05474,Groceries,Gluten-Free Pasta,"Good product, I'm satisfied.",5,2022/03/25,C655475,Zoë Martens,3500,20.0
P06771,Clothing,Basic Cotton T-Shirt,"Good product, I'm satisfied.",4,2023-07-20,C375394,Ava Claes,3500,45.0
P03916,Beauty,SPF 50 Daily Sunscreen,"It's okay, not great, not terrible.",3,2022-02-13,C381281,Arthur Hendriks,9000,33.0
P08542,Sports & Outdoors,Camping Lantern Rechargeable,"Good product, I'm satisfied.",4,2023/05/08,C620239,Liam De Smet,9000,34.0
P08126,Sports & Outdoors,Running Shorts,"It's okay, not great, not terrible.",3,24-05-2023,C402865,Sophie Martens,3010A,31.0
P07399,Toys & Games,Strategy Board Game,"Good product, I'm satisfied.",5,2022-05-05,C895308,Liam De Smet,101,28.0
P01219,Electronics,Gaming Mouse Pro Series,Not happy with this product.,2,2023-03-07,C291936,Lucas Bosmans,3500,40.0
P05815,Groceries,Extra Virgin Olive Oil,Not happy with this product.,1,2023-03-20,C837316,Ava Martens,5000A,32.0
P07794,Toys & Games,Strategy Board Game,Not happy with this product.,2,22-01-2022,C469945,Emma Maes,118,42.0
P04437,Books,Psychology of Habits,"Good product, I'm satisfied.",5,2022-09-25,C625597,Olivia De Wilde,200,25.0
P07188,Toys & Games,Educational Puzzle Set,"It's okay, not great, not terrible.",3,2024/11/01,C806921,Mila De Wilde,3500,41.0
P01663,Electronics,Wireless Keyboard and Mouse Combo,"Good product, I'm satisfied.",5,28-10-2022,C619640,Léa Hendriks,1180,72.0
P01681,Electronics,Laptop Stand Aluminum,"Good product, I'm satisfied.",5,14-01-2023,C693393,Louis Dubois,500,23.0
P09849,Office Supplies,Notebook A5 Lined,"Good product, I'm satisfied.",5,27-12-2023,C609597,Adam Peeters,3500,51.0
P03725,Beauty,Volumizing Mascara,"Good product, I'm satisfied.",4,2021-11-20,C375161,Olivia Lefevre,3010,53.0
P02820,Home & Kitchen,Dish Drying Rack,"Good product, I'm satisfied.",5,2023/03/31,C948549,Mila Martens,3500,44.0
P01751,Electronics,USB-C Docking Station,"Good product, I'm satisfied.",5,03-01-2021,C980357,Arthur Janssen,,28.0
P03547,Beauty,Matte Liquid Lipstick,Not happy with this product.,2,2023-09-21,C779513,Mila Hendriks,201,32.0
P05930,Groceries,Whole Bean Coffee Dark Roast,"Good product, I'm satisfied.",4,2023-04-27,C777233,,3010,20.0
P07473,Toys & Games,Strategy Board Game,"Good product, I'm satisfied.",4,16-04-2022,C938271,Léa De Smet,9000B,34.0
P09959,Office Supplies,Notebook A5 Lined,"Good product, I'm satisfied.",5,25-05-2024,C776472,Louis Lefevre,3010,41.0
P01185,Electronics,Smartphone Fast Charger,"Good product, I'm satisfied.",5,2024-03-12,C986832,Finn Claes,9000,40.0
P02143,Home & Kitchen,Stainless Steel Cookware Set,"Good product, I'm satisfied.",4,2021-02-02,C854663,Noah Dubois,2000,21.0
P04553,Books,Cookbook: Easy Weeknight Meals,"It's okay, not great, not terrible.",3,2024-05-02,C738353,Mila Hendriks,1011,44.0
P02882,Home & Kitchen,Espresso Coffee Machine,"Good product, I'm satisfied.",5,03-11-2021,C968461,Liam Lefevre,1180,33.0
P02550,Home & Kitchen,Air Purifier with HEPA Filter,"Good product, I'm satisfied.",5,07-08-2024,C205935,Finn Maes,3000,37.0
P01279,Electronics,USB-C Docking Station,Not happy with this product.,1,23-12-2024,C779658,,3500,28.0
P02694,Home & Kitchen,Stainless Steel Cookware Set,"Good product, I'm satisfied.",4,2021/02/13,C440623,Adam Hendriks,301,44.0
P03678,Beauty,Anti-Frizz Hair Oil,"Good product, I'm satisfied.",4,2022-04-26,C515785,Olivia Maes,3500,29.0
P06453,Clothing,Slim Fit Jeans,"Good product, I'm satisfied.",4,2023-05-19,C841554,Adam Maes,2000,18.0
P02447,Home & Kitchen,Non-Stick Frying Pan,"Good product, I'm satisfied.",4,2021/02/11,C573670,Léa Peeters,2000,36.0
P08208,Sports & Outdoors,Camping Lantern Rechargeable,"Good product, I'm satisfied.",4,2024-02-04,C506299,Sophie De Smet,9000,45.0
P01285,Electronics,USB-C Docking Station,"It's okay, not great, not terrible.",3,2021-07-22,C128491,Arthur Janssen,1180,28.0
P01692,Electronics,USB-C Docking Station,"Good product, I'm satisfied.",5,2024-10-28,C346692,Liam Peeters,3500,35.0
P02237,Home & Kitchen,Espresso Coffee Machine,"Good product, I'm satisfied.",5,2023-08-06,C812591,Arthur Martens,1011,
P02283,Home & Kitchen,Electric Kettle 1.7L,"It's okay, not great, not terrible.",3,11-03-2023,C312943,Lucas Dubois,2000,41.0
P01728,Electronics,Wireless Keyboard and Mouse Combo,"Good product, I'm satisfied.",4,22-03-2022,C736683,Louis Hendriks,3000,30.0
P03489,Beauty,Hydrating Face Serum,,5,2022-10-28,C594775,Finn De Smet,,22.0
P01742,Electronics,Bluetooth Portable Speaker,"Good product, I'm satisfied.",5,06-08-2023,C582992,Zoë Maes,1180,41.0
P03160,Beauty,Matte Liquid Lipstick,Not happy with this product.,1,2022-05-17,C189279,Olivia Bosmans,2000,41.0
P02740,Home & Kitchen,Electric Kettle 1.7L,"It's okay, not great, not terrible.",3,04-11-2024,C320543,Ava Claes,201,30.0
P02642,Home & Kitchen,Memory Foam Pillow,"Good product, I'm satisfied.",4,2022-03-03,C164989,Louis De Wilde,2000A,34.0
P02178,Home & Kitchen,Dish Drying Rack,"Good product, I'm satisfied.",4,2022-08-26,C196704,Ava Janssen,2018,36.0
P02633,Home & Kitchen,Air Purifier with HEPA Filter,"Good product, I'm satisfied.",4,26-10-2024,C856715,Sophie Peeters,300,
P05166,Groceries,Gluten-Free Pasta,"It's okay, not great, not terrible.",3,15-08-2023,C380266,Finn Janssen,1050,33.0
P06777,Clothing,Formal White Shirt,Not happy with this product.,2,27-02-2022,C446229,Arthur Vermeulen,1011,43.0
P07330,Toys & Games,Plush Teddy Bear,Not happy with this product.,1,2023-06-04,C968195,Ava Lefevre,1050,36.0
P05713,Groceries,Whole Bean Coffee Dark Roast,"Good product, I'm satisfied.",4,2023-01-26,C930002,Mila Bosmans,3010,32.0
P01750,Electronics,USB-C Docking Station,"Good product, I'm satisfied.",4,2022-07-26,C669884,Liam Lefevre,1180A,36.0
P04223,Books,Thriller Novel: The Last Signal,Not happy with this product.,2,2021-12-20,C586786,Arthur Lefevre,2018,44.0
P04123,Books,Psychology of Habits,"It's okay, not great, not terrible.",3,2023-04-16,C611354,Olivia De Smet,2000,27.0
P01104,Electronics,Bluetooth Portable Speaker,Not happy with this product.,2,2024-04-17,C847678,Liam Martens,5000,32.0
P05363,Groceries,Gluten-Free Pasta,"It's okay, not great, not terrible.",3,11-03-2024,C502676,Adam De Wilde,1050,20.0
P04183,Books,Thriller Novel: The Last Signal,"Good product, I'm satisfied.",4,2021-08-09,C895426,Sophie Claes,3010,27.0
P02109,Home & Kitchen,Espresso Coffee Machine,"It's okay, not great, not terrible.",3,2023-06-16,C759225,Liam Peeters,1050,25.0
P01743,Electronics,Wireless Noise-Cancelling Headphones,"Good product, I'm satisfied.",4,2024-10-12,C166129,Mila Maes,5000,32.0
P10989,Garden,LED Grow Light,"Good product, I'm satisfied.",4,2021-04-07,C715625,Olivia Dubois,3500,44.0
P02871,Home & Kitchen,Stainless Steel Cookware Set,"It's okay, not great, not terrible.",3,2021/04/08,C778324,Noah Vermeulen,1050,21.0
P02486,Home & Kitchen,Memory Foam Pillow,"Good product, I'm satisfied.",4,2022-02-05,C239687,Sophie De Wilde,5000,30.0
P01803,Electronics,Laptop Stand Aluminum,"Good product, I'm satisfied.",4,2021-08-14,C849575,Adam Peeters,1011,28.0
P01652,Electronics,Bluetooth Portable Speaker,"Good product, I'm satisfied.",4,2021-12-09,C889027,Sophie De Wilde,1011,22.0
P07312,Toys & Games,Educational Puzzle Set,"Good product, I'm satisfied.",4,23-12-2024,C541711,Lucas De Smet,3000,36.0
P02434,Home & Kitchen,Vacuum Cleaner Pro,"Good product, I'm satisfied.",4,2022-10-26,C742863,Adam Janssen,3010A,29.0
P10199,Garden,Indoor Plant Pot,"Good product, I'm satisfied.",5,04-06-2023,C657101,Sophie Martens,1011,28.0
P02544,Home & Kitchen,Non-Stick Frying Pan,"It's okay, not great, not terrible.",3,2022-07-11,C217644,Ava Bosmans,3010,37.0
P02923,Home & Kitchen,Memory Foam Pillow,"Good product, I'm satisfied.",5,2022-01-04,C506308,Mila Dubois,3010,32.0
P01161,Electronics,Laptop Stand Aluminum,"Good product, I'm satisfied.",5,2022-04-01,C701363,Adam De Wilde,1011,29.0
P02109,Home & Kitchen,Air Purifier with HEPA Filter,"Good product, I'm satisfied.",4,10-04-2023,C291511,,2000,39.0
P01784,Electronics,Wireless Noise-Cancelling Headphones,"It's okay, not great, not terrible.",3,2022/07/28,C188716,Louis Lefevre,2018,22.0
P03441,Beauty,Anti-Frizz Hair Oil,"It's okay, not great, not terrible.",3,11-04-2021,C155739,Louis Vermeulen,118,30.0
P02401,Home & Kitchen,Dish Drying Rack,"Good product, I'm satisfied.",4,2021-10-19,C742917,Zoë Janssen,5000A,43.0
P07648,Toys & Games,Plush Teddy Bear,"Good product, I'm satisfied.",4,2023-10-30,C149461,Adam Maes,2018,
P09659,Office Supplies,Wireless Computer Mouse,"Good product, I'm satisfied.",4,2021-10-02,C913949,Liam Hendriks,101,39.0
P07607,Toys & Games,Educational Puzzle Set,Not happy with this product.,1,2023-07-17,C956633,Mila Lefevre,2018,45.0
P05340,Groceries,Gluten-Free Pasta,"Good product, I'm satisfied.",5,2022/02/08,C572186,Sophie Janssen,1011,28.0
P04870,Books,Cookbook: Easy Weeknight Meals,Not happy with this product.,2,2024-03-23,C408514,Finn Hendriks,3010,19.0
P05553,Groceries,Organic Almond Milk,"Good product, I'm satisfied.",4,2022-11-13,C633056,Mila Claes,2000,35.0
P06493,Clothing,Slim Fit Jeans,"Good product, I'm satisfied.",4,2021-09-03,C946272,Zoë Claes,5000,69.0
P10195,Garden,Garden Hose 20m,"Good product, I'm satisfied.",4,07-03-2021,C279750,Liam Hendriks,3010,27.0
P05701,Groceries,Extra Virgin Olive Oil,"Good product, I'm satisfied.",5,2022-10-27,C249870,Lucas Maes,9000,22.0
P01108,Electronics,Wireless Noise-Cancelling Headphones,Not happy with this product.,2,09-04-2021,C564084,Zoë Peeters,101,
P02796,Home & Kitchen,Espresso Coffee Machine,"Good product, I'm satisfied.",5,11-07-2021,C594455,Noor Martens,3010,37.0
P02767,Home & Kitchen,Non-Stick Frying Pan,"Good product, I'm satisfied.",5,2021/02/19,C588236,Finn Vermeulen,3500,36.0
P03704,Beauty,SPF 50 Daily Sunscreen,"Good product, I'm satisfied.",4,2021/03/12,C924730,Adam Maes,2018,35.0
P09874,Office Supplies,Gel Ink Pens Pack,"Good product, I'm satisfied.",4,2023-09-30,C612715,Louis Hendriks,1050,39.0
P01823,Electronics,Bluetooth Portable Speaker,"Good product, I'm satisfied.",4,2021/11/08,C907394,Noor Peeters,9000,34.0
P03410,Beauty,Hydrating Face Serum,"Good product, I'm satisfied.",5,18-04-2021,C503598,Noah Martens,1180,30.0
P02178,Home & Kitchen,Non-Stick Frying Pan,"Good product, I'm satisfied.",5,2021/01/07,C263125,Adam Peeters,3000,20.0
P01737,Electronics,Gaming Mouse Pro Series,Not happy with this product.,1,2024-07-21,C250880,Emma De Smet,3000,26.0
P01603,Electronics,4K Ultra HD Smart TV,Not happy with this product.,2,2023-10-05,C310416,Finn Lefevre,2018,45.0
P01108,Electronics,4K Ultra HD Smart TV,Not happy with this product.,2,2024-11-16,C897178,Finn Claes,5000,
P07393,Toys & Games,Building Blocks Set,"Good product, I'm satisfied.",4,2022-07-24,C608307,Liam Dubois,3010,18.0
P01604,Electronics,Bluetooth Portable Speaker,"It's okay, not great, not terrible.",3,12-10-2021,C769147,Adam Lefevre,,40.0
P08107,Sports & Outdoors,Yoga Mat Non-Slip,"Good product, I'm satisfied.",4,11-10-2024,C290904,Léa Vermeulen,2018,41.0
P07192,Toys & Games,Building Blocks Set,"Good product, I'm satisfied.",4,14-08-2023,C199168,Arthur De Wilde,3000,31.0
P09633,Office Supplies,Wireless Computer Mouse,"It's okay, not great, not terrible.",3,28-01-2021,C387563,Arthur Lefevre,1050,37.0
P02669,Home & Kitchen,Air Purifier with HEPA Filter,"Good product, I'm satisfied.",4,2021-06-30,C585575,Liam Dubois,,20.0
P01924,Electronics,Wireless Keyboard and Mouse Combo,"Good product, I'm satisfied.",5,2023-09-11,C440389,Léa Dubois,3500,38.0
P02672,Home & Kitchen,Memory Foam Pillow,Not happy with this product.,2,2024/05/04,C234062,Noah Peeters,1050,18.0
P02881,Home & Kitchen,Non-Stick Frying Pan,Not happy with this product.,1,2024-10-31,C373421,Noah De Smet,2000,40.0
P01516,Electronics,USB-C Docking Station,"Good product, I'm satisfied.",5,2023-04-19,C224600,Zoë Peeters,118,32.0
P08203,Sports & Outdoors,Yoga Mat Non-Slip,"Good product, I'm satisfied.",4,2022-01-22,C193483,Lucas Bosmans,1050,38.0
P04904,Books,Psychology of Habits,Not happy with this product.,2,2024-12-13,C797238,Liam De Wilde,300,27.0
P01334,Electronics,Gaming Mouse Pro Series,"It's okay, not great, not terrible.",3,2023-05-31,C871139,Léa Claes,3010,22.0
P01689,Electronics,USB-C Docking Station,"Good product, I'm satisfied.",4,2021-10-21,C496323,Louis Peeters,2000,42.0
P03988,Beauty,Anti-Frizz Hair Oil,"Good product, I'm satisfied.",5,2021-11-14,C298401,Zoë Peeters,3010,30.0
P01733,Electronics,Gaming Mouse Pro Series,"Good product, I'm satisfied.",4,2022-07-24,C337004,Emma Claes,3010,35.0
P08338,Sports & Outdoors,Yoga Mat Non-Slip,Not happy with this product.,2,2023/11/04,C220005,Sophie Janssen,3010,32.0
P01805,Electronics,Gaming Mouse Pro Series,"Good product, I'm satisfied.",4,2024-07-10,C516734,Mila Janssen,2018,19.0
P02491,Home & Kitchen,Memory Foam Pillow,"It's okay, not great, not terrible.",3,18-04-2024,C635849,Sophie Bosmans,2000,28.0
P03815,Beauty,SPF 50 Daily Sunscreen,Not happy with this product.,2,2022/01/16,C146893,Zoë De Smet,1050A,43.0
P02602,Home & Kitchen,Espresso Coffee Machine,"Good product, I'm satisfied.",4,2023-09-29,C944658,Ava De Smet,1050,
P01894,Electronics,Gaming Mouse Pro Series,"Good product, I'm satisfied.",4,2021-09-11,C675522,Louis Vermeulen,201,
P07814,Toys & Games,Plush Teddy Bear,"Good product, I'm satisfied.",5,2022-01-18,C905469,Emma Maes,2000,38.0
P02681,Home & Kitchen,Vacuum Cleaner Pro,"Good product, I'm satisfied.",5,2024-10-10,C764686,Ava Claes,350,37.0
P05285,Groceries,Whole Bean Coffee Dark Roast,"It's okay, not great, not terrible.",3,2024-12-23,C221934,Léa De Smet,1180A,38.0
P01158,Electronics,USB-C Docking Station,"Good product, I'm satisfied.",4,2023-12-31,C216775,Sophie Peeters,3500,26.0
P03332,Beauty,Anti-Frizz Hair Oil,"Good product, I'm satisfied.",5,2021-05-04,C769905,Olivia Peeters,3000,42.0
P03975,Beauty,Hydrating Face Serum,"Good product, I'm satisfied.",5,04-12-2022,C976981,Sophie Claes,1050B,36.0
P01603,Electronics,Laptop Stand Aluminum,"Good product, I'm satisfied.",5,2023-10-13,C415413,Arthur Maes,2000,20.0
P03655,Beauty,Nourishing Shampoo,"Good product, I'm satisfied.",4,2021-10-27,C792354,Finn De Wilde,900,35.0
P09188,Office Supplies,Gel Ink Pens Pack,Not happy with this product.,1,2023-09-19,C125216,Zoë De Wilde,201,32.0
P02638,Home & Kitchen,Memory Foam Pillow,"Good product, I'm satisfied.",5,2021-06-01,C530749,Léa Lefevre,1050,41.0
P02717,Home & Kitchen,Espresso Coffee Machine,Not happy with this product.,2,2021-11-25,C246322,Zoë Maes,300,40.0
P10634,Garden,Herb Seeds Mix,"It's okay, not great, not terrible.",3,2021-09-29,C655031,Lucas De Wilde,2018,18.0
P02719,Home & Kitchen,Dish Drying Rack,,3,2024/03/11,C946794,Noah Maes,5000,27.0
P02726,Home & Kitchen,Non-Stick Frying Pan,"Good product, I'm satisfied.",4,2024/03/09,C105063,Emma Maes,3000,25.0
P02515,Home & Kitchen,Vacuum Cleaner Pro,"Good product, I'm satisfied.",5,2021-09-15,C500496,,301,38.0
P01527,Electronics,Wireless Noise-Cancelling Headphones,Not happy with this product.,2,05-08-2021,C272101,Emma Maes,1011B,45.0
P08207,Sports & Outdoors,Yoga Mat Non-Slip,"Good product, I'm satisfied.",5,2024/10/19,C487009,Zoë Janssen,3010,38.0
P02560,Home & Kitchen,Non-Stick Frying Pan,"It's okay, not great, not terrible.",3,2024-02-22,C880762,Lucas Vermeulen,1011,36.0
P04448,Books,Beginner's Guide to Python,"It's okay, not great, not terrible.",3,2023-12-19,C927574,Noah Dubois,2000,65.0
P01150,Electronics,Smartphone Fast Charger,,3,2021-07-17,C432244,Zoë Dubois,3500B,57.0
P06300,Clothing,Basic Cotton T-Shirt,"Good product, I'm satisfied.",5,2023/08/11,C525529,Ava Lefevre,301,26.0
P02312,Home & Kitchen,Stainless Steel Cookware Set,"Good product, I'm satisfied.",5,27-02-2024,C301593,Arthur Lefevre,3000B,43.0
P01684,Electronics,4K Ultra HD Smart TV,"Good product, I'm satisfied.",4,2024/04/03,C870158,Noor Peeters,2018,19.0
P10525,Garden,Herb Seeds Mix,"Good product, I'm satisfied.",4,2021-03-01,C794458,Mila Vermeulen,3010,35.0
P02229,Home & Kitchen,Non-Stick Frying Pan,,2,14-08-2022,C327357,Noor Claes,9000,26.0
P01425,Electronics,Smartphone Fast Charger,"It's okay, not great, not terrible.",3,2024-03-29,C501951,Lucas De Wilde,3500A,37.0
P05563,Groceries,Granola with Nuts,"It's okay, not great, not terrible.",3,2021-08-04,C236923,Emma Claes,1050,48.0
P02644,Home & Kitchen,Espresso Coffee Machine,Not happy with this product.,1,2024-09-25,C995701,Louis Martens,1011,44.0
P01464,Electronics,Bluetooth Portable Speaker,"Good product, I'm satisfied.",5,2024/03/31,C591265,Zoë Janssen,2018,41.0
P10455,Garden,Garden Hose 20m,"Good product, I'm satisfied.",4,13-02-2022,C386653,Léa Peeters,2018,40.0
P04508,Books,Psychology of Habits,"Good product, I'm satisfied.",4,2021-01-04,C525397,Mila De Wilde,3500,32.0
P06514,Clothing,Running Shoes,"It's okay, not great, not terrible.",3,2021-01-17,C484783,Emma Vermeulen,2000B,32.0
P02902,Home & Kitchen,Vacuum Cleaner Pro,,4,2024-08-13,C178253,Liam Maes,1011B,59.0
P02397,Home & Kitchen,Dish Drying Rack,"Good product, I'm satisfied.",4,2022-04-22,C395499,Olivia Maes,2000,26.0
P08529,Sports & Outdoors,Running Shorts,"Good product, I'm satisfied.",5,2021-06-20,C799377,Adam Vermeulen,5000,43.0
P02195,Home & Kitchen,Memory Foam Pillow,,4,2023-12-26,C412310,Adam De Wilde,3500,44.0
P06990,Clothing,Running Shoes,"Good product, I'm satisfied.",5,2022-11-16,C472184,Adam Dubois,1050,37.0
P02827,Home & Kitchen,Non-Stick Frying Pan,Not happy with this product.,2,2022-01-09,C219169,Léa Claes,3000,56.0
P07497,Toys & Games,Plush Teddy Bear,"Good product, I'm satisfied.",5,2022-04-25,C899847,Lucas De Smet,5000,38.0
P04109,Books,Marketing Strategy Handbook,"Good product, I'm satisfied.",4,27-11-2024,C805383,,1180,23.0
P02483,Home & Kitchen,Non-Stick Frying Pan,"Good product, I'm satisfied.",5,01-09-2024,C686087,Emma Lefevre,3010,43.0
P01859,Electronics,Wireless Noise-Cancelling Headphones,"It's okay, not great, not terrible.",3,25-03-2023,C892373,Olivia Claes,9000,34.0
P01430,Electronics,USB-C Docking Station,"Good product, I'm satisfied.",4,2024-01-15,C689356,Sophie De Smet,118,36.0
P03584,Beauty,Matte Liquid Lipstick,"Good product, I'm satisfied.",5,21-11-2021,C508024,Sophie Vermeulen,2000,28.0
P08560,Sports & Outdoors,Stainless Steel Water Bottle,Not happy with this product.,2,2023-06-24,C217358,Arthur De Wilde,9000,20.0
P05671,Groceries,Extra Virgin Olive Oil,"It's okay, not great, not terrible.",3,08-08-2021,C335018,Lucas Bosmans,5000,23.0
P04456,Books,Psychology of Habits,"Good product, I'm satisfied.",4,28-06-2022,C208970,Ava Claes,,19.0
P01183,Electronics,Bluetooth Portable Speaker,"Good product, I'm satisfied.",4,2024-03-08,C252383,Sophie Bosmans,1011,21.0
P06202,Clothing,Basic Cotton T-Shirt,Not happy with this product.,1,2024-06-13,C377912,Sophie Bosmans,2000,24.0
P02141,Home & Kitchen,Memory Foam Pillow,"Good product, I'm satisfied.",4,2023-07-27,C562966,Lucas Bosmans,350,34.0
P03142,Beauty,SPF 50 Daily Sunscreen,"Good product, I'm satisfied.",4,21-10-2022,C571579,Zoë De Wilde,201,28.0
P02596,Home & Kitchen,Stainless Steel Cookware Set,"It's okay, not great, not terrible.",3,2024-11-28,C840951,Louis Maes,301,39.0
P01495,Electronics,Wireless Noise-Cancelling Headphones,"Good product, I'm satisfied.",5,2023-03-11,C695905,Noor Maes,118,39.0
P02897,Home & Kitchen,Electric Kettle 1.7L,"It's okay, not great, not terrible.",3,2021-03-16,C900133,Léa Vermeulen,1180,34.0
P07882,Toys & Games,Educational Puzzle Set,"Good product, I'm satisfied.",4,06-01-2024,C826528,Mila Bosmans,105,42.0
P07643,Toys & Games,Educational Puzzle Set,"Good product, I'm satisfied.",4,23-01-2022,C850932,Emma Vermeulen,3500,41.0
P02775,Home & Kitchen,Espresso Coffee Machine,Not happy with this product.,1,2022/08/20,C398580,Arthur Hendriks,301,
P07606,Toys & Games,Building Blocks Set,"It's okay, not great, not terrible.",3,01-05-2022,C114760,Léa Bosmans,5000B,30.0
P08625,Sports & Outdoors,Yoga Mat Non-Slip,"Good product, I'm satisfied.",4,28-05-2021,C796678,Liam Lefevre,1011,34.0
P08103,Sports & Outdoors,Yoga Mat Non-Slip,"Good product, I'm satisfied.",4,2021-10-12,C579114,Adam Bosmans,3000,32.0
P01810,Electronics,Gaming Mouse Pro Series,,4,2023-03-16,C682296,Olivia Vermeulen,3000,39.0
P05525,Groceries,Granola with Nuts,Not happy with this product.,2,2022-11-15,C549744,Noah Martens,1180,21.0
P01477,Electronics,USB-C Docking Station,Not happy with this product.,1,2021-09-10,C692954,Mila Claes,3010,28.0
P10508,Garden,Herb Seeds Mix,,5,2023-10-31,C196691,Finn Peeters,1011,38.0
P10247,Garden,Garden Hose 20m,"Good product, I'm satisfied.",5,2024-08-10,C160753,Noah Maes,3010,23.0
P01474,Electronics,Bluetooth Portable Speaker,"Good product, I'm satisfied.",5,2023/06/04,C619840,Finn Maes,3000B,22.0
P06765,Clothing,Basic Cotton T-Shirt,"Good product, I'm satisfied.",4,2024/07/31,C306508,Lucas Claes,2018,36.0
P01431,Electronics,Smartphone Fast Charger,"Good product, I'm satisfied.",5,2024-06-30,C712458,Emma Bosmans,2000,20.0
P02744,Home & Kitchen,Espresso Coffee Machine,"It's okay, not great, not terrible.",3,2022-08-06,C500982,Mila Peeters,1011,26.0
P03867,Beauty,Hydrating Face Serum,"Good product, I'm satisfied.",5,2023-01-28,C913960,Ava Vermeulen,201,31.0
P01152,Electronics,Bluetooth Portable Speaker,"Good product, I'm satisfied.",4,2021/05/06,C892470,Noah Janssen,2018B,30.0
P02683,Home & Kitchen,Non-Stick Frying Pan,Not happy with this product.,1,2024-05-02,C576547,Zoë Lefevre,2000,
P01554,Electronics,Gaming Mouse Pro Series,"Good product, I'm satisfied.",4,2022-05-31,C101972,Ava Janssen,3010,28.0
P08860,Sports & Outdoors,Yoga Mat Non-Slip,"Good product, I'm satisfied.",5,2021-09-10,C595540,Noah Bosmans,3500A,19.0
P01452,Electronics,Laptop Stand Aluminum,"Good product, I'm satisfied.",5,2024-09-06,C681062,Ava Bosmans,200,35.0
P02516,Home & Kitchen,Electric Kettle 1.7L,Not happy with this product.,1,21-04-2022,C318011,Sophie Peeters,3010,37.0
P01139,Electronics,Wireless Keyboard and Mouse Combo,Not happy with this product.,2,2022-03-14,C671559,Olivia Claes,2000,18.0
P06878,Clothing,Slim Fit Jeans,"It's okay, not great, not terrible.",3,2023-02-16,C505095,Mila De Smet,2000,52.0
P03722,Beauty,Anti-Frizz Hair Oil,Not happy with this product.,2,13-04-2021,C617594,Noor Lefevre,3000,
P01852,Electronics,4K Ultra HD Smart TV,Not happy with this product.,2,2021-05-27,C103410,Liam Dubois,2018,23.0
P10615,Garden,LED Grow Light,"It's okay, not great, not terrible.",3,25-08-2021,C668843,Arthur Hendriks,2018,38.0
P02631,Home & Kitchen,Memory Foam Pillow,"Good product, I'm satisfied.",5,2024-10-23,C909874,,,70.0
P01578,Electronics,Smartphone Fast Charger,Not happy with this product.,2,24-09-2021,C571116,Adam De Smet,9000,27.0
P03477,Beauty,Anti-Frizz Hair Oil,"It's okay, not great, not terrible.",3,2021-05-23,C952971,Noor Bosmans,3500,37.0
P01548,Electronics,Smartphone Fast Charger,"Good product, I'm satisfied.",4,2023-02-27,C239970,Emma De Smet,2018,49.0
P02679,Home & Kitchen,Non-Stick Frying Pan,"Good product, I'm satisfied.",5,09-01-2022,C585496,Liam Peeters,3500,25.0
P05212,Groceries,Whole Bean Coffee Dark Roast,Not happy with this product.,1,2024-08-10,C223605,Noor Lefevre,3000,29.0
P03351,Beauty,Matte Liquid Lipstick,,5,2022-05-09,C373407,Noah Janssen,1050,37.0
P09306,Office Supplies,Gel Ink Pens Pack,"Good product, I'm satisfied.",4,2023-10-08,C114047,,9000,42.0
P05684,Groceries,Extra Virgin Olive Oil,"Good product, I'm satisfied.",4,2022-02-09,C631047,Zoë Claes,900,37.0
P02864,Home & Kitchen,Non-Stick Frying Pan,"Good product, I'm satisfied.",5,2023-09-05,C964969,Ava Vermeulen,3000,59.0
P03296,Beauty,Anti-Frizz Hair Oil,"Good product, I'm satisfied.",4,2024-07-16,C902373,Lucas De Wilde,3500,19.0
P06202,Clothing,Slim Fit Jeans,"Good product, I'm satisfied.",4,27-10-2024,C438590,Lucas Martens,1050,57.0
P02539,Home & Kitchen,Espresso Coffee Machine,"It's okay, not great, not terrible.",3,2023/10/12,C707275,Ava Vermeulen,5000A,44.0
P03670,Beauty,Matte Liquid Lipstick,"Good product, I'm satisfied.",5,2021-11-11,C417884,Ava Janssen,9000,37.0
P03413,Beauty,Anti-Frizz Hair Oil,Not happy with this product.,2,2023-03-29,C632724,Liam Martens,1050,37.0
P06180,Clothing,Basic Cotton T-Shirt,"Good product, I'm satisfied.",4,20-02-2021,C292947,Emma Dubois,3500,23.0
P04902,Books,Thriller Novel: The Last Signal,"It's okay, not great, not terrible.",3,2022/09/29,C110282,Ava Dubois,2018,39.0
P02420,Home & Kitchen,Espresso Coffee Machine,"Good product, I'm satisfied.",4,2024-12-01,C892512,Sophie De Smet,118,28.0
P06170,Clothing,Running Shoes,"Good product, I'm satisfied.",5,24-10-2022,C997784,Léa Hendriks,2018,18.0
P02311,Home & Kitchen,Air Purifier with HEPA Filter,"Good product, I'm satisfied.",5,2022-09-26,C516466,Lucas De Wilde,2000,43.0
P08310,Sports & Outdoors,Stainless Steel Water Bottle,"It's okay, not great, not terrible.",3,2024-07-28,C229469,Liam Martens,3010,66.0
P03326,Beauty,Anti-Frizz Hair Oil,Not happy with this product.,2,11-07-2024,C161188,,1050,37.0
P02603,Home & Kitchen,Dish Drying Rack,"Good product, I'm satisfied.",5,2023/03/30,C925135,Adam Hendriks,5000,33.0
P08187,Sports & Outdoors,Stainless Steel Water Bottle,"Good product, I'm satisfied.",4,2021/12/02,C737504,Adam Dubois,5000,26.0
P01965,Electronics,USB-C Docking Station,"It's okay, not great, not terrible.",3,2023-11-04,C765383,Olivia De Smet,1050,23.0
P02885,Home & Kitchen,Stainless Steel Cookware Set,"It's okay, not great, not terrible.",3,2021-10-31,C406377,Adam Claes,3000,41.0
P07373,Toys & Games,Educational Puzzle Set,Not happy with this product.,2,01-07-2023,C820360,Olivia Bosmans,9000,42.0
P03118,Beauty,Matte Liquid Lipstick,"Good product, I'm satisfied.",4,17-02-2023,C340986,Adam Hendriks,,28.0
P02840,Home & Kitchen,Memory Foam Pillow,"Good product, I'm satisfied.",5,08-08-2024,C329141,Finn Hendriks,2018,49.0
P02265,Home & Kitchen,Memory Foam Pillow,"Good product, I'm satisfied.",5,16-01-2023,C267643,Sophie Vermeulen,2018,21.0
P02394,Home & Kitchen,Non-Stick Frying Pan,"Good product, I'm satisfied.",5,2021-07-03,C941001,Olivia Peeters,3500,37.0
P01783,Electronics,Gaming Mouse Pro Series,"It's okay, not great, not terrible.",3,2023/03/12,C499277,Liam Vermeulen,3500,31.0
P05823,Groceries,Gluten-Free Pasta,Not happy with this product.,2,2023-03-08,C272117,Louis Lefevre,3000,42.0
P02324,Home & Kitchen,Memory Foam Pillow,"It's okay, not great, not terrible.",3,2021-02-10,C269409,Léa Lefevre,1011,40.0
P02391,Home & Kitchen,Memory Foam Pillow,"Good product, I'm satisfied.",5,11-12-2021,C589033,Arthur Hendriks,3000,36.0
P02339,Home & Kitchen,Espresso Coffee Machine,"Good product, I'm satisfied.",5,21-10-2023,C333177,Sophie De Smet,1011,20.0
P02465,Home & Kitchen,Air Purifier with HEPA Filter,Not happy with this product.,2,2024/09/07,C321086,Lucas Dubois,1011,36.0
P02594,Home & Kitchen,Dish Drying Rack,"Good product, I'm satisfied.",4,2023-09-27,C605642,Léa Janssen,3000,30.0
P03695,Beauty,Volumizing Mascara,"Good product, I'm satisfied.",5,10-07-2024,C603825,Finn Lefevre,3000,25.0
P01868,Electronics,Wireless Noise-Cancelling Headphones,"Good product, I'm satisfied.",5,2022-09-12,C147928,Arthur De Smet,1011,42.0
P01780,Electronics,Wireless Noise-Cancelling Headphones,"Good product, I'm satisfied.",5,2023-03-13,C509451,Ava Dubois,2018,21.0
P02899,Home & Kitchen,Stainless Steel Cookware Set,"Good product, I'm satisfied.",5,2024-12-17,C791450,Mila Bosmans,1011,26.0
P01253,Electronics,4K Ultra HD Smart TV,"Good product, I'm satisfied.",4,2023/05/31,C422417,Liam De Smet,3010,45.0
P06957,Clothing,Running Shoes,"Good product, I'm satisfied.",5,2021/12/13,C804633,Adam Martens,3010,25.0
P01966,Electronics,Wireless Keyboard and Mouse Combo,"Good product, I'm satisfied.",5,2022-08-25,C778998,Sophie Lefevre,2018,33.0
P05902,Groceries,Granola with Nuts,"Good product, I'm satisfied.",4,2022-11-24,C569694,Liam Hendriks,3500,19.0
P09614,Office Supplies,Notebook A5 Lined,"Good product, I'm satisfied.",5,2024-10-26,C214346,,3500,38.0
P02496,Home & Kitchen,Electric Kettle 1.7L,"Good product, I'm satisfied.",4,18-04-2021,C528625,Léa Martens,1050A,37.0
P02390,Home & Kitchen,Memory Foam Pillow,"Good product, I'm satisfied.",4,2022-11-14,C493370,Noor De Wilde,500,46.0
P09821,Office Supplies,Wireless Computer Mouse,Not happy with this product.,2,2021-06-15,C757643,Sophie De Smet,2000,40.0
P08274,Sports & Outdoors,Yoga Mat Non-Slip,"It's okay, not great, not terrible.",3,11-04-2024,C820344,Léa Janssen,1011,37.0
P09457,Office Supplies,Notebook A5 Lined,"It's okay, not great, not terrible.",3,23-10-2021,C478387,Adam Dubois,2018,53.0
P01284,Electronics,Gaming Mouse Pro Series,Not happy with this product.,2,2021-10-09,C324597,Lucas Claes,1011,42.0
P02104,Home & Kitchen,Non-Stick Frying Pan,"It's okay, not great, not terrible.",3,2021-10-23,C778158,Arthur De Wilde,1050,27.0
P03578,Beauty,Volumizing Mascara,Not happy with this product.,2,22-09-2024,C909844,Ava Bosmans,1180,35.0
P02666,Home & Kitchen,Espresso Coffee Machine,"Good product, I'm satisfied.",4,2023-08-28,C166595,,3010,38.0
P03465,Beauty,SPF 50 Daily Sunscreen,"Good product, I'm satisfied.",5,2023-05-24,C120217,Noor Martens,2000,36.0
P08395,Sports & Outdoors,Yoga Mat Non-Slip,"Good product, I'm satisfied.",5,2024-10-22,C613273,Ava Vermeulen,1050,43.0
P02916,Home & Kitchen,Espresso Coffee Machine,"Good product, I'm satisfied.",5,2022-01-06,C952539,Sophie Lefevre,1180,39.0
P02676,Home & Kitchen,Memory Foam Pillow,,3,2024/07/14,C214240,Sophie Vermeulen,3000,40.0
P10697,Garden,Indoor Plant Pot,"It's okay, not great, not terrible.",3,2022/02/26,C931681,Léa De Wilde,5000,44.0
P03698,Beauty,SPF 50 Daily Sunscreen,"It's okay, not great, not terrible.",3,2022/03/26,C549245,Zoë De Wilde,3500,26.0
P01407,Electronics,Gaming Mouse Pro Series,"Good product, I'm satisfied.",4,2024-02-27,C963738,Louis Janssen,5000A,62.0
P03680,Beauty,Matte Liquid Lipstick,"It's okay, not great, not terrible.",3,2021/02/10,C960630,Zoë De Smet,3000,22.0
P01112,Electronics,Bluetooth Portable Speaker,,3,2022-08-15,C490305,Emma Dubois,3500,53.0
P01612,Electronics,USB-C Docking Station,"Good product, I'm satisfied.",4,2021-01-15,C837877,Liam De Wilde,2000,40.0
P01928,Electronics,Smartphone Fast Charger,"Good product, I'm satisfied.",5,2022-11-25,C734105,Léa Janssen,1180,23.0
P01900,Electronics,Bluetooth Portable Speaker,"It's okay, not great, not terrible.",3,2024/09/19,C179974,Lucas Bosmans,3000,38.0
P06619,Clothing,Slim Fit Jeans,Not happy with this product.,1,2021/03/21,C256080,Adam Claes,3000,34.0
P01112,Electronics,Gaming Mouse Pro Series,"Good product, I'm satisfied.",4,04-11-2024,C882790,Louis De Wilde,1180,35.0
P05222,Groceries,Organic Almond Milk,"Good product, I'm satisfied.",4,28-07-2021,C250331,Mila Lefevre,3500A,44.0
P06471,Clothing,Lightweight Hoodie,"Good product, I'm satisfied.",5,19-04-2024,C882289,Louis De Smet,5000,26.0
P06430,Clothing,Running Shoes,"Good product, I'm satisfied.",5,04-12-2021,C271600,Léa Maes,2000,33.0
P08169,Sports & Outdoors,Yoga Mat Non-Slip,"Good product, I'm satisfied.",4,2024/11/16,C689504,Arthur Hendriks,3500,32.0
P01514,Electronics,Gaming Mouse Pro Series,"Good product, I'm satisfied.",4,2023-05-10,C185678,,101,38.0
P02773,Home & Kitchen,Air Purifier with HEPA Filter,"Good product, I'm satisfied.",4,2021-06-10,C274544,Adam Maes,118,44.0
P02714,Home & Kitchen,Dish Drying Rack,"Good product, I'm satisfied.",4,2022-04-18,C319011,Noah Dubois,101,36.0
P01443,Electronics,Smartphone Fast Charger,Not happy with this product.,1,2023-06-22,C789975,Arthur Claes,9000,30.0
P01128,Electronics,Bluetooth Portable Speaker,"Good product, I'm satisfied.",5,2024-01-11,C727459,Zoë Janssen,9000A,34.0
P02460,Home & Kitchen,Espresso Coffee Machine,"Good product, I'm satisfied.",4,22-01-2021,C660630,Louis Bosmans,1180,44.0
P02310,Home & Kitchen,Espresso Coffee Machine,"Good product, I'm satisfied.",4,2021-05-24,C646841,Mila Maes,3010,29.0
P02198,Home & Kitchen,Stainless Steel Cookware Set,"Good product, I'm satisfied.",4,20-12-2022,C507233,Noah Claes,1011,39.0
P07650,Toys & Games,Building Blocks Set,"Good product, I'm satisfied.",5,2023-04-13,C884040,,5000,27.0
P02216,Home & Kitchen,Espresso Coffee Machine,"Good product, I'm satisfied.",4,2023/10/19,C520006,Mila Peeters,1011,18.0
P03920,Beauty,SPF 50 Daily Sunscreen,"Good product, I'm satisfied.",5,22-07-2022,C336865,Zoë De Smet,300,44.0
P08211,Sports & Outdoors,Stainless Steel Water Bottle,"Good product, I'm satisfied.",4,26-11-2022,C520954,Noor De Wilde,9000,39.0
P03611,Beauty,SPF 50 Daily Sunscreen,"Good product, I'm satisfied.",5,2022-09-09,C741780,Liam Hendriks,2000,41.0
P01352,Electronics,USB-C Docking Station,"Good product, I'm satisfied.",4,27-03-2023,C170238,Finn De Smet,1050,
P10340,Garden,LED Grow Light,"Good product, I'm satisfied.",5,2022-09-22,C428421,Adam Vermeulen,1180,22.0
P08494,Sports & Outdoors,Yoga Mat Non-Slip,Not happy with this product.,1,23-05-2023,C824304,Lucas Maes,3010,24.0
P01320,Electronics,Smartphone Fast Charger,,5,02-05-2023,C327200,Lucas Dubois,1180A,35.0
P08997,Sports & Outdoors,Yoga Mat Non-Slip,"Good product, I'm satisfied.",4,2023-04-14,C638625,Olivia Maes,3010B,30.0
P01472,Electronics,4K Ultra HD Smart TV,,5,12-05-2022,C259281,Noah Peeters,1180,27.0
P01285,Electronics,Laptop Stand Aluminum,"Good product, I'm satisfied.",4,2023-12-25,C461940,Léa Bosmans,1180,25.0
P04219,Books,Cookbook: Easy Weeknight Meals,Not happy with this product.,2,2022/07/29,C767122,Louis Lefevre,2018,37.0
P04867,Books,Beginner's Guide to Python,"Good product, I'm satisfied.",5,2022-04-13,C326394,Ava Maes,9000,36.0
P05663,Groceries,Extra Virgin Olive Oil,"Good product, I'm satisfied.",5,03-04-2023,C983877,Noah De Wilde,9000,34.0
P02882,Home & Kitchen,Memory Foam Pillow,"Good product, I'm satisfied.",4,2021-09-01,C676566,Ava De Wilde,3000,20.0
P01948,Electronics,Laptop Stand Aluminum,"Good product, I'm satisfied.",5,2022-04-28,C659541,Léa Dubois,2018,25.0
P01149,Electronics,USB-C Docking Station,Not happy with this product.,2,2023-04-15,C314647,Ava Dubois,3500A,39.0
P02324,Home & Kitchen,Air Purifier with HEPA Filter,"Good product, I'm satisfied.",5,04-01-2023,C122366,Finn Dubois,1180,53.0
P10536,Garden,Indoor Plant Pot,"Good product, I'm satisfied.",4,2024-07-01,C845882,Mila Maes,300,41.0
P01768,Electronics,Smartphone Fast Charger,Not happy with this product.,1,18-06-2021,C184649,Noor Janssen,3010,42.0
P01582,Electronics,4K Ultra HD Smart TV,"Good product, I'm satisfied.",4,2022/01/17,C930933,Emma Dubois,1180,31.0
P08802,Sports & Outdoors,Stainless Steel Water Bottle,"Good product, I'm satisfied.",5,2022-12-31,C491993,Noor Martens,3000,22.0
P07973,Toys & Games,Plush Teddy Bear,"Good product, I'm satisfied.",5,2022/04/09,C162263,Liam De Wilde,1011,26.0
P01201,Electronics,4K Ultra HD Smart TV,"Good product, I'm satisfied.",4,2022/01/28,C959398,Finn Janssen,3500,28.0
P03547,Beauty,Anti-Frizz Hair Oil,"Good product, I'm satisfied.",4,2021-08-29,C383554,Louis Janssen,2018,30.0
P01855,Electronics,USB-C Docking Station,Not happy with this product.,2,07-03-2024,C192500,Noor Maes,,45.0
P01955,Electronics,Smartphone Fast Charger,"Good product, I'm satisfied.",4,2023-05-17,C256782,Noor Bosmans,1011,32.0
P03277,Beauty,SPF 50 Daily Sunscreen,"Good product, I'm satisfied.",4,2023-03-29,C433409,Noor Lefevre,1180B,
P01152,Electronics,Wireless Noise-Cancelling Headphones,"It's okay, not great, not terrible.",3,2022/02/20,C343523,Lucas Lefevre,3500,31.0
P01180,Electronics,Wireless Noise-Cancelling Headphones,,5,13-04-2021,C398350,Léa Lefevre,301,22.0
P02916,Home & Kitchen,Memory Foam Pillow,"Good product, I'm satisfied.",5,2024-06-02,C396022,Arthur Maes,2000B,39.0
P05813,Groceries,Gluten-Free Pasta,"Good product, I'm satisfied.",5,18-09-2023,C517426,Arthur Dubois,5000,25.0
P01151,Electronics,Gaming Mouse Pro Series,Not happy with this product.,2,2021-07-12,C495439,Arthur Hendriks,500,33.0
P02879,Home & Kitchen,Memory Foam Pillow,"It's okay, not great, not terrible.",3,2023-04-28,C980521,Lucas De Smet,,42.0
P08988,Sports & Outdoors,Camping Lantern Rechargeable,"Good product, I'm satisfied.",4,2021/05/14,C840618,Olivia Peeters,1011,69.0
P05713,Groceries,Gluten-Free Pasta,"Good product, I'm satisfied.",5,2024-06-15,C550405,Sophie De Smet,2018,32.0
P01601,Electronics,Bluetooth Portable Speaker,"Good product, I'm satisfied.",4,2024-04-03,C916365,Finn Dubois,1050A,19.0
P03741,Beauty,Anti-Frizz Hair Oil,"Good product, I'm satisfied.",5,2022-02-11,C339816,Zoë Peeters,,29.0
P09683,Office Supplies,Gel Ink Pens Pack,,3,03-02-2024,C776298,Finn Bosmans,3500,57.0
P05292,Groceries,Gluten-Free Pasta,"Good product, I'm satisfied.",5,2024-05-13,C257212,Noor De Smet,1050,45.0
P02579,Home & Kitchen,Dish Drying Rack,Not happy with this product.,1,2023-05-20,C998362,Finn Hendriks,5000,40.0
P02582,Home & Kitchen,Dish Drying Rack,"Good product, I'm satisfied.",5,2021-07-12,C869881,Ava Janssen,1050,27.0
P01437,Electronics,4K Ultra HD Smart TV,"Good product, I'm satisfied.",4,2024-12-23,C773223,Arthur Peeters,9000,
P10894,Garden,Herb Seeds Mix,"Good product, I'm satisfied.",5,2023-01-08,C812723,Emma De Smet,2000,20.0
P10560,Garden,LED Grow Light,"It's okay, not great, not terrible.",3,2024-06-16,C337011,Arthur Janssen,118,25.0
P10665,Garden,Garden Hose 20m,Not happy with this product.,2,2021/05/11,C390955,Liam Bosmans,3500,32.0
P01180,Electronics,Wireless Noise-Cancelling Headphones,"Good product, I'm satisfied.",5,13-04-2021,C398350,Léa Lefevre,301,22.0
P01946,Electronics,Wireless Keyboard and Mouse Combo,"It's okay, not great, not terrible.",3,2024-12-30,C972000,Mila Claes,900,26.0
P05459,Groceries,Extra Virgin Olive Oil,"It's okay, not great, not terrible.",3,26-09-2023,C818115,Louis Janssen,3000,27.0
P10902,Garden,Garden Hose 20m,"Good product, I'm satisfied.",4,13-02-2024,C923267,Louis Vermeulen,500,26.0
P02289,Home & Kitchen,Espresso Coffee Machine,Not happy with this product.,1,19-03-2024,C174039,Louis Martens,2018,42.0
P06532,Clothing,Running Shoes,Not happy with this product.,1,2022-03-04,C229166,Mila Bosmans,3010,50.0
P02108,Home & Kitchen,Electric Kettle 1.7L,"Good product, I'm satisfied.",5,2021-08-13,C118189,Emma Janssen,5000,33.0
P05208,Groceries,Extra Virgin Olive Oil,"It's okay, not great, not terrible.",3,2024-09-01,C857703,Arthur Bosmans,3010,19.0
P05927,Groceries,Granola with Nuts,"Good product, I'm satisfied.",5,2022/08/27,C322107,Lucas Vermeulen,105,40.0
P01941,Electronics,USB-C Docking Station,Not happy with this product.,1,2022-10-31,C703879,Olivia Hendriks,1050A,41.0
P06917,Clothing,Formal White Shirt,"Good product, I'm satisfied.",4,2023-12-02,C153929,Finn Claes,101,32.0
P01675,Electronics,Laptop Stand Aluminum,"Good product, I'm satisfied.",4,2023-10-05,C629990,Sophie Claes,5000,25.0
P08130,Sports & Outdoors,Yoga Mat Non-Slip,"It's okay, not great, not terrible.",3,18-12-2023,C310144,,2018,62.0
P06639,Clothing,Slim Fit Jeans,"Good product, I'm satisfied.",4,2021/11/04,C611357,Ava Martens,3500,45.0
P08377,Sports & Outdoors,Running Shorts,"It's okay, not great, not terrible.",3,2023-12-31,C818739,Arthur Bosmans,3500B,40.0
P04779,Books,Marketing Strategy Handbook,Very easy to use and install. I use it almost every day for books tasks and it performs very well.,5,2022-12-25,C636087,Emma Janssen,5000,30.0
P02169,Home & Kitchen,Memory Foam Pillow,"Good product, I'm satisfied.",4,27-05-2023,C869721,Arthur Peeters,1050,38.0
P03498,Beauty,Anti-Frizz Hair Oil,Not happy with this product.,1,2022-11-29,C598705,Zoë Maes,500,21.0
P05931,Groceries,Gluten-Free Pasta,"It's okay, not great, not terrible.",3,01-05-2023,C583657,Adam Lefevre,300,33.0
P01184,Electronics,USB-C Docking Station,"Good product, I'm satisfied.",4,2022-02-08,C760548,,3000,74.0
P01363,Electronics,Gaming Mouse Pro Series,"Good product, I'm satisfied.",4,02-04-2021,C116901,Sophie Martens,105,28.0
P09209,Office Supplies,Notebook A5 Lined,"Good product, I'm satisfied.",4,04-08-2024,C992129,Noor Peeters,3010,28.0
P01248,Electronics,Smartphone Fast Charger,Not happy with this product.,1,2024-11-24,C352204,Noor Janssen,1011,38.0
P07904,Toys & Games,Building Blocks Set,"Good product, I'm satisfied.",5,27-09-2023,C843711,Louis Peeters,2018,41.0
P01661,Electronics,USB-C Docking Station,Not happy with this product.,1,2023/05/16,C459508,Noor Dubois,1011,44.0
P02633,Home & Kitchen,Espresso Coffee Machine,,3,02-02-2022,C589492,Léa Peeters,9000,29.0
P01876,Electronics,Smartphone Fast Charger,"Good product, I'm satisfied.",4,2022-10-24,C343967,Olivia Dubois,1180B,38.0
P02906,Home & Kitchen,Non-Stick Frying Pan,"Good product, I'm satisfied.",4,19-03-2023,C337475,Adam Martens,1011,42.0
P04828,Books,Marketing Strategy Handbook,Not happy with this product.,1,2021-02-17,C756596,Adam Martens,5000,41.0
P01920,Electronics,Gaming Mouse Pro Series,"Good product, I'm satisfied.",4,2022/03/25,C370157,Liam Dubois,9000,28.0
P01345,Electronics,4K Ultra HD Smart TV,"Good product, I'm satisfied.",5,2024-11-19,C774414,Noah Claes,3500B,36.0
P06993,Clothing,Lightweight Hoodie,Not happy with this product.,1,2021-10-10,C989587,Arthur Bosmans,2018,41.0
P01620,Electronics,Wireless Keyboard and Mouse Combo,"Good product, I'm satisfied.",5,13-06-2021,C775212,Finn Martens,3010A,22.0
P04443,Books,Psychology of Habits,"It's okay, not great, not terrible.",3,26-08-2022,C527963,Zoë Hendriks,3500,29.0
P08558,Sports & Outdoors,Yoga Mat Non-Slip,"Good product, I'm satisfied.",4,31-12-2021,C464431,Finn Maes,1011,39.0
P08892,Sports & Outdoors,Running Shorts,"Good product, I'm satisfied.",5,2023/09/23,C911669,Lucas Claes,,36.0
P04450,Books,Marketing Strategy Handbook,"Good product, I'm satisfied.",4,2021-02-24,C604582,Noah Maes,3010,32.0
P01654,Electronics,Wireless Keyboard and Mouse Combo,"Good product, I'm satisfied.",4,2024-02-28,C642193,Ava Bosmans,201,21.0
P01906,Electronics,Wireless Noise-Cancelling Headphones,"Good product, I'm satisfied.",4,2021-01-02,C331820,Adam Bosmans,9000,37.0
P06816,Clothing,Running Shoes,"Good product, I'm satisfied.",5,2021-04-19,C417356,Noah Claes,2018,33.0
P06754,Clothing,Formal White Shirt,Not happy with this product.,1,07-06-2022,C894120,Arthur Bosmans,2000,
P02420,Home & Kitchen,Non-Stick Frying Pan,"It's okay, not great, not terrible.",3,09-11-2021,C547494,,,28.0
P01117,Electronics,Laptop Stand Aluminum,"Good product, I'm satisfied.",5,2023-07-13,C335035,Olivia Lefevre,3000,36.0
P01282,Electronics,Smartphone Fast Charger,"Good product, I'm satisfied.",4,12-10-2021,C378185,Arthur Peeters,105,30.0
P08892,Sports & Outdoors,Running Shorts,,2,2023-07-25,C985885,Ava Martens,9000,23.0
P07394,Toys & Games,Plush Teddy Bear,"Good product, I'm satisfied.",4,2023-02-18,C208197,Olivia Peeters,2018,23.0
P04265,Books,Psychology of Habits,"Good product, I'm satisfied.",4,2022-04-19,C650196,Sophie Peeters,1050,27.0
P06282,Clothing,Lightweight Hoodie,"Good product, I'm satisfied.",5,2021-12-18,C460029,Mila Dubois,3010,35.0
P08452,Sports & Outdoors,Stainless Steel Water Bottle,"Good product, I'm satisfied.",5,23-12-2022,C234029,Arthur Martens,9000,29.0
P02240,Home & Kitchen,Espresso Coffee Machine,Not happy with this product.,1,27-02-2021,C461963,Louis Lefevre,900,22.0
P01778,Electronics,Bluetooth Portable Speaker,"Good product, I'm satisfied.",5,2024-07-23,C840429,Liam Maes,1180,33.0
P02201,Home & Kitchen,Electric Kettle 1.7L,"Good product, I'm satisfied.",4,08-03-2021,C208214,Sophie De Wilde,1011,32.0
P07193,Toys & Games,Building Blocks Set,"Good product, I'm satisfied.",5,17-09-2024,C576283,Arthur Dubois,1011B,
P05379,Groceries,Granola with Nuts,"It's okay, not great, not terrible.",3,2023-11-11,C791933,Ava Janssen,1050,40.0
P01833,Electronics,Laptop Stand Aluminum,"Good product, I'm satisfied.",5,2022-05-24,C363746,Olivia De Smet,9000,34.0
P06640,Clothing,Basic Cotton T-Shirt,"Good product, I'm satisfied.",5,2022/09/21,C971636,Emma De Smet,3010,26.0
P02772,Home & Kitchen,Air Purifier with HEPA Filter,"It's okay, not great, not terrible.",3,2023/06/01,C969396,Sophie Vermeulen,1050,25.0
P01409,Electronics,Wireless Noise-Cancelling Headphones,"Good product, I'm satisfied.",5,2023/02/21,C391648,Finn Lefevre,3500,26.0
P02730,Home & Kitchen,Memory Foam Pillow,"Good product, I'm satisfied.",4,2022/06/06,C277639,Ava Vermeulen,,23.0
P01772,Electronics,Smartphone Fast Charger,Not happy with this product.,2,2021/07/08,C773439,,2018,18.0
P02661,Home & Kitchen,Stainless Steel Cookware Set,"Good product, I'm satisfied.",5,2024-06-02,C642701,Mila Bosmans,301,19.0
P02228,Home & Kitchen,Air Purifier with HEPA Filter,"Good product, I'm satisfied.",4,2024-01-03,C716884,Noor Martens,3010,39.0
P03378,Beauty,Volumizing Mascara,"It's okay, not great, not terrible.",3,2021-07-19,C756562,Mila Peeters,9000,37.0
P03650,Beauty,SPF 50 Daily Sunscreen,"Good product, I'm satisfied.",4,20-02-2022,C651146,Noah De Smet,3010,36.0
P02686,Home & Kitchen,Air Purifier with HEPA Filter,"Good product, I'm satisfied.",5,12-04-2024,C363417,Sophie Janssen,2018B,44.0
P06982,Clothing,Running Shoes,"Good product, I'm satisfied.",5,2023-12-22,C808769,Arthur Vermeulen,1180,32.0
P08423,Sports & Outdoors,Stainless Steel Water Bottle,"Good product, I'm satisfied.",5,2021-08-17,C936786,Zoë Bosmans,5000A,58.0
P03556,Beauty,Nourishing Shampoo,"Good product, I'm satisfied.",4,2023-05-17,C506941,Louis Vermeulen,1180,
P01950,Electronics,Wireless Noise-Cancelling Headphones,Not happy with this product.,2,2023-04-01,C918895,Noah Dubois,3000,27.0
P01550,Electronics,USB-C Docking Station,"Good product, I'm satisfied.",4,2021/08/15,C682936,Zoë Bosmans,1180,30.0
P05581,Groceries,Extra Virgin Olive Oil,Not happy with this product.,2,09-01-2022,C842070,Louis Claes,9000,33.0
P06500,Clothing,Slim Fit Jeans,Not happy with this product.,2,2024-03-15,C941574,Mila Bosmans,1180,25.0
P02241,Home & Kitchen,Vacuum Cleaner Pro,"Good product, I'm satisfied.",5,25-10-2024,C384620,Noah Peeters,300,57.0
P10340,Garden,LED Grow Light,"Good product, I'm satisfied.",5,2021/04/01,C823176,Louis Janssen,1180,32.0
P04820,Books,Marketing Strategy Handbook,Not happy with this product.,1,14-08-2024,C311012,Olivia Dubois,1011,29.0
P01348,Electronics,Gaming Mouse Pro Series,"Good product, I'm satisfied.",5,2024-11-13,C493669,Lucas Dubois,1050,38.0
P06526,Clothing,Formal White Shirt,"It's okay, not great, not terrible.",3,2021-09-05,C770000,Louis De Smet,3000,41.0
P08875,Sports & Outdoors,Yoga Mat Non-Slip,"Good product, I'm satisfied.",4,2022-08-20,C253852,Sophie Dubois,3010,35.0
P01775,Electronics,Laptop Stand Aluminum,"Good product, I'm satisfied.",4,30-06-2021,C824520,Ava Vermeulen,3000,31.0
P03726,Beauty,Matte Liquid Lipstick,Not happy with this product.,2,2023-07-07,C471093,,3010,30.0
P01770,Electronics,Bluetooth Portable Speaker,"Good product, I'm satisfied.",5,2021-03-26,C367709,Ava Lefevre,1050B,36.0
P01416,Electronics,Wireless Keyboard and Mouse Combo,,5,2021-05-11,C736628,Liam Dubois,5000,26.0
P03756,Beauty,Anti-Frizz Hair Oil,Not happy with this product.,2,11-09-2024,C276827,Finn De Wilde,3010,47.0
P04253,Books,Thriller Novel: The Last Signal,Not happy with this product.,1,2022-03-05,C286867,Liam Maes,1180,23.0
P04532,Books,Marketing Strategy Handbook,Not happy with this product.,2,2022-10-22,C855939,Sophie Maes,,26.0
P03824,Beauty,Matte Liquid Lipstick,"Good product, I'm satisfied.",5,2023-01-19,C270850,Léa Maes,3000,43.0
P02128,Home & Kitchen,Memory Foam Pillow,"Good product, I'm satisfied.",5,2023-05-14,C929637,Olivia Dubois,1011,40.0
P09297,Office Supplies,Ergonomic Office Chair,"Good product, I'm satisfied.",5,2021-02-17,C637553,Adam Hendriks,3500,30.0
P09736,Office Supplies,Gel Ink Pens Pack,"Good product, I'm satisfied.",4,2023-03-31,C305995,Ava De Smet,1011,43.0
P01739,Electronics,4K Ultra HD Smart TV,Not happy with this product.,2,2022/02/09,C616437,Mila Bosmans,1180,37.0
P04243,Books,Cookbook: Easy Weeknight Meals,"Good product, I'm satisfied.",5,2021-04-18,C722939,Mila Claes,2018,27.0
P01286,Electronics,Wireless Keyboard and Mouse Combo,Not happy with this product.,2,2024/10/31,C661212,Noah Martens,3010,39.0
P07783,Toys & Games,Plush Teddy Bear,Not happy with this product.,1,2021-11-04,C462700,Noah Lefevre,2000,40.0
P06982,Clothing,Slim Fit Jeans,"It's okay, not great, not terrible.",3,2023-10-10,C952924,Léa Vermeulen,1180,34.0
P10779,Garden,LED Grow Light,"It's okay, not great, not terrible.",3,05-08-2024,C988054,Léa Martens,2000,36.0
P01340,Electronics,Gaming Mouse Pro Series,"Good product, I'm satisfied.",4,2021-03-08,C436893,Léa De Wilde,9000,38.0
P10407,Garden,LED Grow Light,"Good product, I'm satisfied.",4,23-08-2024,C817269,Adam Peeters,3000,40.0
P02884,Home & Kitchen,Air Purifier with HEPA Filter,"Good product, I'm satisfied.",5,12-05-2024,C817460,Léa Dubois,1180,45.0
P06697,Clothing,Lightweight Hoodie,"Good product, I'm satisfied.",4,2021-12-10,C796217,Zoë Lefevre,9000,43.0
P01338,Electronics,Bluetooth Portable Speaker,Not happy with this product.,1,20-07-2023,C562066,Emma Martens,2018,36.0
P02456,Home & Kitchen,Memory Foam Pillow,Not happy with this product.,1,2022-08-03,C894520,Mila Lefevre,9000,28.0
P01443,Electronics,Smartphone Fast Charger,"Good product, I'm satisfied.",4,2021/05/20,C414595,Sophie Martens,9000,31.0
P02742,Home & Kitchen,Memory Foam Pillow,"Good product, I'm satisfied.",4,2024-07-18,C168658,Liam Claes,2000B,24.0
P03950,Beauty,Volumizing Mascara,"It's okay, not great, not terrible.",3,15-11-2022,C732658,Lucas Peeters,3000,33.0
P01958,Electronics,Smartphone Fast Charger,"Good product, I'm satisfied.",5,2024-05-04,C179710,Lucas De Wilde,,21.0
P01892,Electronics,USB-C Docking Station,Not happy with this product.,1,2022-07-23,C620131,Liam Lefevre,3000,54.0
P03458,Beauty,Volumizing Mascara,"Good product, I'm satisfied.",5,2021/02/04,C792837,Louis Dubois,3500,37.0
P02309,Home & Kitchen,Stainless Steel Cookware Set,"It's okay, not great, not terrible.",3,2022-01-27,C879158,Louis Janssen,9000,42.0
P03611,Beauty,Anti-Frizz Hair Oil,"Good product, I'm satisfied.",5,2021-01-25,C633279,Finn De Wilde,2000,36.0
P02934,Home & Kitchen,Dish Drying Rack,Not happy with this product.,2,28-01-2024,C176239,Léa De Wilde,2018,43.0
P02268,Home & Kitchen,Electric Kettle 1.7L,"Good product, I'm satisfied.",4,02-01-2024,C308252,Lucas Lefevre,3500,43.0
P09853,Office Supplies,Gel Ink Pens Pack,"It's okay, not great, not terrible.",3,2023-09-05,C746708,Olivia Bosmans,101,70.0
P02732,Home & Kitchen,Memory Foam Pillow,"It's okay, not great, not terrible.",3,2023-07-29,C641751,Noah Hendriks,2000,29.0
P04755,Books,Beginner's Guide to Python,"It's okay, not great, not terrible.",3,2022-09-10,C742640,Adam Lefevre,5000,25.0
P05918,Groceries,Extra Virgin Olive Oil,"Good product, I'm satisfied.",5,2021-05-14,C753476,Zoë Lefevre,3500,37.0
P02760,Home & Kitchen,Air Purifier with HEPA Filter,"Good product, I'm satisfied.",4,2024/04/26,C180114,Léa Vermeulen,3000,26.0
P01599,Electronics,4K Ultra HD Smart TV,"It's okay, not great, not terrible.",3,2021/03/27,C454370,Mila Peeters,1050,27.0
P02549,Home & Kitchen,Stainless Steel Cookware Set,"Good product, I'm satisfied.",5,2021-09-10,C184886,Olivia Vermeulen,9000,27.0
P02286,Home & Kitchen,Memory Foam Pillow,Not happy with this product.,1,2022-07-20,C218323,Adam De Smet,1050,28.0
P01782,Electronics,Laptop Stand Aluminum,"Good product, I'm satisfied.",4,2021-11-14,C482297,Lucas Maes,1050,42.0
P08214,Sports & Outdoors,Running Shorts,"Good product, I'm satisfied.",4,18-06-2024,C487570,Sophie Maes,101,35.0
P01169,Electronics,Wireless Keyboard and Mouse Combo,"It's okay, not great, not terrible.",3,2023-11-04,C469604,Lucas De Smet,300,33.0
P01587,Electronics,Smartphone Fast Charger,Not happy with this product.,2,17-11-2022,C530884,Zoë Dubois,3000,42.0
P02671,Home & Kitchen,Vacuum Cleaner Pro,"Good product, I'm satisfied.",4,2021-01-08,C654156,Sophie Claes,5000,32.0
P03484,Beauty,Anti-Frizz Hair Oil,Quality feels premium and durable. I use it almost every day for beauty tasks and it performs very well.,5,2024-08-27,C791808,Ava Martens,1011,25.0
P06878,Clothing,Slim Fit Jeans,"Good product, I'm satisfied.",4,2024-12-24,C909081,Olivia De Smet,1180,38.0
P02700,Home & Kitchen,Electric Kettle 1.7L,"It's okay, not great, not terrible.",3,2021-03-28,C167379,Liam Maes,1011,30.0
P03885,Beauty,Volumizing Mascara,"Good product, I'm satisfied.",5,2022-04-14,C989841,Adam Maes,1050,28.0
P06601,Clothing,Lightweight Hoodie,Not happy with this product.,1,22-02-2024,C316929,Lucas Bosmans,2000,32.0
P01629,Electronics,Laptop Stand Aluminum,"Good product, I'm satisfied.",5,2021-04-17,C520777,Emma Martens,2000,25.0
P03759,Beauty,Hydrating Face Serum,"Good product, I'm satisfied.",5,2024-01-15,C686523,Liam De Smet,2000,40.0
P02827,Home & Kitchen,Memory Foam Pillow,"It's okay, not great, not terrible.",3,27-11-2023,C540932,Ava Martens,1011,28.0
P04153,Books,Cookbook: Easy Weeknight Meals,,5,2023-06-29,C611278,Emma Martens,1050,45.0
P02657,Home & Kitchen,Non-Stick Frying Pan,Not happy with this product.,1,25-11-2022,C109107,Mila Peeters,5000B,25.0
P03131,Beauty,Anti-Frizz Hair Oil,"Good product, I'm satisfied.",5,2024-07-29,C612349,Noah Lefevre,5000B,44.0
P06448,Clothing,Lightweight Hoodie,"Good product, I'm satisfied.",5,29-05-2023,C930382,Liam Martens,1180,42.0
P06256,Clothing,Slim Fit Jeans,"It's okay, not great, not terrible.",3,2021-01-18,C659580,Zoë Dubois,3500,25.0
P02401,Home & Kitchen,Stainless Steel Cookware Set,"Good product, I'm satisfied.",5,2021-08-01,C282981,Finn De Smet,2018,30.0
P03581,Beauty,Volumizing Mascara,"Good product, I'm satisfied.",5,19-09-2022,C365178,Finn De Smet,1180,43.0
P08202,Sports & Outdoors,Running Shorts,"Good product, I'm satisfied.",5,2024-06-12,C140833,Finn Peeters,9000,24.0
P03518,Beauty,Matte Liquid Lipstick,"Good product, I'm satisfied.",4,23-09-2024,C347660,Mila Maes,2000B,24.0
P04467,Books,Beginner's Guide to Python,Not happy with this product.,2,08-04-2024,C760874,Liam Peeters,9000,25.0
P08257,Sports & Outdoors,Camping Lantern Rechargeable,Not happy with this product.,1,2024-01-18,C311110,Mila Peeters,3500,29.0
P02421,Home & Kitchen,Electric Kettle 1.7L,Not happy with this product.,2,2024-06-10,C942613,Sophie Janssen,3010,40.0
P02930,Home & Kitchen,Stainless Steel Cookware Set,Not happy with this product.,2,21-11-2021,C243747,Emma Vermeulen,3000,28.0
P04620,Books,Marketing Strategy Handbook,"Good product, I'm satisfied.",5,2022-12-19,C856793,Ava De Wilde,2018,54.0
P02235,Home & Kitchen,Electric Kettle 1.7L,"Good product, I'm satisfied.",4,2023-05-19,C482901,,5000,30.0
P07156,Toys & Games,Educational Puzzle Set,Not happy with this product.,1,2021-06-25,C241315,Lucas Bosmans,1011,45.0
P02835,Home & Kitchen,Dish Drying Rack,"It's okay, not great, not terrible.",3,2024-04-01,C158149,,9000,37.0
P02861,Home & Kitchen,Non-Stick Frying Pan,"Good product, I'm satisfied.",4,12-04-2022,C107605,Mila Dubois,1011,45.0
P01111,Electronics,Laptop Stand Aluminum,"Good product, I'm satisfied.",5,2024-08-23,C612544,Liam De Smet,2000,29.0
P01103,Electronics,4K Ultra HD Smart TV,"Good product, I'm satisfied.",5,2022-03-16,C390910,Lucas Dubois,2018,55.0
P08506,Sports & Outdoors,Camping Lantern Rechargeable,"Good product, I'm satisfied.",5,2021/10/08,C819762,Finn De Smet,9000,25.0
P09573,Office Supplies,Notebook A5 Lined,"Good product, I'm satisfied.",5,2023-05-29,C951836,Finn Bosmans,1050,23.0
P01822,Electronics,Smartphone Fast Charger,"It's okay, not great, not terrible.",3,2022-01-09,C329562,Louis Bosmans,1180,45.0
P02464,Home & Kitchen,Memory Foam Pillow,"Good product, I'm satisfied.",4,2022/09/08,C902703,Olivia Martens,1011,62.0
P03727,Beauty,Anti-Frizz Hair Oil,"Good product, I'm satisfied.",4,2024-08-27,C391173,Finn Bosmans,900,26.0
P01876,Electronics,Gaming Mouse Pro Series,"Good product, I'm satisfied.",5,2023-01-21,C965314,Finn Peeters,105,40.0
P01442,Electronics,Wireless Keyboard and Mouse Combo,Not happy with this product.,2,16-10-2023,C115240,Liam Lefevre,9000,33.0
P02766,Home & Kitchen,Vacuum Cleaner Pro,"Good product, I'm satisfied.",5,22-01-2022,C500972,Zoë Martens,2018A,44.0
P08117,Sports & Outdoors,Running Shorts,"Good product, I'm satisfied.",5,2024-12-03,C651366,Léa Hendriks,3500,41.0
P02375,Home & Kitchen,Electric Kettle 1.7L,"Good product, I'm satisfied.",4,01-01-2023,C594525,Noah Martens,1011,34.0
P05618,Groceries,Gluten-Free Pasta,"Good product, I'm satisfied.",4,2024-10-21,C208560,,1050,43.0
P02204,Home & Kitchen,Vacuum Cleaner Pro,"It's okay, not great, not terrible.",3,21-01-2022,C328459,Olivia Maes,2018,22.0
P02154,Home & Kitchen,Stainless Steel Cookware Set,Not happy with this product.,1,27-10-2021,C256884,Arthur Peeters,5000,37.0
P02976,Home & Kitchen,Air Purifier with HEPA Filter,"Good product, I'm satisfied.",5,2023-08-09,C592384,Liam Martens,1180B,22.0
P10710,Garden,LED Grow Light,Not happy with this product.,1,2024-04-26,C400640,Mila Dubois,1050,37.0
P07112,Toys & Games,Educational Puzzle Set,"Good product, I'm satisfied.",5,2024/02/20,C406024,Mila Lefevre,9000,37.0
P02734,Home & Kitchen,Memory Foam Pillow,"Good product, I'm satisfied.",4,2024-04-04,C868040,Zoë Martens,,39.0
P10213,Garden,Indoor Plant Pot,Not happy with this product.,2,2021-10-18,C581430,Zoë De Wilde,3500B,24.0
P07321,Toys & Games,Strategy Board Game,"It's okay, not great, not terrible.",3,2023-02-05,C453694,Olivia De Wilde,2000,70.0
P06315,Clothing,Slim Fit Jeans,Not happy with this product.,1,26-06-2022,C705822,Arthur Martens,3000B,34.0
P03815,Beauty,Nourishing Shampoo,"Good product, I'm satisfied.",4,08-08-2023,C322813,Zoë Claes,3000,29.0
P07901,Toys & Games,Educational Puzzle Set,"It's okay, not great, not terrible.",3,11-02-2023,C806348,Lucas De Smet,3000,23.0
P07193,Toys & Games,Educational Puzzle Set,"It's okay, not great, not terrible.",3,2021/11/23,C931174,Arthur Dubois,9000,62.0
P07443,Toys & Games,Plush Teddy Bear,"Good product, I'm satisfied.",4,2023-07-25,C635294,Lucas Peeters,3000,34.0
P01825,Electronics,USB-C Docking Station,"Good product, I'm satisfied.",5,2024-03-23,C685084,Noah Claes,2000B,19.0
P01964,Electronics,Smartphone Fast Charger,"It's okay, not great, not terrible.",3,31-12-2023,C132108,Léa Lefevre,1011,41.0
P02541,Home & Kitchen,Non-Stick Frying Pan,"It's okay, not great, not terrible.",3,2022-09-16,C293818,Ava Claes,2000,19.0
P10933,Garden,LED Grow Light,"It's okay, not great, not terrible.",3,2022-11-07,C178244,Mila Dubois,3500,29.0
P06672,Clothing,Running Shoes,"It's okay, not great, not terrible.",3,2024-01-21,C701744,Liam De Smet,1180,33.0
P05139,Groceries,Organic Almond Milk,Not happy with this product.,2,30-07-2021,C939722,Noah Janssen,9000,49.0
P05580,Groceries,Whole Bean Coffee Dark Roast,Not happy with this product.,2,2023-01-16,C318463,Lucas Claes,5000,
P02580,Home & Kitchen,Non-Stick Frying Pan,"Good product, I'm satisfied.",4,2022-09-15,C702977,Arthur Peeters,1050,21.0
P03283,Beauty,Hydrating Face Serum,"Good product, I'm satisfied.",5,2024-04-17,C991737,Lucas Janssen,1180,43.0
P05677,Groceries,Granola with Nuts,"Good product, I'm satisfied.",5,2023-01-08,C635552,Arthur Bosmans,5000,27.0
P02545,Home & Kitchen,Memory Foam Pillow,Great value for money. I use it almost every day for home & kitchen tasks and it performs very well.,5,2021-10-08,C915806,Louis Peeters,5000,34.0
P02531,Home & Kitchen,Non-Stick Frying Pan,"Good product, I'm satisfied.",5,2021-12-20,C393768,Noah Vermeulen,3000,40.0
P05919,Groceries,Granola with Nuts,"It's okay, not great, not terrible.",3,2022/05/21,C291224,Léa Martens,1180,41.0
P06685,Clothing,Basic Cotton T-Shirt,"It's okay, not great, not terrible.",3,17-08-2024,C394907,Adam Martens,9000A,38.0
P08661,Sports & Outdoors,Stainless Steel Water Bottle,"Good product, I'm satisfied.",4,2024-06-09,C375617,Noah Vermeulen,3500,36.0
P10574,Garden,Indoor Plant Pot,Not happy with this product.,1,2023-07-17,C188536,Noah Maes,,27.0
P01318,Electronics,USB-C Docking Station,"Good product, I'm satisfied.",5,2023-08-21,C456156,Noor Martens,3500,45.0
P09114,Office Supplies,Gel Ink Pens Pack,,5,26-01-2022,C983708,Emma De Smet,1050,21.0
P09911,Office Supplies,Gel Ink Pens Pack,"Good product, I'm satisfied.",5,2023-12-14,C882498,Léa Maes,1050,44.0
P02126,Home & Kitchen,Electric Kettle 1.7L,"Good product, I'm satisfied.",5,2024-03-24,C195763,Noah Hendriks,2000,33.0
P02414,Home & Kitchen,Memory Foam Pillow,Not happy with this product.,2,2023-07-08,C628263,Lucas Lefevre,2018,32.0
P06626,Clothing,Lightweight Hoodie,Not happy with this product.,1,09-10-2023,C169529,Lucas De Wilde,2018,44.0
P07395,Toys & Games,Strategy Board Game,Not happy with this product.,1,2024-08-20,C802615,Olivia Dubois,5000,50.0
P04393,Books,Thriller Novel: The Last Signal,"Good product, I'm satisfied.",5,25-12-2021,C846172,Finn Janssen,5000B,44.0
P02446,Home & Kitchen,Vacuum Cleaner Pro,"Good product, I'm satisfied.",4,2023-06-22,C369088,Ava Martens,1050B,43.0
P02790,Home & Kitchen,Stainless Steel Cookware Set,"Good product, I'm satisfied.",4,2021/10/05,C203863,Olivia Claes,5000,58.0
P02880,Home & Kitchen,Air Purifier with HEPA Filter,"Good product, I'm satisfied.",5,03-12-2022,C176466,Olivia Hendriks,1011,27.0
P01431,Electronics,Bluetooth Portable Speaker,"Good product, I'm satisfied.",5,20-11-2021,C263984,Noah Lefevre,3500,40.0
P02400,Home & Kitchen,Dish Drying Rack,"Good product, I'm satisfied.",5,2023-12-23,C733216,Adam Hendriks,200,21.0
P10249,Garden,Garden Hose 20m,"Good product, I'm satisfied.",5,22-02-2022,C980155,Emma Bosmans,2000,44.0
P06322,Clothing,Basic Cotton T-Shirt,Not happy with this product.,2,2022-05-21,C768934,Lucas Claes,9000,34.0
P01312,Electronics,Laptop Stand Aluminum,"Good product, I'm satisfied.",4,25-05-2022,C328514,Lucas Martens,9000,18.0
P02815,Home & Kitchen,Electric Kettle 1.7L,"It's okay, not great, not terrible.",3,17-12-2022,C251776,Liam Bosmans,5000,20.0
P01821,Electronics,Wireless Noise-Cancelling Headphones,Not happy with this product.,2,06-03-2024,C299957,Lucas Dubois,1180,28.0
P03272,Beauty,Hydrating Face Serum,Not happy with this product.,1,10-12-2022,C355729,Sophie Hendriks,2000,28.0
P08200,Sports & Outdoors,Yoga Mat Non-Slip,"Good product, I'm satisfied.",4,2022-01-04,C132654,Mila Hendriks,,26.0
P01270,Electronics,4K Ultra HD Smart TV,Not happy with this product.,1,2023-05-19,C306954,Louis Peeters,2018,42.0
P07429,Toys & Games,Educational Puzzle Set,Not happy with this product.,1,24-08-2023,C179918,Léa De Wilde,2018,48.0
P08428,Sports & Outdoors,Camping Lantern Rechargeable,Not happy with this product.,1,2021-02-27,C180654,Sophie Hendriks,1050,49.0
P02570,Home & Kitchen,Vacuum Cleaner Pro,"It's okay, not great, not terrible.",3,26-10-2024,C659024,,1011,32.0
P02628,Home & Kitchen,Non-Stick Frying Pan,"Good product, I'm satisfied.",5,2021-11-03,C737787,Noor Hendriks,900,45.0
P04873,Books,Marketing Strategy Handbook,,1,2024-04-20,C171105,Léa Peeters,500,25.0
P02238,Home & Kitchen,Electric Kettle 1.7L,Not happy with this product.,2,2022-06-05,C950867,Louis Bosmans,,30.0
P02555,Home & Kitchen,Espresso Coffee Machine,"Good product, I'm satisfied.",5,2021-06-30,C620015,Finn De Wilde,9000,71.0
P02800,Home & Kitchen,Memory Foam Pillow,"It's okay, not great, not terrible.",3,2021/01/21,C258220,Zoë Maes,3000,69.0
P01578,Electronics,Bluetooth Portable Speaker,"Good product, I'm satisfied.",4,2024-09-10,C715326,Lucas Martens,2000,36.0
P02469,Home & Kitchen,Vacuum Cleaner Pro,,5,2022-08-31,C800898,Zoë Peeters,1180,36.0
P01692,Electronics,Wireless Noise-Cancelling Headphones,"Good product, I'm satisfied.",5,2023-10-31,C815169,Lucas Peeters,5000,30.0
P08530,Sports & Outdoors,Stainless Steel Water Bottle,"Good product, I'm satisfied.",5,2024-01-23,C655682,Emma Lefevre,,32.0
P04158,Books,Cookbook: Easy Weeknight Meals,"Good product, I'm satisfied.",5,2023-05-13,C766477,Léa Dubois,1011,44.0
P01781,Electronics,Wireless Noise-Cancelling Headphones,"Good product, I'm satisfied.",5,2022-12-02,C543543,Noah Hendriks,,39.0
P01788,Electronics,Smartphone Fast Charger,Not happy with this product.,2,2021-04-05,C425498,Noah De Smet,5000,21.0
P01447,Electronics,4K Ultra HD Smart TV,Not happy with this product.,2,2022-03-09,C828300,Sophie Maes,3500,44.0
